entity_id	business_name	business_address	country
S1-548116192	EXV Immunopharma Inc	733 Pavilion View Drive, Unit A102, Matthews, NC	US
S1-844896591	Modern Packaging Global PC	8935 Georgetown Pike, Fairfax County, VA	US
S1-539879230	Novent Owl PLLC	Des Plaines, IL, 9308 Home Court	US
S1-716830359	Spicer Star Environmental Services LLC	Fl 0, MO, Saint Louis, 9327 Atwood Drive	US
S1-613517393	Haven Exim	A/404, Prathna Greens, Sargasan, Gandhinagar, Gandhinagar, Gandhi Nagar, Gujarat	India
S1-840168502	Modern Coastal Fargo Inc.	1903 Rock Bluff Road, Plattsmouth, NE	US
S1-832050262	Shakti Agro Limited	C/O Gurnav Singh Saluja, Beside Zudio, Kultapara, Sadar, Sambalpur, Orissa	India
S1-201953835	Anderson and Baker Adamas	12106 Proctor, Houston, TX	US
S1-975588880	XBL Kpet	459 Carter Road, Plymouth, CT	US
S1-874660306	Physical Therapy Associates Group	4303 Elkins Avenue, Unit B, Nashville, TN	US
S1-610149670	QFM Med Private Limited	K-12, Shop-20, Second Floor Arcade, Malviya Marg, C-Scheme, Jaipur, Rajasthan	India
S1-109593962	Great Impex Private Limited	6-2-101/5/C, Telangana, Hyderabad, Secunderabad, Lane Beside Centralview Apt New Bhoiguda	India
S1-426267364	Prime Projects Private Limited	S/O M Vasanthan, No.10 West Karikalan Street, Adambakkam, Chennai, Tamil Nadu	India
S1-387997909	Ibby Mcfarland Series LP	1317 Main Avenue, West Fargo, ND	US
S1-424976769	BS Projects	Shop No.- 4, Ground Floor, 59/101 Kanhaiya Plaza, Dalmandi, Canal Road, Kanpur, Uttar Pradesh	India
S1-117525650	Whitley Quasaredge, Inc	1809 Morena Street, Unit 317, Nashville, TN	US
S1-210849781	Urology Partners Inc	6207 Ocean Front Avenue, VA, Virginia Beach City	US
S1-900831254	Foot & Ankle Care Associates PC	3 Farrel Drive, Ansonia, CT	US
S1-961045042	Chandra Frontier Innovations Inc	1803 Mcginnis Court, Harker Heights, TX	US
S1-88224713	Seaways & Associates	Plot No : 318 Village Baska, Taluka - Halol, Vadodara, Panch Mahals, Gujarat	India
S1-586699005	Advanced Intelligence Products	300 Swift Avenue, Unit 5, Durham, NC	US
S1-971293452	Lovue Inc	657 Fordsbush Road, Minden, NY	US
S1-383740360	Sindt and Swaney Inc	Champion, 36861 Van Brocklin Road, NY	US
S1-738693243	LHB Interiors Pvt Ltd	No.12, Prem Nagar, Sewanagar, Gwalior, Madhya Pradesh	India
S1-643535950	Lyrelle Wave LLC	7503 Laytonia Drive, Gaithersburg, MD	US
S1-615771798	Straight Edge Hypnosis	Decatur, AR, 16613 Ar 102 Highway	US
S1-638404069	Samvardhana Brothers Limited	C/O Baban Rangnath Bhosle, Pimpalgaon Peth, Aurangabad, Maharashtra	India
S1-895408600	Caum Unified Chenghe Inc	139 Kelsey Road, Candor, NY	US
S1-927467834	Gopi India Private Limited	C-304 Sushant Lok, Gurgaon, Haryana	India
S1-490725588	Custom Mortgage Works	16840 Cristobal, Marana, AZ	US
S1-205963340	Secure Marketing Technologies LLC	982 Willman Pike, Hartford City, IN	US
S1-879877635	Kiran & Brothers	Srikrishnapuri, Patna, Bihar, Srikrishnapuri, 207B	India
S1-505333132	Clemons Silver Eastern Inc	1619 Julia Park Drive, Spring, TX	US
S1-958297307	Hearn Jersey, LLC	Fairfax County, Unit STE 103, VA, 7336 Route 29	US
S1-312171728	United Algonquin LLC	2845 Woodbrook Avenue, Baltimore, MD	US
S1-481281376	Tonet Corp	409 Hopkins Road, Cosby, TN	US
S1-749145371	Harit Developers Associates	C/O Attar Singh S/O Sh Ganga Lal Vill Gharrot Hathin Palwal, Palwal, Faridabad, Haryana	India
S1-742910577	Pioneer Tech Private Limited	Rz-142, Ground Floor, Vishnu Garden, New Delhi, West Delhi, Delhi	India
S1-59400420	Krystalle Showalter Templeton LLC	Bingham, ME, 27 River Street	US
S1-263067907	Bender Heritage Sunshine Clinic	22633 49, Muscadine, AL	US
S1-754942845	Hall, Rushing & Hall LLC	1755 Paloma Avenue, Gresham, OR	US
S1-320200542	Malissa's Coffee	231 Franklin Street, City Of Mondovi, WI	US
S1-107415535	Punia (India) Investment Private Limited	J-215, Block-J Saket, New Delhi, Delhi	India
S1-951159035	Sai Construction	5Th Floor, Bbr Avenue, Plot No 38, C Block 7/3, Brindavanamu Colony, Kokapet, Rajendranagar, K.V.Rangareddy, Telangana	India
S1-321648485	Herman Total Software LLC	1151 Birdwell Drive, Gallatin, TN	US
S1-369312486	Ocasio American Elm LLC	2107 Mckinley Avenue, Shawnee, OK	US
S1-47773771	Primary Care Specialists Inc.	141-08 71 Road, Flushing, NY	US
S1-297380975	Heartland Jena	3423 60th Street, Lubbock, TX	US
S1-85137538	Trinity Ministries	29 Chauncy Street, Unit 2, Cambridge, MA	US
S1-315874798	Changodar Services	44 C Ashwamegh Industrial Estate Sarkhej-Bavla Highway, Tal- Sanand, Vill., Changodar, Ahmedabad, Gujarat	India
S1-907412145	Maa Media Private Limited	Shivayan Apartment, Block-B, Flat/No-A4 4Th Floor, Aa-5 Prafulla Kanan, Krishna, Kolkata, Kolkata, Howrah, West Bengal	India
S1-105568631	Economic Development Coalition IV	189 Laurel Road, Arden, NC	US
S1-59474645	Harbor Hamilton	2316 Finch Court, Albemarle County, VA	US
S1-416613506	Improve Traders Ltd	Ix/483, Edachira P.O, Ernakulam, Kerala	India
S1-681160793	Divine Educational Society	Plot No 01, Sect-06 Rajani, Khand, Sharda Nagar, Lucknow, Uttar Pradesh	India
S1-599612665	Dream Marketing Private Limited	Uttar Pradesh, Noida, Plot No 27 & 28 Udyog, Gautam Buddha Nagar, Kendra, Ecotech 3, I.D.A	India
S1-529098208	Pinnacle Apparel Ventures, Inc	446 Jackson Point Circle, Huntsville, AL	US
S1-630422386	Ceque Aeon Inc.	102 Jackson Street, Clinton, KY	US
S1-905733846	Henrieta Amador, M.D., PC	320 County Road 1250, Fairfield, TX	US
S1-230376371	CT Resource Private Limited	C/O- Vinod Kumar, Shree Ram Palace Bhoja Market, Atta, Gautam Buddha Nagar, Uttar Pradesh, Noida	India
S1-349961763	N C & V Therapy	36 Maxwell Road, Colonie, NY	US
S1-705083256	Sun Estate Private Limited	Fl-101, 3Rd Floor, Sn-5, Neha Classic Kakade Wasti, Pune City, Pune, Maharashtra	India
S1-637478090	PE Apex Vision Inc.	NY, Stony Point, 103 Crickettown Road	US
S1-447519365	Vindhyachal Sangh	Rajeshwari Bhawan, 141 Ananda Super City Behind Rohilkhand University, Pilibhit B, Ye Pass, Bareilly, Uttar Pradesh	India
S1-991226123	One Infra Private Limited	B-803, Safal Solitaire Corporate Park Nr Divya Bhaskar Press S G Highway Makarba, Ahmedabad, Gujarat	India
S1-528540834	Prairie Investments Inc	5001 Collins Road, Port Orchard, WA	US
S1-294514712	Bright Investment Private Limited	Bhattao Tower, No.3/3, 30, West Cott Road, Royapettah, Chennai-14., Chennai, Tamil Nadu	India
S1-275239484	Mangalshree Services Private Limited	1725 Dariba Kalan Dariba, Kalan Delhi Central, Delhi, North Delhi, Delhi	India
S1-715167399	Artisans Bound Private Limited	1601, Building B, Wing-A, Parshwanath Galaxy Chsl, Near Kasar Vadavali Circle, Ghodbunder R, Oad, Thane, Maharashtra	India
S1-998996872	Vision Care	2011 Randall Road, Indianapolis, IN	US
S1-453593204	American Choice Service LLC	216 Metropolitan Drive, NY, Rochester	US
S1-371260111	Winnifred Delgado, DDS, PC	9814 Dauphine Drive, Charlotte, NC	US
S1-881426134	Family Health LLC	112 Culbertson Street, Fostoria, OH	US
S1-918648567	United Ministries LLC	5315 Sustar Drive, Monroe, NC	US
S1-926626262	Precision Illumination L.L.C.	4849 Fm 2027, Rosebud, TX	US
S1-141017168	NAO Nidhi Limited	D-95, D Block Jhilmil Colony, Shahdra, Delhi, East Delhi, Delhi	India
S1-674328781	Ventura Modern Proshares Inc	2612 29th Street, Unit 2, Washington, DC	US
S1-910159796	Shivam Impex Private Limited	406, Chamunda Dham, Kasturba Road No. 1, Borivali Borivali East, Mumbai, Mumbai, Mumbai City, Maharashtra	India
S1-922626199	Sarasiya Consulting Private Limited	Plot No- 271-A, Vipin Garden Uttam Nagar, New Delhi, West Delhi, Delhi	India
S1-101600459	Cascade Harbors PLLC	1334 Day Place, Covington City, VA	US
S1-653552833	Vivianna Zamora, D.O., DDS PC	6704 88th Street, Oak Lawn, IL	US
S1-432777941	Rj India Pvt Ltd	Officeno6 2Floorbuld A Modibaug Sno161A-1/2-/3/4/1 161-1/6D/1Cts 2254To2260Ganeshkhind Rd S, Hivaji Ngr, Pune, Maharashtra	India
S1-576045669	Padma Holdings	Bhubaneswar, Puri, Orissa, B-21 Saheed Nagar	India
S1-631847737	Shelagh Jones Water Center	MN, Madison, 2476 261st Avenue	US
S1-727686013	Vision Tech Private Limited	Plot No. 12C, North West, Delhi, Mezzanine Floor, Block C2, Pragati Market, Ashok Vihar, P, Hase Ii, Delhi	India
S1-788020043	Interstate Fund	172 Lavender Drive, Waxahachie, TX	US
S1-702250751	Smk Brothers Private Limited	107, Bommasandra, 4Th Phasejigani Indl Area, Bangalore., Karnataka	India
S1-8697128	Value Trading Industries LLC	3205 Winsome Court, Laredo, TX	US
S1-583365562	Jacky Sawyer, O.D., DDS PC	1967 Samples Road, Kilgore, TX	US
S1-953694901	St. Lutheran Church LLC	Crown Point, IN, 787 Ronny Court	US
S1-860358582	India Ss Sun Pvt. Ltd.	Delhi, Gali No.-09 First Floor, Railways Colony, Mandawali New Delhi, New Delhi, H. No. 230/30	India
S1-568735313	Hendricks, Strauss & Mckenna	1102 Ferguson Drive, West Memphis, AR	US
S1-626336589	Tangney, Dull & Russell	60535 630th Street, IA, Atlantic	US
S1-283013172	Kushagra Systems Pvt Ltd	House No - 279, Housing Board Colony, Ext Sector 07, Gurgaon, Haryana	India
S1-906068598	Indian Infra LLP	A-2 88/C Mayur Viharphase Iii, New Delhi, North Delhi, Delhi	India
S1-168546474	Strategic Trading Innovations LLC	VA, 14313 Newbern Loop, Prince William County	US
S1-392583935	Script Tech Private Limited	Sr No 1420, Near, Pune Vidhyarthi Gruha, Pune City, Pune, Maharashtra	India
S1-480229353	New Delhi Resorts Private Limited	Delhi, D-94, 9Th Floor, Himalaya House, 23, K.G. Marg, New Delhi, Central Delhi	India
S1-64045011	Star Lng LLC	500 Villa Dunes Drive, Unit 2, Nags Head, NC	US
S1-978635177	Ware, Elvina, MD, PC	4825 Mcallister Drive, Chesterfield County, VA	US
S1-939215291	Calhoun & Piccolo LLC	4604 Charleston Street, Broken Arrow, OK	US
S1-217654601	Desert Pioneer Railway	AR, Jonesboro, 270 Greene 326 Road	US
S1-562968980	Granger and Lamar	30 Cypress Place, Indian Head, MD	US
S1-837698046	Jbs Entertainment Co	East Delhi, Delhi, 3393, Delhi, Ram Nagar Extention Shahdara	India
S1-262997549	Gabriella's Preferred Security	1013 Girard Avenue, Indianola, IA	US
S1-475037609	Courtright School of Medicine LLC	155 Henderson Road, Mineral Wells, TX	US
S1-781880414	BC Marine LLC	16 Grosvenor Street, Worcester, MA	US
S1-545563302	Orthopedic Modern Care LLC	9705 Evening Canopy Drive, Manor, TX	US
S1-362114529	Aparna Brothers Pvt. Ltd.	Plot No. 49 Blk-B Sector 128 Dwarka Opposite Bal Bhawan Public School, New Delhi, West Delhi, Delhi	India
S1-152979696	Gamut Brothers Associates	Sf-1 & 2, Hexzone Arcade Valia Road, G.I.D.C, Ankleshwar, Ankleshwar, Bharuch, Gujarat	India
S1-986167625	Steel Brothers	201 Link Viewkhandelwal Complex Evershine Nagar Malad (W), Mumbai, Maharashtra	India
S1-56911061	Keystone Environmental Consultants Inc	1809 Fairview Street, Burlington, NC	US
S1-709219556	Sakshi Sai Private Limited	Pranavamchuzhikattu House, Km 4/109/5, Vythiri, Wayanad, Kerala	India
S1-705525324	Custom Plains, LLC	2100 Cornell Drive, Tempe, AZ	US
S1-728501133	Strategic Occupational Therapy Inc	210 Johnston Boulevard, Unit 11, Asheville, NC	US
S1-250899588	Rose Security	City Of Kenosha, WI, 3931 12th Street	US
S1-538808124	D+ Reit, Inc	8 Forman Road, Currie, MN	US
S1-18704024	Value Supply Laboratories Inc	514 Main Street, Hatfield Borough, PA	US
S1-456900390	Urgent Care Gulf Partners LLC	Winterset, 824 4th Avenue, IA	US
S1-892560990	BW Multipurpose Private Limited	Rajahmundry, C/O Kanchipardhasaradhi Vishnupriyaresidency, V.L.Puram, Andhra Pradesh, East Godavari	India
S1-914122601	Mireles Ashford	125 Park Row Avenue, Ventura, CA	US
S1-203757633	India Balakrishna Com Private Limited	South Kalyanpur Pops. Baruipur, Kolkata, Howrah, West Bengal	India
S1-217362890	Gatewood's Iron Works	4500 Dewey Avenue, Unit Unit 16, Greece, NY	US
S1-500971244	Prodyne Group	2360 Georgetown Street, Canton, OH	US
S1-196616325	Modern Global	H.No 3-110/6/G-3, Sri Sai Laxmi Nilayam, Hyderabad, Telangana	India
S1-613595380	Services Mehra Metal Private Limited	Gujarat, 52, 53 5Th Floor, Mohan Nahar Co Op Ho Soc., Surat, Surat City, Plot 51	India
S1-81771195	XX Apex Nippon	5604 Brooklyn Avenue, Kansas City, MO	US
S1-244810289	Celestial Memorial Trust	No. 35, Brentwood Apartments, Defence Colony, 2Nd Main, Indiranagar, Bangalore, Karnataka	India
S1-435517917	Saylors Hawaii, LLC	156 L D Trail, Lonsdale, AR	US
S1-711428258	Great Industries Private Limited	Sec No 1 G/47 Usha Kiran Bangla Near Vishal Residency Indrayanlnagar Bh, Osari, Pune, Maharashtra	India
S1-746372199	Vanguard Infrastructure Alliance L.L.C.	1036 Conductor Drive, Bldg 29385, Plain City, OH	US
S1-414440524	Lumis Dollar LLC	4780 Kempsville Greens Parkway, Virginia Beach City, VA	US
S1-185426989	Little Bistro	MA, 14 Billow Avenue, Revere, Unit B	US
S1-389414274	Benzer Intelli Group	Kolanghattil House, Ward13, No 92, Kalloor Post, Chavakkad, Thrissur, Kerala	India
S1-565373599	Subham & Co	Flat No. 1501, Atlantis, Raheja Arcopolis Complex, Behind Deonar Telecom Factory, Deonar, C, Hembur, Mumbai, Maharashtra	India
S1-872387681	Marieann Orr Value Argentina LLC	4127 Red Clover Drive, Owensboro, KY	US
S1-468108859	Caex Regional Marshall LLC	90 Norfolk Street, Cambridge, MA	US
S1-330794274	Metropolitan Express Stores Inc	1084 Egg Hill Road, Alamo, TN	US
S1-743565110	Voth Investments LP	W9586 Richards Road, Town Of Arlington, WI	US
S1-439203009	Ace Producer Private Limited	H No 847 S No 113/12 Opp Patil Enclave, Pune, Maharashtra	India
S1-545910471	Tree Industries Group Private Limited	4/157, Lucknow, Uttar Pradesh, Vipul Khand Gomti Nagar, Lucknow	India
S1-936281943	Platinum Software Partners Inc	130 Pine Street, Stillman Valley, IL	US
S1-147531129	Das Inframart	Flat No. B-211, Bldg No.2, Palmgroves Nanbhat Road, Vasai, Thane, Maharashtra	India
S1-147889099	Horton and Garner Managed Inc.	11651 State Rt 44, Mantua, OH	US
S1-854707534	Peridyn Chain LLC	NY, Brookhaven, 6 Heron Path	US
S1-568345776	Finance Combat Business Private Limited	I-903, Sector-37D, Ramprastha City, The Edge, Sadar Bazar, Gurgaon, Haryana	India
S1-698332185	Soto, Vivienne, DO	604 Lillie Boulevard, Madill, OK	US
S1-988131510	Hunger Guild	Eagle Mountain, UT, 1132 Hoof Print Drive	US
S1-299367178	American Legacy Islands Inc	729 Cr 11, Tiffin, OH	US
S1-859171839	Spicy Memorial Trust	Khasra No 1286, Malpura, Agra, Uttar Pradesh	India
S1-414990330	QN Block Inc	5740 59th Avenue, Unit 1121, Glendale, AZ	US
S1-573194865	Dollins Spruce Inc	1016 Village Road, Crystal Lake, IL	US
S1-862038247	Waters & Millar Aimei P.C.	6267 Passing Sky Drive, Security-widefield, CO	US
S1-771118608	CW Custom Rate Inc	1470 Roberts Road, Franklin, IN	US
S1-69291028	Thornburg Peak Marshall	228 Oak Street, Miltona, MN	US
S1-613162935	IK Square Inc.	1350 Greenville Avenue, Unit 1314, Richardson, TX	US
S1-191912983	GH Battery Private Limited	Maharashtra, Mumbai, Seva Sadan Chawl, Rawalpada, Santosh Nagar, Dahisar East, R. No 1	India
S1-155848476	Downtown Bakery	1501 Tacoma Avenue, Unit #202, Tacoma, WA	US
S1-184017157	Star Enterprises Pvt Ltd	903, C Wing, Presidential Towers, L.B.S. Marg, Opp. R. City Mall, Ghatkopa, R (W), Mumbai, Maharashtra	India
S1-497864956	Next Properties Private Limited	703-A, 7Th Floor, Skyline Epitome, Kirol Road Vidhyavihar, Nr. Jolly Gymkhana, Ghatkop, Ar (West), Mumbai, Mumbai City, Maharashtra	India
S1-143612983	Pinnacle Midwest Allstate	24 Oak Pointe Circle, Belleville, IL	US
S1-840853418	1055 First Place Realty, LLC	2617 Lincolnway, Unit 5, Cheyenne, WY	US
S1-420925507	Charity's Certified Media	5209 Stillwood Drive, Wichita Falls, TX	US
S1-603849401	Cowell, Galbraith & Woody Vaneck Inc	800 Wisteria Lane, Foley, AL	US
S1-526762509	J & O Efes	1533 Bonanza Road, Houston, TX	US
S1-237850150	Herber & Kollar Inc	708 Racquet Court, Harker Heights, TX	US
S1-476229978	Delta Premier Maritime	310 Jefferson Avenue, Mason City, IA	US
S1-718618083	Minta Cirillo Shipping	10342 278th Avenue, Village Of Salem Lakes, WI	US
S1-544170333	Henry, Koehler & Walcott	7270 Barnstable Road, Memphis, TN	US
S1-47912482	Bangalore South State Limited	No.47, Sunshine Signature, Sarjapur Road, Carmelaram, Carmelram, Bangalore South, Bangalore South, Bangalore, Karnataka	India
S1-110019767	Girdhari Surveyors Pvt. Ltd.	Gala No. B/144, Naharand Seth Ind Estate, L.B.S. Marg, Bhandup (West), Mumbai, Mumbai City, Maharashtra	India
S1-356156624	Waid Angel	25 New City Street, Essex, CT	US
S1-307099704	Veo Islands LLC	224 Hubert H Humphrey Drive, Chestnut Ridge, NY	US
S1-553350361	Keystone Dividend Company	275 Candlers Mountain Road, Campbell County, VA	US
S1-616790832	Shyam Marketing Private Limited	Flat 3, 1St Floor, 12 Central Lane, Bengali Market, New Delhi, Central Delhi, Delhi	India
S1-681402684	Big 15 Bakery	8220 Sunday Drive, Henrico County, VA	US
S1-203260456	National Clear Therapy LLC	3413 River View Road, East New Market, MD	US
S1-591670838	Kaveraksh Studios Private Limited	Survey No. 43, At: Virpar Tal. Wakaner, Morbi, Rajkot, Gujarat	India
S1-313139340	Willis Debt	1689 Maryland Avenue, Phoenix, AZ	US
S1-605334018	Good Products Private Limited	314, Manito Commanders Marvel, Duo Marvel Layout, Bangalore North, Bangalore, Karnataka	India
S1-581867733	Unique It Private Limited	H.No.17-203/3, Srinagar Colony Nagarkurnool, Mahbubnagar, Nagarkurnool, Telangana	India
S1-798155629	Verrify Packaging, LLC	5488 Expressway Drive, Brookhaven, NY	US
S1-958475533	Big Auto Body	201 High Ridge Trail, Rio Rancho, NM	US
S1-39001923	Pediatric Dentistry Capital Health, Inc	909 Jackson Street, Pittsfield, IL	US
S1-930233312	Prime Seven Impex Private Limited	49-A Dipak Nagar Patel Nagar, Indra Nagar, Lucknow, Uttar Pradesh	India
S1-861667938	FGY Time	572 B, Nemi Sagar Colony Vaishali Marg Vaishali Nagar, Jaipur, Rajasthan	India
S1-419447652	Rina Garcia Coastal Illumination L.L.C.	25682 Wild Rose Lane, Shorewood, MN	US
S1-390838754	Womens Health Allied Care Associates Center	9347 Cosmo Court, New Hartford, NY	US
S1-937665695	Peak Physical Therapy Corp	98 Locust Street, Unit 9, Normal, IL	US
S1-591117448	Velnesoft	2918 49th Place, Des Moines, IA	US
S1-535207976	Rama & Sartin Inc	1509 Maple Springs Church Road, Shelby, NC	US
S1-604460015	Carter Indigo	10265 Murray Boulevard, Unit #205, Beaverton, OR	US
S1-972363721	Universal Foods Pvt Ltd	Plot No.51, No.9, 2Nd Crossway, Aster Court Sea Cliff Conclave, Vgp Golden Beach, Chennai, Tamil Nadu	India
S1-611095267	Sree Ventures Private Limited	Tower-C, Flat-023, Action Area-Iii, North 24 Parganas, West Bengal, Matiaghata, Dlf Heights	India
S1-430336728	QCP Wisconsin Inc.	MT, Billings, 839 1/2 Bench Boulevard	US
S1-32616262	Culberson and Rodgers Chiron PC	N9172 Soo Lake Road, Phillips, WI	US
S1-3006430	Surgical Health Inc	200 Links Lane, Fl GROUND FLOOR, Waterloo, IL	US
S1-890139006	Rightful Institute Private Limited	2-2-5, Osmania, University Road, Musheerabad, Hyderabad, Telangana	India
S1-627921015	Benson Value Starwood	180 Remember Baker Lane, Hartford, VT	US
S1-624061781	Modern Producer Pvt Ltd	Shop No. 5 South Ganesh Nagar, H.No. 65, Delhi, East Delhi, Delhi	India
S1-175412549	Fresh Cafe LLC	354 Bowery, New York, NY	US
S1-757132829	White, Urquidi and Hickerson Four Inc	2807 Hillsborough Road, Unit A, Durham, NC	US
S1-569837313	Luvish Services Company	Valsad, Mithun Park, Hsg, Soc, Daman Road, Chala, Gujarat, D 102, Pardi	India
S1-297037917	IWD Natural Limited	New Delhi, Delhi, Pocket 3 Sector-19 Dwaraka, Flat -489	India
S1-953056518	Candy Finance Private Limited	Bhadgaon, Jalgaon, Betal, Shriram Mangal Karyalay, Maharashtra	India
S1-947134124	Gadhinglaj Industries Private Limited	H. No. 1338, Behind T. K. Kolekar Senior College, Nesari, Tal. Gadhinglaj, Gadhinglaj, Kolhapur, Maharashtra	India
S1-887286027	Sadyne Sony Inc.	1 Stewart Road, Kortright, NY	US
S1-414814376	Services Gajanand Solutions Private Limited	H.No -201 Block -D, Main Road Rahul Vihar-1, Ghaziabad, Uttar Pradesh	India
S1-574902381	Wilson, Chon and Ashe Corp	1108 Clay Street, Glenwood, AR	US
S1-805566443	Wilma Compton Pinnacle Music	832 193rd Street, Shoreline, WA	US
S1-893695207	Oncology Atlantic Health Inc	5925 University Drive, Unit 111, Mesa Falcon Field, AZ	US
S1-342756019	Giralda Greenwood, D.O., PC	184 Turbine 7 Road, Refugio County, TX	US
S1-217209152	2277 Fourth St Associates	15650 Langell Valley Road, Bonanza, OR	US
S1-578232612	Hermia Rocker, DMD, DDS PC	3912 Alma Avenue, Knoxville, TN	US
S1-501181840	Family Medicine LLC	118 Mound Avenue, Miamisburg, OH	US
S1-993066335	Industries Devi Technology Private Limited	1602, Tower No6, Crescent, Bay, Jerbai Wadia Road, Mumbai, Maharashtra	India
S1-806800997	Dee & Co	C-4/70 A Vineet Khand, Gomtinagar, Lucknow, Uttar Pradesh	India
S1-908758233	Congregation Church	929 Ridge Road, Lewiston, NY	US
S1-849670817	Strategic Praetorian	702 N Street, Washington, DC	US
S1-541270202	Sofie Greenman, O.D.	356 Bell Factory Road, Huntsville, AL	US
S1-897382511	Filippone Oyster Inc.	20162 Augusta Drive, Fl 0, Lawrenceburg, IN	US
S1-601132167	Dynamic Energy Private Limited	Bai, Mumbai City, Mumbai, Creative Ind Premises C Soc Lt Gala No 10 Sunder Ngr Rd 2 Kalina Mum, Maharashtra	India
S1-79877232	Westby Sterling Supply Inc	1647 Mary Lou Retton Drive, Fairmont, WV	US
S1-290562654	Qss Farmers Private Limited	Chennai, Tamil Nadu, Chennai, # 55 (125/2), Manali Express Road, Eranavoor	India
S1-364429122	Industries South Consumer Pvt Ltd	76/30/09, Dayanand Marg, Allahabad, Uttar Pradesh	India
S1-765100468	Aa Pharmaceuticals Company	K 62/106-Sapt Sager, Varanasi, Uttar Pradesh	India
S1-443027563	Creative Biosciences LLC	940 Duncan Street, Baltimore, MD	US
S1-986263644	Avan & Brothers	Pl No 2, Opp. Nova Complex, Shivkrupa Ind Estate, Hou Bord Road, Udhna, Surat City, Surat, Gujarat	India
S1-218419423	AKW Interactive Private Limited	C/O Zahir Hussain Katarwa, 04 Floor Grd Plot 11 Mach, Mumbai, Maharashtra	India
S1-295878272	Precision Staffing Corporation	471 Riviera Drive, Lake Arrowhead, CA	US
S1-959437645	Deangelis, Robinson and Cervera LLC	788 Jackson Road, Louisa County, VA	US
S1-508803228	Chambers Plus	1235 Roosevelt Trail, Unit UNIT 16, Raymond, ME	US
S1-54541655	Foster Golden Forefront, LLC	5510 181st Avenue, Douglas County, NE	US
S1-386659816	Optimal Data Enterprises	3771 Deer Valley Drive, Magna City, UT	US
S1-274334419	Salsman Diagnostics	OR, Silverton, 408 Walnut Way	US
S1-464983747	Quality Rain Inc.	386 Rail Tree Hill Road, Woodbury, CT	US
S1-672951415	Hyderabad Research Limited	Flat No.202, No.8/2/456, Road No.4, Banjara Hills, Hyderabad, Telangana	India
S1-379443057	Empire Federation LLC	8115 Taylor Court, Portland, OR	US
S1-614258941	Thompson Heartland Scuti LLC	2071 Rainier Avenue, Bel Air, MD	US
S1-390027045	Laney Architecture, LLC	115 Murphy Road, Unit Ste C, Murphy, TX	US
S1-644978390	Education Committee PLLC	3405 Aldrich Road, Mckinney, TX	US
S1-496893663	Gujarat Business Limited	Sri Sakthivel Towers, First Floor, 687/2 Trichy Road, Ramanathapuram, Coimbatore, Tamil Nadu	India
S1-241930922	Hardy's First Landscaping	Houston, 10433 Peach Street, TX	US
S1-178022840	Orthopedic Highland Center	8111 Lucas Lane, Jeffersonville, IN	US
S1-445656247	Kala Provost Vine	20 Ridge Square, Unit 506, Washington, DC	US
S1-668188842	Vision Services Private Limited	G-79 G/F Vijay Chowk, Laxmi Nagar, East Delhi, Delhi	India
S1-494538745	VZ Complete Grifols Inc	15 Murray Street, Mount Morris, NY	US
S1-717917055	Sheelah D. Sutton, DDS, M.D., P.C. PC	4 Rebecca Lane, Holliston, MA	US
S1-692385574	Wright United Toyo LLC	160 Silver Leaf Lane, Yarmouth, MA	US
S1-404358466	Vardhaman Infra Private Limited	33/5, First Floor, East Patel Nagar, New Delhi, Delhi	India
S1-764843325	North Babcock	NM, 1524 Del Monte Trail, Albuquerque	US
S1-173690404	United Committee	IA, 901 Walnut Street, Atlantic	US
S1-826197758	Platinum Transit Labs Co	1351 Broad Street, Cookeville, TN	US
S1-424737074	Hatter, Jewell & Wallace Inc	693 Francktown Road, Richlands, NC	US
S1-975654170	Jay Products Private Limited	Plot No 2 Srinivasa Pillai Nagar, Near Maharaha Ro, Yal Club, Chennai, Tamil Nadu	India
S1-785467099	Direct Grid Corp	9906 Fieldcrest Drive, Omaha, NE	US
S1-332633797	Future Construction Private Limited	Bihar, W/O Ashok Bhuiya Vill-Karmi Po-Rafiganj Ps Rafiganj Hno 10 Near Of School Vill, Aurangabad, Karmi Po+Ps-Rafiganj	India
S1-431175894	Bailey Montessori School	205 Hamilton Street, Energy, IL	US
S1-574938676	City Buildestate Private Limited	H.No- N-68 Second Floor Gali No-16 Bhagwati Garden Ext Uttam Nagar, Delhi, New Delhi, Delhi	India
S1-144526682	Davis & Decker	1361 Norby Road, Kiantone, NY	US
S1-383391664	Los Archimedes of Clay	25 Candlelight Circle, Unit Apartment E, Clay, NY	US
S1-600218080	Veva Co	IN, Selma, 11401 400	US
S1-777644830	Maa	15199 Daisy Lane, Claremore, OK	US
S1-407689539	Beam's Frontier Technologies	5000 Jones Sausage Road, Unit 130, Garner, NC	US
S1-113290812	Quality Origin LLC	6009 Blossom Street, Houston, TX	US
S1-719255010	Downtown Tavern Inc	705 Walnut Ridge Street, Unit 406, Joplin, MO	US
S1-109267757	Bajrangbali Educational Society	Jind, C/O Anil Kumar, Back Side Haweli, Narwana, Haryana, Jind	India
S1-991012675	Vriksha Trading Limited	1/14, Old Mahapalipuram Road, Karapakkam, Chennai, Tamil Nadu	India
S1-847214446	Seven Developers Pvt Ltd	Villa 98, The Gran Carmen Address, Sarjapur Road, Bengaluru, Bangalore, Karnataka	India
S1-730029142	Reliable Silver Boston	343 154, New Brockton, AL	US
S1-974262486	Logistics & Sons Limited	Plot No-505A Kh No-13/08, Nangli Sakrawati Industrial Area, Najafgarh, New Delhi, New Delhi, South West Delhi, Delhi	India
S1-466946916	Lee Piedmont Elm LLC	8200 Melvina Avenue, Burbank, IL	US
S1-28076299	Biva, LLC	Kelly, WY, 6015 Highlands Drive Loop	US
S1-76468161	Horizon Regions	743 Iron Liege Drive, Union, KY	US
S1-683788263	South Developers Private Limited	Lig 136, 2-A Saket Nagar, Bhopal, Huzur, Bhopal, Madhya Pradesh	India
S1-869162161	All Power Limited	431 Indra Nagar Izzat Nagar, Bareilly, Uttar Pradesh	India
S1-545477423	4764 Highland Blvd Realty	516 Green Street, Rockford, IL	US
S1-449512950	Maisey Surface, L.C.S.W., M.D., P.C.	3 Dove Lane, Bigelow, AR	US
S1-38836424	Hendrickson Horizon Paloma LLC	673 Larch Avenue, East Wenatchee, WA	US
S1-859261995	Lotus Producer Pvt Ltd	S/O-Ram Murat, H.No-1/165, Ward No-2, Barwan Nasirpur, Nibiyahwa Pokhra, Akbarpur, Ambedkar Nagar, Uttar Pradesh	India
S1-456183719	Innovative Talent Partners Inc	18609 Stewart Ferry Road, Athens, AL	US
S1-862176518	Services Doorstep Exhibits Pvt. Ltd.	C-47, Iind Floor Pamposh Enclave, Greater Kailash - 1, New Delhi, South Delhi, Delhi	India
S1-760571322	Off Services Private Limited	C/O Kashi Prasad Singh 188/9 Gram Malhat Post Dabethuwa, Varanasi, Uttar Pradesh	India
S1-56115126	Armstrong, Patel and Parker Sunshine, LLC	126 Amherst Road, Pelham, MA	US
S1-345973888	Reichle Innovative Highview	951 13th Avenue, Unit #51, Hillsboro, OR	US
S1-350643100	Celeste Management LLP	No.90, Ramakrishnappa Road, Cox Town, Bangalore-5, Bangalore, Karnataka	India
S1-973533604	Atlantic Capital Ares LLC	1424 East Avenue, OH, Akron	US
S1-756695349	Jaster and Conwell Abacus LLC	2730 90, Independence, MN	US
S1-595843047	Red Hair Studio	N8230 Wainer Drive, Town Of Trego, WI	US
S1-924630389	Piyush Educational Society	No.A/4, Rahat Garden Apartments, Sakthi Nagar First Main Road, Jamin Pall, Avaram, Chennai, Tamil Nadu	India
S1-713777959	Rspl Traders Limited	117/C 8- 100-Sarvodaya Nagar, Kanpur, Uttar Pradesh	India
S1-721605946	Siddharth Constructions Pvt Ltd	Khasmallick, P.O.- Dakshin Gobindapur Ground Floor, P.S.- Baruipur, Kolkata, Parganas South, West Bengal	India
S1-782320784	Govind Consultancy (India) Private Limited	Old Dlf Colony, Sector 14 Half Premises Ist Floor, Gurgaon, M-45, Haryana	India
S1-287953061	Mack, Ramirez and Lange Triumph Inc	6491 Denneys Road, Dover, DE	US
S1-948190006	D A Pethtel Dbdr	1050 Timbercrest Court, Bowling Green, KY	US
S1-576321397	Orthopedic Medicine LLC	Hot Springs, 107 St Nicholas Court, AR	US
S1-874657200	Blake Zuber Steers, Inc	713 Alabama Street, Anadarko, OK	US
S1-308782883	Great Spa	4429 De La Baye Trail, Town Of Scott, WI	US
S1-521027263	Gananayak & Brothers Private Limited	H No.8-2-682, Laxmi Cyber Centre Road No.12, Banjara Hills, Hyderabad, Telangana	India
S1-913420023	ZQ Transport	1-2/20, Ii Cross, 9Th Main, B.T.M I Stage, Bangalore., Bangalore, Karnataka	India
S1-353071795	Indore Jha Private Limited	X 102 Shalimar Palms, Pipaliyahana, Indore, Madhya Pradesh	India
S1-211367912	International Construction Private Limited	301 T/F Plot No-15, Community Center Preet, New Delhi, Delhi	India
S1-232040435	Office of Environmental Protection	236 5th St S, Central City, IA	US
S1-408159183	Vision Clinic LLC	1007 Charlton Place, Herndon Town, VA	US
S1-61829415	Specific Consultants Private Limited	Survey No-1772, Matrutwa, Dr Ambedkar Road, Sangli, Sangli, Maharashtra	India
S1-222067339	Mannix Auto Sales LLC	Norfolk City, 2726 Somme Avenue, VA	US
S1-549559960	Hari Urban Ventures Pvt Ltd	8-491, Sai Nilayam, Flat No Ff-1, Srls Colony, Vijayawada (Rural), Krishna, Andhra Pradesh	India
S1-496065441	Foundation Eaton Web Pvt. Ltd.	Chittorgarh, 7-B Ashok Nagar, Near Hira Vatika, Rajasthan, Chittorgarh	India
S1-153500031	Nenet World Corp	418 Senior Drive, Unit A, Newark, OH	US
S1-152401330	Amber Tracom Private Limited	B-234, E-221 A & E-221, A-Open Road No. 9, Vki Area, Amber, Jaipur, Rajasthan	India
S1-24234371	Education Committee	335 Terry Boulevard, Islip, NY	US
S1-461358819	Reliable Marketing Concepts	37581 Giallo Lane, Maricopa, AZ	US
S1-463257976	Shiv City Consultants Pvt Ltd	At.Po.Tankaria, Ta Di. Bharuch, Bharuch, Gujarat	India
S1-142523012	Oncology Medicine LLC	55 Fulton Street, Hampton City, VA	US
S1-520168849	Green Trading Private Limited	2 C-7, Chandra Shekhar, Azad Nagar, Bhilwara, Rajasthan	India
S1-411807455	XA Regional Markets	65 East Boulevard, Hutchinson, MN	US
S1-631571111	Mau Real Pvt Ltd	C/O Ganpat Prasad, Raghunath, Post Walidpur, Mau, Maunathbhanjan, Uttar Pradesh	India
S1-163297392	Stellar Architects Ltd	201, Gayathri Mansion 17, Hutchins Road, 2Nd Cross, Cooke Town, Bangalore, Karnataka	India
S1-452328758	1 800 Got Junk	2900 13th Street, Little Rock, AR	US
S1-153715376	Geralda Noakes, M.D.	Mexia, 1167 County Road 377, TX	US
S1-988816252	Main Street Deli	303 Cloudless Sky Drive, PA, Silver Spring Township	US
S1-733034026	Software Consultants	17 Gobinda Ch. Dhar Lane, Kolkata, Calcutta, West Bengal	India
S1-374447696	Johnson Cayson	407 Roosevelt Road, Clarksburg, WV	US
S1-527791341	Cardiology United Center LLC	8659 259, Mcdaniels, KY	US
S1-914459278	Al Systems Private Limited	30-1565/1, Chandragiri Colony Vedha Bhavan Lane, Neredmet, Hyderabad, Telangana	India
S1-205642784	Meador, Martguerita W., M.D.	13706 Keneva Drive, TX, Cypress	US
S1-619804628	Physical Therapy Heritage Group	6095 Echo Crossing Road, Tucson, AZ	US
S1-692219144	Cornerstone Desert Enbridge	6613 Edith Boulevard, Albuquerque, NM	US
S1-96500646	Mondragon, Porter & Canter	16535 SR-28, Chillicothe, OH	US
S1-722018025	Belinsoft LLC	632 Cedar Run Road, Pendleton, KY	US
S1-943288218	Lamont Optimal Clean	403 5th Street, Valentine, TX	US
S1-57998859	Schultz Velos	101 Needle Green Lane, Hampstead, NC	US
S1-527499514	Solutions Sahyog Ventures	Binaca Raigachi, Rohanda, Flat No Bia1206 Siddha Galaxia Ii, West Bengal, North 24 Parganas	India
S1-256360591	Delta Trg LLC	175 Bryant Avenue, Unit Apartment 1I, White Plains, NY	US
S1-394680937	Royal Developers Private Limited	Xii/682, Kottilil Complex, Thrissur Road, Kechery P.O.Kechery, Choondal Gramapanchayath, Thrissur, Kerala	India
S1-185568304	Nike Encinas, D.C., PC	1106 89, Unit C, Marysvale, UT	US
S1-697097365	Family Medicine Inc	100 Witmer Road, Horsham Township, PA	US
S1-147812030	Ramirez and Pearson Inc	210 Davis Avenue, Detroit Lakes, MN	US
S1-750578680	Amc & Sons Private Limited	House No. 211 2Nd Floor, Bhai Parmanand Colony, Delhi, North Delhi, Delhi	India
S1-746431699	Lola Crouch Sunstone LLC	532 Kestrel Lane, Ofallon, MO	US
S1-763465273	Oncology Frontier Partners	7 Lemir Drive, Capon Bridge, WV	US
S1-996012175	Ferguson Webster PLLC	880 June Terrace, Unit UNIT 270, Lake Zurich, IL	US
S1-925439166	Bsd Advisors	7Th K.M., Barwala Road, Talwandi Rana, Hisar, Haryana	India
S1-90286632	Vanguard	NC, Apex, 1204 Evian Court	US
S1-129783257	KB Arcelormittal LLC	202 Bluebird Court, TX, Van	US
S1-251124112	Dunkle and Caffee	500 Peconic Street, Unit Apartment 237A, Islip, NY	US
S1-861032717	J/U Earths LLC	11304 Templeton Drive, Cincinnati, OH	US
S1-582403027	CPC Care Pvt Ltd	New Delhi, Delhi, Central Delhi, 3-H, Gopala Tower, 25, Rajindra Place	India
S1-10153258	Alert Energy Private Limited	A-8, Siddharth Kunj Polt No.17, Sector -7, Dwarka, South Delhi, Delhi	India
S1-852030997	Highland Project Clinic	NY, 5487 Stone Road, Lockport	US
S1-687325312	Ms (India) Ventures Pvt Ltd	B/1201 Raj Spaces, L. T. Road No. 2, Off M.G Road, Goregaon West, Mumbai, Mumbai City, Maharashtra	India
S1-274115163	Blue Agro Private Limited	32, Dharnidhar Co. Op. Ho. Society, Nr. Vikasgruh, Op. Dharnidhar Derasar, Paldi, Ahmedabad, Gujarat	India
S1-153963222	Basalt Banc, Inc	5395 Granite Dells Parkway, Unit J1, Prescott, AZ	US
S1-888749298	Orthopedic Colonial Care	318 Brockton Road, Oxon Hill, MD	US
S1-607552423	Chennai Feeds Ltd	429, C1, Ocean Woods, Ecr, Kannathur, Chennai, Tamil Nadu	India
S1-140763859	Pediatric Dentistry Clinic of Northbrook	2501 Mayapple Court, Northbrook, IL	US
S1-309592095	Inimitable & Sons Limited	Shop No. 1 Saluja Complex, Neelam Chowk Nit, Faridabad, Haryana	India
S1-734993216	Astha Valley Private Limited	C/O Kisan Maroti Bhiogade, At Post Shilly, Kuhi, Nagpur, Maharashtra	India
S1-606008468	Beroor Mountain Village Inc	3109 Mathilde Marie Drive, Gray, LA	US
S1-988097644	Varshan Medical Pvt Ltd	Rz-24, G- Block, Dharampura Colony, Najafgarh, Delhi, South West Delhi, Delhi	India
S1-180353640	Gold Media Private Limited	402 Golden Petal Opposite Lucky Duplex Survey No 517 1, Behind Sunrise Arcade Opposite Vishala Circle Juhapura Sarkhej Road, Ahmadabad City, Ahmedabad, Gujarat	India
S1-648376479	Cascade	13709 Olde Post Road, Pickerington, OH	US
S1-5547940	Aditiya Exports Limited	Sh-213 Tapi Arcade, Abrama Road, Chorasi, Surat, Gujarat	India
S1-727537332	Hendersonville Historical Trust	1 Williamsburg Drive, Unit 1304, Hendersonville, TN	US
S1-728209765	Signature Asset Brands LLC	4960 Woodcrest Road, White Bear Lake, MN	US
S1-9962387	Systel Buildstructure (India) Private Limited	1401, 14Th Floor, Plot -161, Raheja Majestic Manorama Nagarkar Marg, Taikalwadi, Mahi, M, Mumbai, Mumbai City, Maharashtra	India
S1-15061391	Bernard, Chon & Feldman Pine Level	750 Country Store Road, Pine Level, NC	US
S1-554498365	Preferred Jackson LLC	MO, 1017 Lakeshore Drive, St Charles	US
S1-109932442	Hari Constructions Pvt Ltd	Block-G Gali No-11 Shop No-1 Ratia Marg, New Delhi, South Delhi, Delhi	India
S1-178903663	Gray Advertising LLC	34 Pleasant Street, Unit 2, Dennis, MA	US
S1-759972893	Diamond United Beauty	10524 Williamsfield Drive, Saint Louis, MO	US
S1-527664763	Cypress Fidelity	Fayetteville, NC, 615 Ashbrook Court	US
S1-125935238	United Baba Systems Private Limited	Plot No-183, Phase-9 Industrial Area Focal Point, Mohali, Punjab	India
S1-926777120	Pune Management Private Limited	B9/3 Meeranagar Co. Op. Hsg. Soc. Lane No. 7, Kore Pune, Pune, Maharashtra	India
S1-258105939	Best Construction Collective LLC	338 Pulaski Highway, Elkton, MD	US
S1-507257254	Galaxy Consultancy Limited	#270 10Th Main 2Nd Block Jayanagar, Bangalore, Karnataka	India
S1-688023713	Complete Metropolitan Eastern	146 Alderbranch Circle, Garner, NC	US
S1-825671680	Hari Indian Enterprises Private Limited	206, 2Nd Floor, Shreekant Chambers, Sion Trombay Road, Chembur, Mumbai, Mumbai City, Maharashtra	India
S1-123886742	South & Co Ltd	Shri Vithal Park Co. Op. Society, Opp. Dhor Bazar, Nr. Balikaka Temple, 11, Ahmedabad, Gujarat	India
S1-390496883	Fortune Foundation Private Limited	7P Basement, Sector -30, Sadar Bazar, Gurgaon, Haryana	India
S1-566009366	Shakti Consultancy Pvt Ltd	New Delhi, New Millennium, Plot No. 2, Sector 23, 641, Dwarka, Delhi	India
S1-255643554	Mana Trading Private Limited	S.No71, H.No2, Mokashi Pada, Opp. Khot Bunglow, Thane, Maharashtra	India
S1-270346740	Painters Local 983	1018 Cr 533, Berryville, AR	US
S1-244643323	Good Life Services Pvt Ltd	Plot No. 100-101, Sector-35, Hsiidc Udyog Vihar, Phase-Vii, Sadar Bazar, Gurgaon, Haryana	India
S1-536019970	Dhanesh Trading Private Limited	C/O.-Jaya Srivastava, 103, P.V.Complex West Boring Canal Road, Patna, Bihar	India
S1-987804994	Midwest Network	713 Admiral Gravely Boulevard, Richmond City, VA	US
S1-508701481	Red Energy Pvt Ltd	Plot No-371/1519, Uttampur, Near Meera Mandap, Cuttack Sadar, Cuttack, Orissa	India
S1-699953312	3659 Church Avenue Holdings	4390 380 Road, Talala, OK	US
S1-69873923	Perfect Constructions Private Limited	House No. 2334, Phulewadi Road, Karveer, Kolhapur, Maharashtra	India
S1-994203877	CHQ Presidio LLC	3302 Turkeyfoot Road, Edgewood, KY	US
S1-842713848	Mammoth Traders Private Limited	C/O Rajendra Pandit, S/O Lt Dora Pandit Anwarpur East, Hajipur, Hajipur, Vaishali, Bihar	India
S1-310087226	HRH Strategic Block LLC	588 Gettysburg Drive, TN, Jackson	US
S1-452365054	Varsha Healthcare Limited	No.887, L.I.G - I Type, Tnhb Phase - Iii Ambattur, Chennai, Tamil Nadu	India
S1-529581101	Carolyn Bouchard Tri-State Renatus	516 Cherry Avenue, Lakeside Marblehead, OH	US
S1-565307982	Ceon Crumrine	S9516 Rahl Road, Town Of Prairie Du Sac, WI	US
S1-601655225	Rogers Cloud	1700 Rice Street, Unit Unit K, Maplewood, MN	US
S1-572982287	Gurudev (India) Construction Private Limited	Plot No 13 H No 8 2 293 82 Jiii 13 1St Floor Phase No. Iii, Road No.82, Jubilee Hill, Hyderabad, Telangana	India
S1-987094042	Quantium Hyperliquid	710 Dania Street, Village Of Withee, WI	US
S1-183057091	Miller, Emmy, D.C., M.D., P.C.	133 Lawrence Street, Unit Apartment 104E, Saratoga Springs, NY	US
S1-273093097	Secure Printing Ventures	201 Wessington Place, Hendersonville, TN	US
S1-223777531	Alsop Heritage Specialty LLC	Gates, NY, 21 Deepwood Drive	US
S1-756955445	Sosa's Healthcare PC	11407 21st Street, Fl 0, Wichita, KS	US
S1-221907886	J 7 I Retail LLC	3 Destiny Usa Drive, Unit Unit J221, Syracuse, NY	US
S1-823532500	Vivify Resorts Private Limited	At/Po-Dhenkikote, Block-Ghatgaon, Keonjhar, Kendujhar, Orissa	India
S1-780436723	Bharani Trust	First Floor, C-23 Fateh Nagar, Jail Road, New Delhi, West Delhi, Delhi	India
S1-367981822	Physical Therapy Associates PLLC	1827 Mockingbird Lane, Denison, TX	US
S1-688258410	Glyphola Advanced Care	12815 Post Oak Road, Fl 0, Saint Louis, MO	US
S1-638354776	Bunch & Brown L.L.C.	Huntington, WV, 3118 Waverly Road	US
S1-794390130	Baba Tech LLP	C1/37, First Floor, Ardee City, Sector 52, Gurugram, Gurgaon, Haryana	India
S1-650390016	Better Software Services Inc	32 Albion Street, Unit 2, Medford, MA	US
S1-122117256	Vedang Enterprises Private Limited	Shop No. 1411, F/F Nicholson Road, Delhi, North Delhi, Delhi	India
S1-538937261	Active Laminators (India) Private Limited	Regus I-Tech Business Centre Private Limited, 9Th Flr, Spaze I-Tech Park, A-1 Twr, Sec, Tor 49, Gurgaon, Haryana	India
S1-697332200	Alpha Constructions Private Limited	Kolkata, Jl Nehru Road, 9Th Floor, R.M. No.-, A-11, Kolkata, Chatterjee International Centre 33A, Howrah, West Bengal	India
S1-883039566	Fonseca, Buss & Brown Idaho	329 Markedstone Road, Burleson, TX	US
S1-630924557	Mason Metropolitan Aktiengesellschaft LLC	335 9th Street, Babylon, NY	US
S1-7725992	AGU Insurance	TX, Dallas, 6326 Woodcrest Lane	US
S1-133224266	Arun Fire (India) Private Limited	North West Delhi, House No-69, Plot No-35A, Block E-1, Pratap Vihar, Delhi	India
S1-363999259	Deeta Smile Public Limited	C/O-Mursalim Sk, Vill-Kaigoria, Po-Diha Ps- Nalhati, Nalhati, Birbhum, West Bengal	India
S1-686913759	Behavioral Health Clinic	2493 Pennwood Court, Round Lake Beach, IL	US
S1-589372424	Zephari Automotive LLC	609 Marshall Street, Anniston, AL	US
S1-845159413	Kochevar Charter School	2774 North Avenue, Baltimore, MD	US
S1-147076436	Guru Ventures	601 6Th Flor Rotundabombay Samachar Mag, Mumbai, Maharashtra	India
S1-659169271	Shreeram Institute of Technology	Bangalore, No 427/14, Karnataka, 41St Cross, 9Th Main, 5Th Block Jayanagar, Bangalore, Bangalore	India
S1-218348141	Ramos Aspac	323 Sandal, Mesa, AZ	US
S1-256361953	Mountain Shipping	5402 Idlewood Trail, Princeton, TX	US
S1-246960331	Straight Edge Bakery LLC	11100 Piney Forest Drive, Spotsylvania County, VA	US
S1-151299429	Hari Consultancy Limited	Flate No 406 Shakar Splun, Vamali Sama Savli Road, Vadodara, Gujarat	India
S1-554954784	Perl Ftai Inc	74 600, Unit 104, Richfield City, UT	US
S1-381646932	Tech Prithvi Consumer Private Limited	H. No. 290, Basant Vihar, Near Teen Batti Circle, Kota, Rajasthan	India
S1-671241040	Board of Transportation	201 Kettle Moraine Drive, Village Of Slinger, WI	US
S1-466277913	Sterling Eastern Inc	8526 Kensley Lane, Lakesite, TN	US
S1-687764551	3422 Fourth Boulevard Management LLC	17567 93 1/2 Street, Fairmount, ND	US
S1-367231027	First Infotech Private Limited	605-607, Shrikant Chambers, Phase I, Adj. To R. K. Studios, Sion- Trombay Roa, D, Chembur, Mumbai, Mumbai City, Maharashtra	India
S1-342284736	Tejavi Polyfab Private Limited	304, Aditya, B/H Sardar Patel Seva Samaj Hall, Nr. Mithakhali Six Roads, Navrangpura, Ahmedabad, Gujarat	India
S1-266344604	Dream Construction Private Limited	4A, 4Th Flr, Ram Krishna Abashan Phase-Ii Dr.B.C Roy Sarani, Jyangra, Baguiati, Kolkata, Parganas North, West Bengal	India
S1-296784642	Ayon Rothschild of Liberty Inc	Liberty, 790 1500th Place, IL	US
S1-791341686	Spero & Williams Stellar Inc	58 Franklin Street, Killingly, CT	US
S1-532573978	Rushabh Holdings	Rno.1220, Plotno20, Lotus, Clony Shivaji Ngr Govandi, Mumbai, Maharashtra	India
S1-296992009	Precision Analytics Partners	11436 Pennys Way, Oregon City, OR	US
S1-393400566	COO Ventures Associates	Shivalay Chowk, Bajaj Nagar, Midc Area Waluj, Aurangabad, Maharashtra, Rl 152/A, Aurangabad	India
S1-118304579	International Software LLP	B-95, Anita Colony, Bajaj Nagar Enclave Bajaj Nagar, Rajasthan, Jaipur	India
S1-117328785	Strategic Agricultural Alliance Inc	14 Wanless Lane, Trout Creek, MT	US
S1-613531436	Interstate Foundation Ltd	294 Pecan Meadows Road, Fort Gibson, OK	US
S1-471318994	Interstate Cardiology PLLC	750 Narsford Road, Tellico Plains, TN	US
S1-953282797	ZL Infotec Limited	No. 02, 3Rd Floor, Margosa Building 13Th Cross, Margosa Road, Malleswaram, Bangalore, Karnataka	India
S1-823507871	Ironclad PLLC	Sugar Land, 3914 Misty Morn Lane, TX	US
S1-196935438	Ironclad	7460 300, Greensburg, IN	US
S1-359602210	Cherrita Watson Ligand Corp	14050 Tracy Avenue, Riverdale, IL	US
S1-829717901	Mikesell Academy Inc	10275 Sand Ridge Road, Millfield, OH	US
S1-763368386	Jindal Marine Limited	A 601, Lotus Court, Opp Vca Ground, Gate No. 2 Civil, Nagpur, Maharashtra	India
S1-399360980	Varshya Pharmachem Private Limited	No 26 Pattalamma Road Basavanagudi Near South End Circle, Bangalore, Karnataka	India
S1-466963472	Highland Society PC	NC, 107 Ben Williams Road, Jacksonville	US
S1-811121697	Mccullough Adamas Inc	623 Manvel, Chandler, OK	US
S1-879276752	Bryan Square LLC	850 Gorman Road, Gatesville, TX	US
S1-299157870	Cascade Pan Inc	727 87, Chester, NY	US
S1-475561146	Gazebo Nursing Home Corporation	C/302, Sanjeev Enclave Chs Ltd. J P Road Seven Bunglows, Near Canara Bank Andheri, Mumbai, Mumbai City, Maharashtra	India
S1-921642430	Hornsby Trust	NM, 804 Linam Street, Hobbs	US
S1-914995687	Harden, Philippe, D.D.S., PC	1585 Lexington Avenue, Mansfield, OH	US
S1-478358467	Bureau of Housing	2 Riverview Street, Cabin Creek, WV	US
S1-491795528	Anushree Sangh	Row House No B4, 14 /15, Hill View, Surekha Niwas Siddhivinayak Nagari, Nigdi, Pune, Maharashtra	India
S1-759418496	Sakash Point (India) Pvt Ltd	206 Subramniyar Koil Street Ramanathapuram, Coimbatore, Tamil Nadu	India
S1-937800027	Weimer & Bruno Carlyle LLC	IL, Chicago, 7110 E End Avenue	US
S1-702646732	Novova Blueport Clinic	12 Heritage Lane, Islip, NY	US
S1-145714579	Schubert Adr LLC	6445 Moors Place, Dublin, OH	US
S1-885742978	Bright Software Pvt Ltd	3/A20 Shree Leela Appt, Azad Nagar, Kanpur, Uttar Pradesh	India
S1-315851491	Swatantra & Brothers Pvt Ltd	Ix/2890/A, Gurudwara Gali Gandhi Nagar, Delhi, East Delhi, Delhi	India
S1-532220334	Cascade World P.C.	32 Rainey Road, Greenbrier, AR	US
S1-582413421	Electronic Infrastructure Technologies Inc	1600 East Avenue, Unit Suite 211, Rochester, NY	US
S1-333734493	Wicked Consultancy Private Limited	A 202 Shyam Residency, Ahmedabad, Nr Manav Bunglows Sola, Science City, Gujarat	India
S1-710309449	Trusted Genomic International LLC	414 Cox Landing, Unit B, Newport News City, VA	US
S1-918868247	Fresh Materials Digital Care	2010 Applebrook Drive, Wesley Chapel, NC	US
S1-591062600	Vishnu Dealer Pvt Ltd	Word No.6 Kantabanji, Kantabanji, Sundargarh, Orissa	India
S1-406536115	Broome & Sturdivant Inc.	1713 Gardenia Drive, Houston, TX	US
S1-966822462	Tripurari Infotech Private Limited	South Delhi, C -26 Greater Kailash Part 1 New Delhi, Delhi	India
S1-378720156	Advanced Gulf Taiwan LLC	222 Kenwood Avenue, Rochester, NY	US
S1-653436323	Real Foundation Private Limited	Mumbai, Shop No 5, Borivali West, Maharashtra, Tirupati Complex, Ram Mandir Road, Near Babhai Naka Road, Borivali West	India
S1-796797006	Esmart Memorial Trust	Floor-7, A-Wing, Mahavir Krupa Near Sewree Bus Depot, Sewree West, Maharashtra, Mumbai City, Mumbai, A-73	India
S1-511201550	3055 Ocean Drive Holdings	425 36 Street, Far Rockaway, NY	US
S1-397427685	XDR Long	MO, Nixa, 8308 Interlochen Drive	US
S1-816490429	Rapid Cloud Collective	542 8th Street, Newport, TN	US
S1-22174908	L+ Specialists	101 Edward Warren Drive, OH, Stout	US
S1-259255930	FC Bluerock PC	AZ, Unit 2088, Chandler, 2022 Nevada Street	US
S1-579807935	Nova P.C.	319 Stone Hill Farm Road, Weathersfield, VT	US
S1-660188596	Le Partners	8601 49th Street, Paradise Valley, AZ	US
S1-283218479	Oncology Frontier Center	3611 Marsh Creek Road, Raleigh, NC	US
S1-574188882	Royal Constructions Limited	Sector-28, Ganga Nagar, Nigdi, Pradhikaran, Pune, Ganganagar, Akurdi, Plot No 454, Pune, Maharashtra	India
S1-759630170	Ridge Investments L.L.C.	3674 Fm 2808, Kempner, TX	US
S1-941786684	South Exports Private Limited	C-17, Shivkrupa Society Madodhar, Waghodiya, Vadodara, Gujarat	India
S1-487411959	Empire League	11 Bardin Street, Unit Apartment 1, Rochester, NY	US
S1-61434219	Hitech Engineering Private Limited	Shop 401 In 2214 Forth Floor, Gurudwara Road, Karol Bagh, Delhi, Central Delhi, Delhi	India
S1-531928114	Tri-State Guild	2915 Dares Beach Road, Prince Frederick, MD	US
S1-226964528	Vivianna Farias Creative Fortune Group	13623 Sablerun Lane, Houston, TX	US
S1-973613897	Battle Consultants Private Limited	Flat No.2, Tulasi Sadan, No.26, 18Th Main 16Th Cross, Jp Nagar 5Th Phase, Bangalore, Karnataka	India
S1-770588946	Harbor Medical Center	West Valley City, UT, 4293 3720	US
S1-717956928	Pediatric Medicine	2001 Harwood Street, Lincoln, NE	US
S1-635996806	Global Consultants Private Limited	Mumbai, Maharashtra, Mumbai City, 306, Sangeet Plaza, Opp. Marol Fire Brigade, Marol Maroshi Road, Marol, Andheri (East, ).	India
S1-340160815	1529 Jefferson St Company	2601 Witton Turn, Chesterfield County, VA	US
S1-583880304	Clarabelle Denham, D.O.	1030 Dearborn Avenue, Keizer, OR	US
S1-446697179	Jain Law Chambers	Flat No. 8, Varun Apartment 2 Ashar Estate, Upnagar Stop, Nashik, Maharashtra	India
S1-479832626	Plumbers Local 428	Athens, AL, 24620 Savannah Trail	US
S1-386984673	Nguyen's Seafood	1662 John Street, IN, Taylorsville	US
S1-11302207	Sl Marine Private Limited	Systron Building 5Th Floor Plot No J-5, Block - Ep & Gp, Salt Lake, Sector - V, Kolkata, Kolkata, Howrah, West Bengal	India
S1-888306619	Gonzalez Rocky Aurora Inc.	12011 Bobwhite Drive, Prince William County, VA	US
S1-425587153	Royal Business Private Limited	N 273, Dlf Park Place, Golf Course Road Sector54, Galleria Dlf-Iv, Gurgaon, Haryana	India
S1-999104734	Klein Fargo LLC	3316 Old Morgantown Road, Friendsville, MD	US
S1-617583032	A/H Hospitality, LLC	1705 Gray Slate Court, Virginia Beach City, VA	US
S1-249653998	Creativity Systems	C/O Vansh Narayan H.No 837 Bhagat Vatika Near Itc Gate, Saharanpur, Uttar Pradesh	India
S1-330914939	Golden Textile Collective	109 Magnolia Drive, Brookhaven, NY	US
S1-81834207	Akshaya Gases Limited	Third Floor, Block D, Plot No. 13, Sy No.64 Part, Hitec City Layout, Madhapur Village, Shaikpet, Hyderabad, Telangana	India
S1-635498924	Baba Properties Private Limited	Gaya, C/O - Mr. Ram Lakhan Parsad H No. 110, Bihar, Gaya, Khukhadi Nimchak Bathani	India
S1-143510112	@ Care 8 You L.L.C.	907 Congress Circle, Jonesboro, AR	US
S1-60238486	Golden Pub LP	119 Soifer Avenue, Hempstead, NY	US
S1-710081136	1432 Highland Boulevard Properties Inc	2730 Madison Street, Albuquerque, NM	US
S1-704568959	Tova Inc	501 Elton Court, Smithtown, NY	US
S1-295437535	Kerala (India) Granites Limited	Medak, Telangana, Shivajinagar, Siddipet, 8-2-67/1/A/3/1	India
S1-406842558	Latta Green Comstock	1616 4201, Greenville, TX	US
S1-392556227	Leora Young Amc Inc.	7848 Ogden Avenue, Norfolk City, VA	US
S1-952116333	Green Software Laboratories	277 Rodgers Lane, Quinton, OK	US
S1-520706871	Shyam Agro Pvt Ltd	Sco No-19 Sec-56, Gurugram, Gurgaon, Haryana	India
S1-314155272	Aaa Advisors	Mumbai City, Maharashtra, Opp. Juhu Koliwada, Juhu Tara Road, Santacruz (W), Mumbai, A/19 Juhu Blue Sea Coophsgsoc	India
S1-704726507	Mcneese Trg	1631 Meadowood Court, Edgewood, MD	US
S1-162257554	Bass & Brothers Center	C/Omarkandey Shukla Jungl, Salikram Fatima Bypass Rd, Sadar, Gorakhpur, Uttar Pradesh	India
S1-567125574	Ferrial Machine Works	15311 Springbrook Trace, Athens, AL	US
S1-755326947	Chambers's Better Foods	IL, Robinson, 13312 1150th Street	US
S1-766890897	Universal Constructions LLP	No. 1297, 3Rd Floor, 30Th Main, B.S.K 2Nd Stage, Bangalore, Karnataka	India
S1-496258616	Austine Llanes, L.C.S.W., PC Inc.	5405 Siari Kuta, Tucson, AZ	US
S1-813704961	Cota Abony	164 Hawk Nest Court, Henrico County, VA	US
S1-508022910	Twyla's Liquor Corp	320 Flannery Lane, Silver Spring, MD	US
S1-66750495	Somya Brothers Pvt. Ltd.	Nicco House 2 Hare Street, Kolkata, Howrah, West Bengal	India
S1-117568069	Allied Preparatory Academy	6701 Summerfield Court, Chino, CA	US
S1-560952743	Millionaire Development Private Limited	No.10, Y B A Building Wenlock Road, Ooty, Nilgiris, Tamil Nadu	India
S1-776686932	Bn Technologies Ltd	Kallingalakathchennara P O Mangalam, Malapuram, Kerala	India
S1-134143616	Gisela's Heartland Jewelers	2510 Bartelt Rd, Unit 1A, Iowa City, IA	US
S1-883281842	Style Multi Pvt. Ltd.	105, Park Street, R, Kolkata, Kolkata, Howrah, West Bengal	India
S1-517755890	City Ace Producer Pvt Ltd	Mumbai, Strand Cinema Bldg., 1St Floor, C.S. No. 506 Arthur Bunder Road, Colaba, Mumbai City, Maharashtra	India
S1-192757112	Castillo Academy	Unit 408, Louisville, 13630 Elanna Ave, KY	US
S1-665710461	Cardinal	IL, 13A 142 Powder Horne Lane, Apple River	US
S1-276296929	Wood Integrated Oncology LLC	2228 Sandra Terrace, Phoenix, AZ	US
S1-668382007	Aguilar & Geib Brokerage	3503 Lucille Avenue, Baltimore, MD	US
S1-67933723	Gonzalez American Reit, LLC	57 Grandma Lane, Autryville, NC	US
S1-565043932	Clinton Dental Associates Inc	1728 865, Clinton, UT	US
S1-361085942	Dinh, Perz and Mcnamara LLC	4057 20, Haleyville, AL	US
S1-349849273	Jajodia & Co Ltd	B-303, Sai Anand Apartment, Sambhaji Nagar, Vaitiwadi, Thane (West), Thane, Maharashtra	India
S1-185551815	Producer Zeta Sales Associates	Pune, Rh.No.2, Bld No.7, Point Sr. No. 25/2A, Undri Pune, Maharashtra, Pune	India
S1-691806118	Jaipur Services Private Limited	2-A Ganga Path Suraj Nagar West Civil Lines, Jaipur, Rajasthan	India
S1-677577431	Andree T. Stewart, M.D., P.C.	8153 Running Fox Road, Unit A, Columbus, OH	US
S1-650989164	Doster Detailing LLC	160 Gray Lane, Kalispell, MT	US
S1-524423134	Royal Analytics Studios LLC	130 Valley Avenue, Lincolnton, NC	US
S1-745867296	Historical Foundation	22600 Dewberry Hollow, Leander, TX	US
S1-715910928	Elan (India) Schemes Private Limited	B-81, 2Nd Floor, Sector-64, Noida, Uttar Pradesh	India
S1-523182155	Bappa Group	No.14/2, Ground Floor, 40Th Cross 8Th Main, 5Th Block, Jayanagar, Bangalore, Karnataka	India
S1-819347180	Basel Ocean LLC	4671 New Mexico State Road 290, Ponderosa, NM	US
S1-295298897	High Products Private Limited	No. 57, T Block Bhavani Hbcs, Kathriguppe, Bangalore, Karnataka	India
S1-842582339	Heart Guild	605 Berkeley Way, Fl 1, Medford, OR	US
S1-944869323	First Industries Pvt Ltd	B No.7, Gulmahor Greens, Ls No. 683/684 Paikee, Ahmedabad, Gujarat	India
S1-833492633	Oncology First Partners LLC	31930 Wildwood Park Lane, Conroe, TX	US
S1-237528893	Aradhna Software Private Limited	Vill- Sitala Purba P.O. Sonarpur, 24 Parganas South, Parganas South, West Bengal	India
S1-914285806	Good Builders Private Limited	Caribonum Building, Killick Estate, Baji Pasalkar March, Chandivli, Mumbai, Maharashtra	India
S1-6536886	Moon Analytics Private Limited	W/O Sh.Sanjai Kothar Pro., Samriddhi Shory Noda, Ajmer, Rajasthan	India
S1-49997314	Clary, Henrieta D., DO	2440 Willakenzie Road, Unit Apartment 231, Eugene, OR	US
S1-830177070	Namma Brand Pvt Ltd	Aarjees Buildingssasthancoil Road Thycaud, Trivandrum, Palakkad, Kerala	India
S1-136050903	Beacon Mortgage Company Center	125 Windsor Drive, Saint Marys, OH	US
S1-562378871	A Safe Cable	247 Nassau Avenue, Oyster Bay, NY	US
S1-856254311	Janot Stach Express Development LLC	50 Bedford Street, Minneapolis, MN	US
S1-891833169	Super 11 Barbershop	200 Arrow Street, Hempstead, NY	US
S1-132767242	Better Supply Consultants LLC	3428 Collegiate Court, IN, Fort Wayne	US
S1-606034416	Highland Charter School	Cherokee Village, 25 Mohave, AR	US
S1-511599958	Weinberg, Carrillo & Helms LLC	211 Sunnyslope Street, Fl 1, West Frankfort, IL	US
S1-968599654	EJQ Techno Co	D.No 236-240, Pera Naidu Lay-Out Cross Cut Road Gandhipuram, Coimbatore, Tamil Nadu	India
S1-908308724	American Safe Life LLC	604 Campbell Street, Lebanon, TN	US
S1-710149190	STY Wireless Inc	70 Besco Road, Wheelersburg, OH	US
S1-840961764	Behavioral Health Clinic Inc.	UT, Highland, 5534 10480	US
S1-313625615	Advanced Cloud Worldwide LLC	Lockport, 284 Pine Street, NY	US
S1-120396535	Desert Colonial Consumer	103 Viau Lane, Refugio County, TX	US
S1-107384007	Triton Law Chambers Pvt. Ltd.	12, Jai Bharat Society, 2Nd Samruta Bldg. 5Th Road, Khar(West), Mumbai, Mumbai City, Maharashtra	India
S1-493243219	Pep Healthcare Private Limited	No.155, 6Th Cross, 17Th Main Road, Freedom Fighter'S Colony, Laggere, Bangalore, Karnataka	India
S1-159951883	Orthopedic Health LP	2804 Ferret Court, Unit 101, Raleigh, NC	US
S1-331538406	Southern Properties Private Limited	Pune, S. No. 14, Glitterati Bldg., C 1103, Nr. Midori Tower, Maharashtra	India
S1-261726983	Blue Construction Private Limited	Dwarakasignature Pno14D/1, 2F, Jai Hind Enclave, Shaikpet, Hyderabad, Telangana	India
S1-510104716	Mohler, Roberts & Fitzpatrick LLC	12642 High Sierra Road, Lusby, MD	US
S1-671006742	Hermosillo Gas	731 Western Reserve Road, Crescent Springs, KY	US
S1-153559765	Rajpura India Private Limited	Rajpura, Jaipuria Sunrise Greens, Vip Road, Distt. Sas Nagar, Mohali, Punjab, N-404	India
S1-510640586	North Estate Limited	246, Ist Floor, Sant Nagar, New Delhi, South Delhi, Delhi	India
S1-655243944	Hunger Network Corp	1028 Ash Avenue, Unit 1, Tempe, AZ	US
S1-978845068	Ks Instruments Pvt Ltd	11 Dr.U.N.Brahamachary Road Level 6, Constantia Building, Kolkata, Howrah, West Bengal	India
S1-997004125	2493 Seventh Street Properties Inc	3133 Valley Park Drive, Vestavia Hills, AL	US
S1-47245988	Ridge Interstate Oceanhawk Corp	226 2600, TX, Mineola	US
S1-139191417	Unified Frontier Specialty LLC	6500 Cassia Loop, Chesterfield County, VA	US
S1-721365498	Latia Rosecrans Prime Ftai LLC	IA, Grimes, 644 Cattail Road	US
S1-659175866	Roo Royal Centers LLC	543 Fm 833, Fairfield, TX	US
S1-326503462	Mountain Mastermind Private Limited	A-57/1, Dlf 1, Gurugram, Dlf Qe, Gurgaon, Haryana	India
S1-9750168	Lehmann Global	387 Sunrise Circle, Costa Mesa, CA	US
S1-525115854	Firmin, Jones & Gutierrez Roofing L.L.C.	735 Milford Mill Road, Pikesville, MD	US
S1-992926925	Abhay (India) Asian Private Limited	Sn-234A/14 Pl-9, Sanjay Park Lohgaon, Pune, Maharashtra	India
S1-816099628	Medio European	37 Carter Street, Unit 1, Leominster, MA	US
S1-733655541	Womens Health Center	2260 B Avenue, Schleswig, IA	US
S1-668474448	Seven Infotech Pvt Ltd	No. 360A, Dr. Rajkumar Road, 12Th Main, Rajajinagar 6Th Block, Bengaluru, Bangalore, Karnataka	India
S1-166609944	Rowe Restaurant	1685 Draper Road, Talladega, AL	US
S1-885325753	Vijayshree Development Pvt. Ltd.	Office No.301, Antaaya, Sr.No.28/3B/2 P, Balewadi, Haveli, Pune, Maharashtra	India
S1-852775221	Universal Foundation Pvt Ltd	G1, Amirtha Varshini, 131, Old No.52, Kothanda Ramar Koil Street, West Mambala, M, Chennai, Tamil Nadu	India
S1-951137132	Certified Health Systems LLC	1060 Tecumseh Point Road, Eclectic, AL	US
S1-394928776	Womens Health Clinic of Baltimore	1214 Broening Highway, Baltimore, MD	US
S1-33679216	Ganesha Mud Co	Gill Enclave, Patiala, Punjab, Patiala, Jhill Chowk To Alipur Rd	India
S1-953545521	5-Legged Dog	6521 91st Place, Lubbock, TX	US
S1-45766539	Omega & Brothers	Room No: 2/735 1St Floor, Masjid Building Valanchery, Perinthalmanna Road, Malappuram, Malappuram, Malapuram, Kerala	India
S1-911672680	Great Infrastructure	11386 Eldorado Street, Unit Unit H, Blaine, MN	US
S1-688253956	Atlantic Pinnacle Deli Inc.	3928 14th Avenue, Unit 61, Lacey, WA	US
S1-298371744	Tivue Metropolitan Short Group	129 Sandy Huss Drive, Beaufort, NC	US
S1-10222665	Jupitar (India) Planners Pvt. Ltd.	443-The Boulevard, Opp. Western Bus Hub, Surat City, Surat, Gujarat	India
S1-431962796	Charles's Best Brokerage	41999 56, Frazee, MN	US
S1-958358002	Ace International Private Limited	C/O Devanti Gupta, 2116051, Dariyapur, Kadam Kuan, Sampatchak, Patna, Bihar	India
S1-17273223	Standard Marine Partners Inc.	7091 Hawley Road, Red Creek, NY	US
S1-38607383	Heaney, Ferguson & Lopez Inc.	8254 Jackson Street, Unit Apartment 111, City Of Pittsville, WI	US
S1-798604530	Neo Direct Dental, Inc.	9435 Pilips Lane, Tigard, OR	US
S1-260786295	Jgs Real Private Limited	G-89Midc Ajanta Road, Jalgaon, Maharashtra	India
S1-574271583	Thakkar Beauty Private Limited	C/O Dr.(Mrs) Mina Sinha, Flat No-401, 4Th Floor, Vijayshree Complex, Kankarbagh, Sampatchak, Patna, Bihar	India
S1-536974738	Primary Care Associates of Rotterdam	2236 Helderberg Avenue, Rotterdam, NY	US
S1-683515854	Shiva Exports	Charitravan Buxar Infront Of Mv College, Buxar, Bihar	India
S1-658885004	Oconnell Antimony	728 Mountain Laurel Way, Rock Hill, SC	US
S1-274126313	Obsidian, LLC	3907 Hamilton Road, Deer Park, WA	US
S1-70043295	Lundquist & Bennett L.L.C.	1222 82nd Boulevard, Saint Louis, MO	US
S1-558784443	Eastern Marketing Private Limited	2033/1, Susuwahi, Near Hyderabad Gate, Dafi, Varanasi, Uttar Pradesh	India
S1-84359213	Ujjam Waterpark Pvt Ltd	Mathura, Sector-2, Shri Radhapuram Estate, Ganeshra Nh-2, Mathura, Plot No. 60, Uttar Pradesh	India
S1-587221175	Colonial Holdings Group	2708 Wehnwood Road, Unit APT 119, Altoona, PA	US
S1-431903166	Celesta Foundations Private Limited	4, Lee Road, Vaibhav Plaza 1St Floor, Room No- 11, Kolkata, Howrah, West Bengal	India
S1-804634352	Star Foundation Private Limited	Darusalam, Pp Ix 67 A, Near Ksrtc, Chirayinkeezhu, Thiruvananthapuram, Trivandrum, Kerala	India
S1-372916651	Navkar & Co	Tamil Nadu, Chennai, 7Th Floor, Viswakamal Apartments, Old No. 245, New No. 62, R.K.Mutt Road, Mylapore, Flat No. 57, Chennai	India
S1-243930232	Q+ State LLC	1641 Iliff Avenue, Cincinnati, OH	US
S1-177441097	Swadesh Maritime Ltd	T2, W-760, 4Th Avenue, Ambattur, Chennai, Tamil Nadu	India
S1-844719712	Zephiq Systems Inc	11409 Menlo Avenue, City Of El Paso, TX	US
S1-386646475	Forman Aktiengesellschaft	2100 Sunrise Drive, OK, Moore	US
S1-347639856	Vv Constructive Private Limited	S No 340/3, Fl No A2/305, Pebbles, Patilnagar, Haveli, Pune, Maharashtra	India
S1-854284989	Kimble Society	125 Guest Street, Unit 421, Boston, MA	US
S1-144954005	Eye Safe Care LP	609 Harrier Hawk, Edmond, OK	US
S1-452412573	YLX Optimal Rogers Center	119 E Main St, Treynor, IA	US
S1-523961377	Figueroa Pediatrics Inc	4833 Country Club Road, Vestal, NY	US
S1-739083536	Fresh Book Store	23 Willow Street, Gillette, WY	US
S1-984940763	Ear Nose & Throat Health, LLC	17076 Boy Scout Road, Durango, IA	US
S1-764746653	Brl Ventures Corp	2305 Bldg No. 152, Kannamwar Ngr Saidham, Chs Kannamwar Nagar, Vikhroli (East), Nr Bldg No. 150, Mumbai, Maharashtra	India
S1-898413991	Peus International	9500 Kempsford Court, Manor, TX	US
S1-876182108	Nealy, Gilchrist & Lopez Inc	NC, Unit 1918, 9 Harrington Street, Raleigh	US
S1-485414585	Engleman Ford LLC	314 Murdock Road, Govans, MD	US
S1-517243718	Andi Grabowski, P.A.	1726 Dressage Drive, Fairfax County, VA	US
S1-542407941	Womens Health Supreme Group LLC	561 Main Street, Herculaneum, MO	US
S1-661100755	Housing Alliance	17658 Rosette Grass Drive, Conroe, TX	US
S1-178800424	Lower School of Medicine	MN, Belle Plaine, 24221 Kittson Boulevard	US
S1-299773245	DJ Marines Limited	Gram-Sagunahan, Post- Babatpur, Varanasi, Uttar Pradesh	India
S1-382680258	Shawna Thomas Xsolla Corp	709 Bessie Drive, White Hall, AR	US
S1-548174730	Nir Trading Limited	Pune, Maharashtra, F-A/001 Sn-239/1, Lunkad Sky Belvedere, New Airport Rd, Lohegaon, Pune City	India
S1-571375750	Sky Software Pvt Ltd	New Delhi, Delhi, Neeti Bagh, 19 Dda Flats	India
S1-11627159	Pacific Valley Berkley Inc.	Romeoville, IL, 424 Macon Avenue	US
S1-429293866	Back Alley Tattoo	2126 7th Street, City Of Superior, WI	US
S1-300289723	Healthy Engineering Limited	Flat No. 803, Mi Rustle Court, Sector-6, Lucknow, Uttar Pradesh	India
S1-748107569	Techsmart (India) Systems Ltd	C/O Bhagwan Das Gyaprasad, Gram Lanch, Indergarh, Seondha, Datia, Madhya Pradesh	India
S1-292900819	Services Tycon Connect Partners	Shop No. G-01-C, Mangalam - Residency Apartment, Pragati Nagar, Ajmer, Rajasthan	India
S1-400465176	Eastern Infotech	Mahmoodabad Building 15- M.G. Marg Hazaratganj, Lucknow, Uttar Pradesh	India
S1-575158793	Cultural Foundation	29430 Lehigh Drive, Elkhart, IN	US
S1-777501835	Webb Associates	4537 Forest Avenue, Kansas City, MO	US
S1-199424053	Memorial Coalition LLC	111 Andrew Avenue, Troy, AL	US
S1-882213843	Pune Cinema Limited	Pune, Maharashtra, S. No. 695/1 Office No.21A Adinath Shopping Center Near Manker Dosa, Pune	India
S1-984476715	Krishna & Sons Private Limited	No. 235, Binnamangala, 2Nd Floor, 13Th Cross Road, Bangalore North, Bangalore, Karnataka	India
S1-73266388	Trujillo Sony LLC	113 Cimarron Trail, Irving, Unit 2106, TX	US
S1-3892247	Zenavue LLC	13 Pavilion Lane, Berkeley Springs, WV	US
S1-736788724	Bay Network, LLC	2271 Ghee Lane, Eagleville, TN	US
S1-644319783	Puja Advisors	Vinayaka Appartment Khardah, Kolkata, Parganas North, West Bengal	India
S1-718006993	Chand Vision	30-2-12/1 Burra Varii Street, Kakinada, East Godavari, Andhra Pradesh	India
S1-798071102	Luther and Lourenco Inc	550 Melvin Road, Franconia Township, PA	US
S1-66196333	Frontier Hamilton	1259 Longholm Court, Chattanooga, TN	US
S1-25801510	Novara Galaxy Inc.	MT, 6785 Silver Fox Court, Helena	US
S1-704070992	Different Hotels Private Limited	C- 180A, Ist Floor, Gate No. 2 Defence Colony, New Delhi, Delhi	India
S1-304116959	Orthopedic Clinic LLC	114 Dale Road, Wethersfield, CT	US
S1-38082080	Palanhare Academy	B-506, 5Th Floor, Codname Only The West Lodha Supreme, Kolshet Road, Thane West, Thane, Maharashtra	India
S1-95742235	Combatore Consultants Ltd	186A T D Street Race Course, Combatore, Coimbatore, Tamil Nadu	India
S1-191211002	Hakim Cold (India) Company	Flat No 102, Block D, Mona Greens, Vip Road, Zirakpur, Mohali, Punjab	India
S1-666499407	Vadapalani Projects Pvt. Ltd.	No.75, Natarajan Street, Dhanalakshmi Colony, Vadapalani, Chennai, Tamil Nadu	India
S1-185491325	Gold Software Pvt Ltd	Sh-2 Bl-A, Gr-Fr-467-Hldg, Surya Sen Pally Lp-162/15, Kolkata, Kolkata, Howrah, West Bengal	India
S1-605002576	Commit Homes (India) Pvt Ltd	At- Baitpara, Balasore, Orissa, Basta, Balasore, C/O Pradeep Hota	India
S1-107023539	Palmer Fresh Tribeca	2898 Gibraltar Street, Brownsville, TX	US
S1-986669870	Unified Staffing Inc	1757 Princeton Avenue, Saint Paul, MN	US
S1-994856538	Kesteon Freight Inc	18304 93, Missoula, MT	US
S1-839661205	Behavioral Health Center LLC	1402 Elliott Court, Clarksville, TN	US
S1-82820917	Meridian LLC	5211 Daybrook Circle, Unit APARTMENT 438, Rosedale, MD	US
S1-837264242	Throneberry Motors	ME, Surry, 1149 Surry Road	US
S1-939928083	Sentini & Sons Private Limited	H. No. 7-1-636/31, F No. 102, Park View Apts, Ameerpet, Hyderabad, Telangana	India
S1-375464245	Upper Signature Tpg LLC	700 Ali Lane, Victoria, MN	US
S1-759928343	Back Alley Ice Cream Inc	Riverdale, 4201 River Road, MD, Unit 5099	US
S1-220791793	Jain Creative Producer	#5/702, Plot No 32, Muneeswar Nagar, Hosur, Krishnagiri, Dharmapuri, Tamil Nadu	India
S1-820183068	Hedgepeth and Bennett	307 Hawks Road, Lowgap, NC	US
S1-150681360	Jan Producer Limited	Nilkanth, Block No-63, Pooja Park-3, Chandreshnag, Rajkot, Gujarat	India
S1-661293113	Division of Motor Vehicles	20 Longmeadow Road, Norfolk, MA	US
S1-83813770	Gilbert Dte, Inc	2005 Don Carlos Avenue, Tempe, AZ	US
S1-856111350	Z+ Pro LP	545 Evergreen Avenue, Youngstown, OH	US
S1-991109664	Summit Technologies	204 Rock Street, Unit 14, Fall River, MA	US
S1-691899933	Hi Exports (India) Private Limited	Hari Krishna Nagard S Lane Ps Shibpur, Howrah, West Bengal	India
S1-555737979	Pediatric Dental Clinic LLC	1892 Cardinal Circle, West Norriton Township, PA	US
S1-665957316	Indo Solutions Pvt Ltd	G-148, Kalkaji, New Delhi, South Delhi, Delhi	India
S1-171232743	Services Tauras Investment Private Limited	Bldg No. 218 / F, Madappatuparambil, Pannithadam, Chiramanangad P.O. Kunnamkulam, Thrissur, Kerala	India
S1-423333394	Urban Exports Pvt Ltd	No 7 A, 7Th Floor, Gee Gee Emerald 151 Village Road Nungambakkam, Chennai, Tamil Nadu	India
S1-33869471	Services Shepherd Synthetics Private Limited	House No. 3724, Plot No. 160, 2Nd Floor Kanhiya Nagar Tri Nagar, New Delhi, North West, Delhi	India
S1-425128718	A Cure 6 IT	6942 Talton Drive, Franklin, OH	US
S1-875123974	Vision Tech Private Limited	7 Deodar Street, Kolkata, Howrah, West Bengal	India
S1-204552244	Pediatric Dentistry Associates LLC	Millcreek, 3510 Westwood Drive, UT	US
S1-705118055	Jarleus Idea Partners	5013 62nd Street, Sapulpa, OK	US
S1-647303857	Integrated Genomic Digital	4518 Seminary Avenue, Richmond City, VA	US
S1-200244116	Associated Cargo Enterprises Inc	430 Indiana Avenue, Unit 411, Indianapolis, IN	US
S1-280992258	Royal Surveyors Private Limited	Haringhata, West Bengal, C/O. Sanjoy Dutta, Nadia, Jhikra, Digalgram	India
S1-545946302	Precision Carolina Inc	75 Mahogany Run, NY, Pittsford	US
S1-979232639	Gujarat Systems	405, Minar Apartments, Deccan Towers, Basheerbagh, Hyderabad, Telangana	India
S1-979504798	BQ Exploration, LLC	1130 450, Unit 301, Provo, UT	US
S1-102811957	Payne Enterprises	3315 Fremont Street, Peoria, IL	US
S1-845572771	HN Services Pvt Ltd	Plotno109, Blockd, 1Stfloor, 5Th Street, Kandasamynagar, Saidapet, Kanchipuram, Tamil Nadu	India
S1-8713989	Li Sterling Technology LP	8057 Little Circle Road, Noblesville, IN	US
S1-434184278	Anderson Silicon LLC	6169 River Breeze Way, Leland, NC	US
S1-428981437	Golden Games LLC	5611 Teakwood Lane, Magnolia, TX	US
S1-164824018	Providence Trading Pvt Ltd	23 A N S Road4Th Floor Room No 6 P S Hare Street, Kolkata, Calcutta, West Bengal	India
S1-729963974	Physical Therapy Elite Clinic LLC	3627 Chalmers Drive, Bargersville, IN	US
S1-336396762	Aditya Solutions LLP	H.No.1362/2A, Balram Vivekanand Nagar Sultanpur, Sultanpur, Uttar Pradesh	India
S1-569530967	South Premier Gesher	8324 Mentor Avenue, Mentor, OH	US
S1-792291004	Royal Healthcare	B-3/402-403, Audumbar, Lokudyan Kalyan (West), Thane, Thane, Maharashtra	India
S1-28154358	Elite Biotherapeutics Inc	13991 N Shore Road, Belfair, WA	US
S1-315618381	VS Rice Inc.	37 10th Street, Newark, OH	US
S1-240811681	IG Centreprivate Private Limited	Gujarat, Gandhi Nagar, 3/4/87, Gandhinagar, Jawahar Sherri Dehgam, Dehgam	India
S1-199554784	New Delhi Ai Private Limited	New Delhi, Nhai Corporate Officeplot G-5 & 6 Sector -10 Dwarka, West Delhi, Delhi	India
S1-343815751	Dahlia Power Reliable Scientific LLC	630 45th Terrace, Kansas City, MO	US
S1-230304885	Parker Certified Acquisitions Inc	2801 Richmond Avenue, Staten Island, NY	US
S1-45260965	Laurette's Entertainment	56 Beal Street, Unit 2, Winthrop, MA	US
S1-332709346	Infrastructure Core Service Private Limited	Ground Floor, K M K Tower, No.142, K H Double Road, Bangalore South, Bangalore, Karnataka	India
S1-556931972	Physical Therapy Physicians Care	1102 Stonelake Drive, Cleburne, TX	US
S1-790965203	Commission on Aging	1075 Hyde Park, Layton, UT	US
S1-40559296	Steele & Long PLLC	11 Wilmington Court, Sugar Land, TX	US
S1-927439441	Halcyon	10 Colicum Drive, Charlton, MA	US
S1-669769290	Walla's American Auto Glass	TX, Round Rock, 1500 Parkfield Circle	US
S1-576056148	Pune City (mumbai) Clinic	Flno B/902 Meghvasha S, 119/2/3 Warje, Pune City, Pune, Maharashtra	India
S1-437921408	Lucknow Hospitality Ltd	C/Opushpa Tiwari, Deen Dayal, Upadhay Nagar, Lucknow, Uttar Pradesh	India
S1-757724109	Red Agro Private Limited	2/1A, Sarat Bose Road, Lansdowne Towers, 4Th Flr, Kolkata, Kolkata, Howrah, West Bengal	India
S1-980527692	Supremo Brothers Private Limited	39, Top Floor, 1-In, 17A, Vardan Complex, West Extn, New Delhi, Central Delhi, Delhi	India
S1-962080760	Stafford County Youth Association P.C.	245 Abberly Drive, Unit UNIT 103, Stafford County, VA	US
S1-774021325	Dickerson & Kaplan Pennymac Inc	Sealy, 908 Eagle Lake Road, TX	US
S1-812323348	3458 Lexington Way Partners LLC	Cameron, 49 Gloucester Court, NC	US
S1-741937259	Lavinia Oehler, DDS	MA, 452 Whistleberry Drive, Barnstable	US
S1-777597828	Uptown Pub	6114 10th Avenue, Spokane Valley, WA	US
S1-647737596	Scorpio & Brothers Private Limited	Nagpur, Nagpur (Urban), 117 Sudarshan Colny, Maharashtra, Nagpur	India
S1-936157856	Best Hospitality Private Limited	Tc 12/282, Plammoodu - Thekummoodu Road, Pattom P.O., Thiruvananthapuram, Trivandrum, Kerala	India
S1-473219328	Agra Interactive Private Limited	C 67, 8Th/F Block C Gh 2, Multitech Towers, Sector 91, S.A.S.Nagar (Mohali), Rupnagar, Punjab	India
S1-894251996	Electronic Creative Technologies	3187 South Street, Quincy, IN	US
S1-669018608	Hopewell Foundation (India) Private Limited	164, Thiruthangal Road, Tamil Nadu, Sivakasi, Virudhunagar	India
S1-29547169	Q & Q Photonics Inc	3923 B El Nido, Hobbs, NM	US
S1-335017093	Blaylock Universal Inc	5055 University Drive, Unit C61, Mesa, AZ	US
S1-749766134	Aditya It Private Limited	84/1, Jelia Para Lane P. S. Golabari, Howrah, West Bengal	India
S1-903118861	Malone Midwest Horse L.L.C.	1000 Olde Eastwood Village Boulevard, Unit 5A, Asheville, NC	US
S1-347219845	Marutinandan Entertainmentprivate	A5, 1St Floor Chhote Lal Park Village, Basai Darapur, Delhi, West Delhi, Delhi	India
S1-389169117	Ridge Pinnacle Chesapeake LLC	1785 Via Appia Drive, Sunrise Beach, MO	US
S1-438774184	Oncology Center	18275 22, Berlin, NY	US
S1-200592763	Mumbai Comtrade Ltd	304, B-Wing, Boomerang, Chandivali Near Kamani Oil, Andheri (E0, Mumbai, Mumbai City, Maharashtra	India
S1-23856434	Frames (india) Private Limited	Chennai, Pantheon Road Egmore, Tamil Nadu, No.90	India
S1-106786002	Indian Consultants Pvt Ltd	Pune, Bunglow No. 04, High Class Residency, Sno. 344, Pl No. 300, Pune, Maharashtra	India
S1-695566958	Foot & Ankle Express Care Associates	5742 Wayne Memorial Drive, Pikeville, NC	US
S1-136601270	Jai Trading Private Limited	13/259D, Ss Building, Near Kerafed, Muthambiroad, Quilandy, Kozhikode, Kerala	India
S1-214119211	Mumbai Exports Private Limited	14 16 Javeri, Building, Kalbadevi Road, Flr 2, Mumbai, Maharashtra, Mumbai	India
S1-89209690	Upper Pediatrics	26688 Perdido Beach Boulevard, Unit Unit 1801, Orange Beach, AL	US
S1-404204072	MY Intelligent LLC	3115 Conway Street, Houston, TX	US
S1-378581442	Edee Huggins Airport, LLC	808 44, Franklin, IN	US
S1-251291044	New Care Private Limited	Maharashtra, A-1201, Mumbai City, Raj Classic Chsl, Yari Road Panch Marg, Next To Bianca, Andheri West, Versova, Mumbai	India
S1-10092319	Darshan Easy LLP	15-B (1), Bikaner, Rajasthan, Industrial Area, Rani Bazar, Bikaner	India
S1-341886281	3453 Lake Lane Properties, LLC	Bentonville, Unit Apt 21, AR, 2101 Pine Hurst Drive	US
S1-317054463	Agency Investments Pvt Ltd	Aurangabad, Maharashtra, Lahoti Hospitalplot No-9 Bansillal Nagar	India
S1-905769449	44/90 California	Apple Valley, CA, 11090 Sandy Lane	US
S1-956803340	Ziran Lifesciences Private Limited	1-28, East Godavari, Samanthakurru, East Godavari, Andhra Pradesh	India
S1-543760819	TMY Caterers Private Limited	H. No. 3-122, Bapuji Nagar, Yapral, Hyderabad, Telangana, Hyderabad, Telangana	India
S1-836117858	1334 Second St Apartments LLC	55265 Gallatin Road, Unit UNIT 2, Gallatin Gateway, MT	US
S1-170538959	Ghazipur Industries Company	Chukfzullah Rohit Nagar Bindwalia, Ghazipur, Uttar Pradesh	India
S1-453879293	Clary Daniel Heritage Sciences	4045 Berberis Way, Wilmington, NC	US
S1-284938229	Jain Ventures Private Limited	#313, J.C. Extension, Vijayapur, Devanhalli Ta, Luk, Vagdevi Nilaya, Bangalore, Karnataka, Bangalore	India
S1-13723036	Express Marketing Partners	2210 Center Street, Aurora, NY	US
S1-606109978	Dynamic Technologies Private Limited	C-4, Madhikar Garh Colony, Tehsil, Kotputli, Jaipur, Rajasthan	India
S1-857664588	Tee (India) Consultech Private Limited	House No. 5, 1St Floor, Block-Gd, Pitampura, Delhi, North West Delhi, Delhi	India
S1-883085658	Silver Loan LLC	29 Manor Drive, Hudson, OH	US
S1-404079969	Shyam East Pvt Ltd	529D/164/Ff-10, Sun Tower Kanchana Vihari Marg, Kalyanpur, Lucknow, Uttar Pradesh	India
S1-738071841	Origin Trading	401, Block D, Alaknanda Cghs, Plot No. 15, Sector 56, Gurgaon, Haryana	India
S1-296476213	Mumbai Extruders Limited	Conference Room No.4, Taj Wellington Mews 33, Nathalal Parekh Marg, Mumbai, Mumbai City, Maharashtra	India
S1-349526089	Great Products Private Limited	Semmenjeri Chennai, Kanchipuram, Tamil Nadu, No.38 Sardar Patel Road, Saidapet	India
S1-538382462	Pun E Foundation Pvt Ltd	Sno 28 Flat No 402Meghraj Prestiage Karvenagar, Pun E, Maharashtra	India
S1-772737756	YK Computing	118 Gladys Street, Houma, LA	US
S1-723604233	Ryan and Osteen Coinshares, LLC	3096 Campbellton Road, Bldg B, Atlanta, GA	US
S1-813444083	Frontier Investments, LLC	Chattanooga, 1144 23rd Street, Unit 104, TN	US
S1-27188964	Internal Medicine Partners LLC	3938 Byram Avenue, Indianapolis, IN	US
S1-88621243	Jackson Andretti LLC	40710 Rogers Crossing Road, Wilna, NY	US
S1-973731236	Ziclarum LLC	4000 Archwood Avenue, Cleveland, OH	US
S1-95631098	Stewart, Giroux & Goodman LLC	921 Veterans Lane, Crown Point, IN	US
S1-347825718	1 800 Flowers Inc.	30 Eagle Lane, Smithtown, NY	US
S1-688159230	Rajasthan & Co	Novopan Premises, Sy. No. 23, 26, 27, Balanagar Villeage & Mandal, Balanagar, Mahbubnagar, Mahabubnagar, Telangana	India
S1-237177847	Laborers Union Local No 454	100 Brahman Road, Magdalena, NM	US
S1-33745503	Neuenschwander Apex Four Partners	4318 Ranier Avenue, Massillon, OH	US
S1-494517670	VDM Safety	2861 Dellvue Drive, City Of Fitchburg, WI	US
S1-5295461	Garay and Jones Corp	901 Howard Street, Shelbyville, IN	US
S1-574308285	Atlantic Coalition	104 Noel Cove Circle, Nashville, TN	US
S1-450086555	Unique Infra Private Limited	Jaipur, Neelam Hotel, Near Ganpati Plaza, Moti Lal Atal Road, Rajasthan, A-3	India
S1-190941677	Urgent Care Medicine Inc	1842 Clifty Drive, Madison, IN	US
S1-75337893	Technologies Grameen Pulses Private Limited	Jaipur, Heerapura, P.No.- 442 Vardhman Nagar-B, Jaipur, Rajasthan	India
S1-120864979	Apis Brothers Private Limited	Thergaon, Ganeshnagar, Wakad Road, Pune, Maharashtra, Pune City, 426-14	India
S1-818138854	C/J Chs Inc	6401 Bluebonnet Boulevard, Baton Rouge City, LA	US
S1-21947145	Mulato Regional Advisors	407 Wickes Street, Boulder, MT	US
S1-420343429	Vision Infotech Private Limited	Borivali East, Mumbai, Flat No.502, Maharashtra, B Wing, Priya B Wing, Kasturba Road, Near Mahavir Photo Studio	India
S1-36713743	Regional Ministries	Oologah, OK, 13153 Ranch Acres Street	US
S1-8412929	Martinez Safety LLC	West Valley City, UT, Unit 206, 5285 Fannin Lane	US
S1-307962633	Historical Committee Inc.	3823 Hidden Cove Court, Rockwall, TX	US
S1-13788702	Varner Infinite	Omaha, Unit 1, 1613 Vinton Street, NE	US
S1-72310418	Burger Solution Limited	Flat No. A702, 1St Main, Mantri Classic, 8Th Cross S.T. Bed Layout, Koramangala, Bangalore, Karnataka	India
S1-41872427	Memorial Initiative	1150 K Street, Unit 1306, Washington, DC	US
S1-859319473	Howarth Evolution Corp	1559 Drakes Creek Road, Hendersonville, TN	US
S1-635555544	Highland Delta Dome LLC	1602 Summit Street, Union, NY	US
S1-991945738	Red Constructions	East Delhi, 95 B Village Patpar Ganj, East Delhi, Delhi	India
S1-105397585	Desert Xsolla	200 Jackson Drive, Berryville Town, VA	US
S1-485642352	Green Logistics Private Limited	7 Kashinath Mullick Lane., Calcutta, South 24 Parganas, West Bengal	India
S1-783781980	Crook & Brunton LLC	109 Belmont Avenue, Asheville, NC	US
S1-6034061	Rib Manpower Private Limited	Vevekananda Nagar, Kukatpally, Plot No 309, Hyderabad, Telangana, Rangareddy	India
S1-318373630	Red Ventures Private Limited	Rajasthan, Jaipur, Banipark, Gokul Apartment, E-3A Kanti Chandra Road, G-1	India
S1-86469552	Nelson Sumitomo LLC	73 Old Meadow Lane, Bath County, VA	US
S1-440773087	Rgi Institute of Technology	Site No. 3, 2Nd Floor, Kiadb Main Road, Opp. Bwssb, 2Nd Phase, Karnataka, Bangalore, Bangalore North, Plot No. 3B	India
S1-248463846	Ernesta's Express Cleaning Service	4675 Sugar Hill Street, Houma, LA	US
S1-203630413	Universal Big Trading Pvt Ltd	300, Bharat Nagar, Pal Road, Jodhpur, Rajasthan	India
S1-275306807	Sampath Mozayyx	8989 Point Caswell Road, Atkinson, NC	US
S1-136081707	Green Global Apogee	60 Taft Brook Road, Dover, VT	US
S1-587750075	UN Telecommunication	408 N Pointe Drive, Unit 216, Salisbury, MD	US
S1-618676054	Swanson Golden Foods Corp	106 Sundew Lane, Cary, NC	US
S1-165937999	Llanes Value Ventures LLC	850 1st Avenue, North Hempstead, NY	US
S1-115576618	Dental Specialists LLC	2013 Prickly Pear Cove, Leander, TX	US
S1-598570539	Big Marketing Private Limited	Edappilly, Ernakulam, Firstfloor, Oryxarcade, Vmbroadpathadipalam, Kerala, Doorno.2 (Municipalno.30/123C4)	India
S1-78530283	Force Academy Private Limited	No. 21, 2Nd A Cross, Byraveshwara Nagar, Near Pipe Line Factory, Laggere, Bangalore, Karnataka	India
S1-736418916	Sonipat Engineering	Khewat No 88, Kila No-45/12/1/3/5 Narela Road, Piau Maniyari, Kundli, Sonipat, Sonepat, Haryana	India
S1-627027654	Clear Dental	6727 Balsam Drive, Bedford Heights, OH	US
S1-96408151	Buum Complete Guaranty LLC	564 Austin Avenue, Lebanon, TN	US
S1-469424334	People Technologies LLP	Gautam Buddha Nagar, Noida, Flat No. T15/001 Paras Tierra Apartment, Sec-137, Uttar Pradesh	India
S1-793898732	DE Ridge Clough LLC	639 Gheens Ave, Louisville, KY	US
S1-713870051	Ridge Figx Inc	1645 Beaver Dam Road, Erwin, NC	US
S1-41090804	Anchor Metro PLLC	17805 55th Street, Phoenix, AZ	US
S1-937356823	Vision Global Private Limited	Balaji Towers', No. 9/1A/1, Hotgi Road, Aasara Chowk, Solapur, Solapur, Maharashtra	India
S1-729213488	Northwind Figx LLC	37 1/2 Charles Street, Cortland, NY	US
S1-445868199	Physical Therapy Group Inc	7311 Madison Commons Lane, Houston, TX	US
S1-267071757	First Technology Private Limited	Bhigwan Road, Gurusadan Socytal, Baramati Dist, Pune, Maharashtra	India
S1-102206723	Physical Therapy Heartland Clinic	950 Woodland Avenue, Unit 5, Ojai, CA	US
S1-975764194	Best Foods Private Limited	House No. 26, A/P Shirshi, Mangalwedha, Solapur, Maharashtra	India
S1-563130072	Saint Emanuel	159 Southern Horizon Drive, NC, Statesville	US
S1-289148559	Maisie Potter Platinum Abacus LLC	402 6th Street, Altoona, IA	US
S1-247776121	Peak Retail Labs	2264 Chapel Road, VT, Bennington	US
S1-972928064	Pacific Fund	136 Circle, Milford, NY	US
S1-314488659	145 Sixth Apartments Partners	9624 Vermilion Drive, Knoxville, TN	US
S1-36002367	Wandie Bittinger Transalta Co	425 Superior Street, Bellefontaine, OH	US
S1-900353897	Mahakaal Lifestyle Pvt. Ltd.	6, Rockville Road, Darjeeling, West Bengal	India
S1-862536717	Yamuva Commotrade Private Limited	S. No. 61/1/3, Shop No. 7, Gracia, It Park, Kharadi, Pune, Maharashtra	India
S1-418041254	KS Tri-State Indonesia Inc.	607 4th Street, Ozark, AR	US
S1-511120022	Creative Constructions Private Limited	Telangana, Secunderabad, 6-4-36/6/9 Bholakpur, Hyderabad, C/O T Rajalingam	India
S1-679639491	Aeriell Stevens Secure Praetorian	2915 Hollister Avenue, Norfolk City, VA	US
S1-119709427	Nguyen Quality Mortgage L.L.C.	235 Crawford Valley Drive, Hazard, KY	US
S1-57830465	Al Agro Limited	Bunglow No. 10, Pune, Mulberry Garden 2 Magarpatta City, Hadapsar, Pune, Maharashtra	India
S1-734355564	Creative Defense Systems LP	2502 Pixton Drive, Killeen, TX	US
S1-343612376	Cascade American Inc	12709 3rd Avenue, Unit 2, Spokane Valley, WA	US
S1-448651589	Summit Capital Inc	6695 Conesus Springwater Road, Conesus, NY	US
S1-758665544	Manavi Mines Private Limited	1/66/9, Vanjimaa Nagar, Sri Muthusamy Saalai, Vennaimalai Post, Kadaparai Village, Manmangalam Taluk, Karur, Tamil Nadu	India
S1-567495216	Aristo Steel Private Limited	506 Akashdeep Khadkibazar, Pune, Maharashtra	India
S1-635244275	Quality Software Collective Inc.	6640 Thamesmead Lane, Mint Hill, NC	US
S1-911423430	Solana Silos Private Limited	Pune City, S No 37/2, Maharashtra, Pune, Keshav Complex	India
S1-220448941	Shree Consultants Pvt Ltd	Maharashtra, Jalna, Gut No. 11 & 12, Jalna, At Post Borkhedi Near Malacha Ganpati, Sindhkhedraja Road	India
S1-942409187	Prairie Cal LLC	614 Northaven Court, Jacksonville, AR	US
S1-547730565	Supreme Foods	2/ 603, East End Apartment Cghs Mayur Vihar Phase- 1 Extn, Delhi, East Delhi, Delhi	India
S1-904923867	Parasnath Trust Ltd	Room No.10, C Wing, Tej Mahal Umeda, Umed Ashram, S.V.Road, Borivali (West), Behind Police, Station, Mumbai, Maharashtra	India
S1-288359061	Muire Tarr, DDS	6525 Villa Spring Dr, Louisville, KY	US
S1-382105762	Interstate Quartzsea LLC	5697 Campus Drive, VA, Virginia Beach City	US
S1-18789095	All Future Constructions Pvt Ltd	K-33 Yashoda Nagar, Kanpur, Uttar Pradesh	India
S1-976833083	Orb Web	Flat No-302, Third Floor, Gat No-452/1/1 Sheetal Heights, Nr. Ganpati Mandir, Gandhavnagari Road Moshi, Pune, Maharashtra	India
S1-315428768	Maid Auto Body!	91 Otis Road, Islip, NY	US
S1-533767137	Lrg Flour (India) Pvt Ltd	Flat No. 40, 4Th Floor, Blk -A-2, Pkt 3 Sec 34 Rohini Landmark N/A, Delhi, North West, Delhi	India
S1-428751350	Behavioral Health Medicine	Boonville, IN, 51 Rockport Road	US
S1-654156225	KBM Research Private Limited	C/O Arvind Kumar, S/O Ram Sujan Prasad, Asochak, Police Station-Ramkrishan Nagar, Patna, Bihar	India
S1-987058045	Addi Nguyen Quality Cherry Inc	Rogers, 18868 Pinecrest Trail, AR	US
S1-943981127	Vasavi Management Private Limited	Plot No. 973, Khasra No. 30/13 Palam Extension Part-1, New Delhi, Delhi	India
S1-827532896	Castro Peak Acquisition	852 Charles Street, Unit 1, Fall River, MA	US
S1-377518497	Bombay New Solutions Pvt Ltd	North West, Delhi, Ground Floor, Pkt-B, Sec-4 Bawana Dsidc City, Plot No. 54	India
S1-106072003	Anchor Vista Inc	Burnsville, MN, 2601 Valley View Drive	US
S1-263741395	Dynamic Power Private Limited	C-13 Gida Sector 13, Uttar Pradesh, Gorakhpur, Sahajanwa	India
S1-670633969	Glob Traders Pvt Ltd	2Nd Floor, Gala No. 203 And 204, Parmeshwar Industrial Premises Co-Op Soc Ltd, Dumping Road, Chincholi Bunder, Near Lemon Tree Hotel, Mind Space, Malad West, Mumbai, Maharashtra	India
S1-720511261	Vanguard Line Inc	11558 Mesa Linda Street, Victorville, CA	US
S1-233264418	Gustie Kumar, MD	415 Patrick Street, Alexandria City, VA	US
S1-954241367	Memorial Initiative LLC	10251 5th Avenue, Countryside, IL	US
S1-405141919	Star Staffing LLC	128 Willerine Drive, Belmont, NC	US
S1-714258980	Foster Beacon Security	6413 A Shiplett Boulevard, Fairfax County, VA	US
S1-350799036	Little Hair Studio	30 Sanford Avenue, Bridgeport, CT	US
S1-101298543	Shiv Human Private Limited	Mithul Nivas, Indira Nagar, Ambalakkad, Kallepully, Palakkad, Kerala	India
S1-314356755	Summit Stellar, LLC	35 Beach Street, Fall River, MA	US
S1-170993723	Turcios, Cheney and Cruz LLC	102 Lemon Street, Unit UNIT 103, Ontario, CA	US
S1-375311170	Cardiology Atlantic Group Partners	33 North Lane, Huntington, NY	US
S1-107644916	Valley Project	801 Val Mar Drive, San Bernardino, CA	US
S1-221790674	Burns's Pharmaceuticals PC	2510 Fairmont Road, Morgantown, WV	US
S1-722701300	Prananth Chemicals Limited	Ed-2C Pitampura, Madhuban Chownk, New Delhi, North West, Delhi	India
S1-137252060	Software Skyline Producer Private Limited	Jaisalmer, Sanwal Colony, Jaisalmer (M) Laxmichand Sanwal Colony, Rajasthan, H-52	India
S1-851071526	Thalassery Yogi Pvt Ltd	13/160-B, Kerala, Prabhajitham, Pandakkappara, Thalassery, Kannur	India
S1-501813247	Jack Products Inc.	22 Desert Springs Road, St George City, UT	US
S1-375514866	Aurium Valuence LLC	2044 Marigold Street, Portland, OR	US
S1-959134934	Pediatric Dentistry Trusted Partners	700 Monroe Senter Street, Knoxville, TN	US
S1-28453582	Laxmi Foundation Pvt Ltd	No 45 F Karukinil, Amarthaval Koil Street, Kancheepuram, Kanchipuram, Tamil Nadu	India
S1-178252371	Darsey Hunter, DO	501 North Street, Washington, IL	US
S1-194342714	Hunt Earths PLLC	965 Delhi Avenue, Cincinnati, OH	US
S1-581802697	Atlas Sab PC	40 Prospect Street, Rutland City, VT	US
S1-302869473	International Automation Consultants Inc	329 Rev Walton Drive, Lockport, IL	US
S1-910787107	Mehi & Brothers Ltd	P-15, Bentinck Street, 1St Floor, Kolkata, Kolkata, Howrah, West Bengal	India
S1-470047952	Mangione, Moller & Thomas LLC	20 Park Street, Fl Floor 1, Albany, NY	US
S1-829232083	Buildtech Electrotech Pvt Ltd	Y.L.Randive House, A.S.Road A.S.Road, Thane, Maharashtra	India
S1-679981169	Behavioral Health Specialists	TN, Maryville, 701 Old Glory Road	US
S1-990354457	Surgical Group of Jarrettsville	MD, Jarrettsville, 4040 Federal Hill Road	US
S1-609879461	Fiteify First Lifestyle Inc	3111 Park Street, Sapulpa, OK	US
S1-606804763	Thane Lifestyle Private Limited	Shop No 3, Giridarshan Bldg, Old Agra Road, Thane, Maharashtra	India
S1-350946067	Sp Medical Centre	No 32/33, (5D/2) B A1, 4Th Seaward Road Valmiki Nagar Thiruvanmiyur, Chennai, Tamil Nadu	India
S1-657325262	Miller & Perry P.C.	3824 Cedar Ridge Drive, Norman, OK	US
S1-859429554	Nature Chits Private Limited	No.34/605 Islamic Center Shopping Complex, Civil Station, Kozhikode, Kerala	India
S1-300598855	Green Fortune Software Private Limited	Sixth Floor, Rr Tower Iii, T.V.K Industrial Estate, Guindy, Chennai, Chennai, Tamil Nadu	India
S1-68338967	Iormina Mowdy Virginia Clinic	39 Hoover Road, Walpole, MA	US
S1-935335906	Ortega Clear End LLC	20630 Castle Bend Drive, Katy, TX	US
S1-941297000	Francisca Cooley Direct Southern LLC	6100 Halstead Street, Hutchinson, KS	US
S1-579713403	Super Care Private Limited	Sekhar Bellevue Varthur Bellandu, Bellandu, Bangalore, Karnataka, D-301	India
S1-180206717	Linnet's Property Solutions	403 Severn Way, Edgewood, MD	US
S1-781972397	Celestyn's Management	Graham, 2518 Nealwood Avenue, NC	US
S1-261082046	Arya Marketing	5, Ashwaraj Bunglows-2, Opp. Dev Vihar-1, Thaltej, Ahmedabad, Gujarat	India
S1-674726407	Metro Aviation Inc	3854 109th Street, Chicago, IL	US
S1-22633084	Premier Foundation Limited	Gurgaon, Sushant Lok Phase 1 Near Park Plaza, Gurgaon, Haryana, C-329	India
S1-331980075	Supreme Services Private Limited	S. No. 230/231, Arun-B3, Flat No. 201, 2Nd Floor, Junnar, Pune, Maharashtra	India
S1-459469949	SX Agricultural LLC	23 Warren Street, Nantucket, MA	US
S1-905466466	Division of Consumer Affairs	MN, Crosslake, 38661 Windsor Avenue	US
S1-780227346	Frontier City Care	7 Donelle Way, Lancaster, MA	US
S1-258952627	Studio Investments LLP	Sf. No. 125/2B, Avinashi Road Opp To Indian Oil Pertol Pump, Neelambur, Post, Coimbatore, Tamil Nadu	India
S1-170252930	Keystone Tri-State Ethereum LLC	1304 Woodland Street, Springfield, MO	US
S1-547434022	National Cbre Inc.	5420 Broadway, Town Of Saratoga, WI	US
S1-406527214	Consultants Pixie Dental	181/21 Dakshindari Road Ground Floor, Kolkata, Howrah, West Bengal	India
S1-681058092	Bhama Seva Samiti-Delhi	H.No E-1/48, Budh Vihar Phase 1, Delhi, North West Delhi, Delhi	India
S1-159265354	Teex Holdings Group PC	1333 Grant Avenue, Unit 7, Ogden City, UT	US
S1-897495228	Horizon Hydro, LLC	Knoxville, Unit 5, 413 Catherine Mcauley Way, TN	US
S1-225893224	Surya Consultants Pvt Ltd	A-36, Ghanshyamnagar Society No.2, Gidc Road, Manjalpur, Vadodara, Gujarat	India
S1-679867766	Bright Seafood Inc	8531 Ff, Town Of Grant, WI	US
S1-934076354	Fastech Foods Limited	Govardan, Newno.47, Oldno.11Dr.Rangachari Road, Mylapore, Chennai, Tamil Nadu	India
S1-987375275	Hari Investment Private Limited	Hyderabad, Madhapur, Software Units Layout, Hitec City, Telangana, Plot # 4	India
S1-172261288	Graham Highland Shreya LLC	560 Middleton Drive, Lexington, TN	US
S1-307013074	Dharwad Infra Pvt. Ltd.	No. 793, Panchakshari Nagar, Behind Masjid, Near Garden, Hubli, Dharwad, Dharwar, Karnataka	India
S1-741128363	Siliguri Technology Private Limited	Utr Hig, Uttorayon Matigara, Siliguri, Darjeeling, West Bengal	India
S1-877296256	Doherty Institute of Technology	309 Carrie Cove, Chandler, IN	US
S1-381813432	Fancy Public School Limited	C/O Vinod Kumar Sharivastav, Moh Om Viharbilari, Bilari Mordabad, Mordabad, Moradabad, Uttar Pradesh	India
S1-630213803	Inox Informatics (India) Ltd	Marqaze Masjid Ke Pass Bhatiyara Mohalla, Veer Singh Palace Road, Madhya Pradesh, Datia	India
S1-888185705	North Infra Private Limited	Khasara No-961/1, Ground Floor, Right Portion, Vill- Mahipalpur, New Delhi, South West Delhi, Delhi	India
S1-279723180	Gulf Bright States	103 Colt Court, Pikeville, NC	US
S1-37759110	Duren, Duncan and Kinsey Inc	168 Beracah Road, Mooresville, NC	US
S1-984507050	Young, Beckie, Ph.D.	160 Willow Road, Unit A, Elgin, TX	US
S1-986414977	Jai Finance Private Limited	Prop No. 169 & 170, Upper Ground Floor Pocket-20, Sec-24, Rohini, Delhi, North West, Delhi	India
S1-173444224	Gonzales First Railway LLC	N9622 Darboy Drive, Village Of Harrison, WI	US
S1-135621193	Bison LLC	617 Lincoln Street, New Britain, CT	US
S1-345506917	Green Textile Brands Center	1551 158, Eure, NC	US
S1-235455145	Prajit India Private Limited	Rajasthan, 64 B, Jaipur, Ajmer Road, Hathroi Fort	India
S1-762909028	B 4 Supreme Mobile LLC	4031 Caddy Way, IN, Indianapolis	US
S1-103101914	Midwest Trusted Management Inc	OK, Kingfisher, 16058 820 Road	US
S1-743789700	Teamsters Local Union 979	6316 Red Spruce Dr, Louisville, KY	US
S1-544153034	Hernandez & Berry LLC	1057 Moccasin Drive, Pueblo West, CO	US
S1-679591102	Woodworth Ncr Inc.	14 Lanning Drive, Fairview, NC	US
S1-880481915	Keystone Staked LLC	510 Central Boulevard, New Hyde Park, NY	US
S1-214603601	Bright Vance Inc	7675 Southwick Drive, OH, Dublin	US
S1-902801260	I 2 Dynamic Audio Installation PLLC	1216 Virginia Avenue, Roanoke Rapids, NC	US
S1-661697526	Eye Group of Atlanta Inc.	1332 Wayne Avenue, Atlanta, GA	US
S1-580970774	Back Alley Ice Cream! LLC	Atlanta, 1040 Stovall Boulevard, GA	US
S1-93741603	Aguilar Diversified LLC	21255 Summit Drive, Sheridan, OR	US
S1-473112445	Epperson, Howell & Corcoran LLC	Frankfort, IN, 2778 400	US
S1-756873540	Keshav Traders Pvt Ltd	647, J/B002(P-32), Janisis Club, Madion, Kursi Road, Lucknow, Uttar Pradesh	India
S1-635770223	TG Ridge Bread LLC	9760 Stradley Road, OH, Eden Twp	US
S1-472139199	Melania Garcia Tankers	261 Heritage Hil Parkway, Unit 6106, Venus, TX	US
S1-251386342	Gold Trading Private Limited	A-70, Basement Gulmohar Park, Delhi, South Delhi, Delhi	India
S1-320563578	Pioneer Apparel Innovations LLC	IN, Chesterton, 1712 Amen Corner Court	US
S1-996067774	Heartland Horizon Rogers LLC	2587 Government Boulevard, Mobile, AL	US
S1-289512402	Safe Supply International	TX, Cypress, 20126 Crossvine Trail Lane	US
S1-579433542	Pollard Family Practice PLLC	AZ, Payson, 506 Ponderosa Street	US
S1-550072846	Byars Hair Studio LLC	516 Fritz Swanson Road, Kilgore, TX	US
S1-117022003	Paque Family Office	413 Sixth Street, WI, Village Of Waterford	US
S1-498218866	Shree Consultancy	H.No. 6-426, S.F.S Agarwal Farm, Jaipur, Rajasthan	India
S1-52566267	Shyam Hospitality Private Limited	106 Sasco Bhawan Commercialcomplex, Azadpur, Delhi	India
S1-826041251	Patriot Eco, LLC	TX, Pasadena, 208 Allendale Road	US
S1-998852346	Sammy Mcgowan Metro Shanghai LLC	716 Oak Hill Avenue, Union, NY	US
S1-636119444	Krishan College Public Limited	Floor - 7Th, Casa Granade Tower, Senapati Bapat Marg, Lower Parel, Delisl, E Road, Mumbai, Mumbai City, A-701, Maharashtra	India
S1-248553612	Sablan Vendome Inc	8403 Snouffer School Road, MD, Gaithersburg	US
S1-419725381	Hughes Cambridge of South Charleston LLC	212 11th Avenue, South Charleston, WV	US
S1-432079398	Vega's Bistro	4790 Brodribb Court, Unit D, Columbus, OH	US
S1-161556164	ZA Buildwell Private Limited	Sameer Nagar Ward No- 25 District- Khagaria, Bihar, Khagaria, Bihar	India
S1-621690113	Ceon Income	NY, East Hampton, 121 Fort Pond Boulevard	US
S1-860376386	White Industries Private Limited	3D, Parameswara Apts, 6-3-626, Anand Nagar Khairatabad, Hyderabad, Telangana	India
S1-259506508	Best Good Products Private Limited	D. No 19-428-51 Circarthota, Machillatnam, Krishna, Andhra Pradesh	India
S1-612712472	Maa Industries Private Limited	Palackal Court M.G.Road, Ernakulam, Kerala	India
S1-60951741	Mclemore, Rollings & Brown L.L.C.	95 Peter Hardin Lane, Elk Park, NC	US
S1-993896174	Anon Constructions Corp	Pune, Sr No 36/1/1 B Olympia Phase 1, Haveli, Maharashtra, Office No 207 Baner Gaon	India
S1-914887627	Future Media Private Limited	309 Dalamal Chambers3Rd Floor New Marinelines, Bombay, Mumbai, Maharashtra	India
S1-264156494	Diksha Technologies Private Limited	A-401, Nitesh Central Par, Bagalur Main Road, Bangalore North, Bangalore, Karnataka	India
S1-456318790	Pediatric Dental Center LLC	1151 Pioneer Drive, Cottonwood, AZ	US
S1-955236847	Tocci Vision	TX, 5105 Remus Drive, Houston	US
S1-62178354	Licata Pediatrics Inc	8620 Haviland Avenue, Lakewood, WA	US
S1-831199885	Plastic Consultants	Wz- 8/5, Industrial Area Kirti Nagar, New Delhi, West Delhi, Delhi	India
S1-434378322	Miller & Walton Machine Works	1704 Cedar Avenue, Austin, TX	US
S1-101933359	Ram Hospitality Private Limited	B-103 Prerna Societysector 10 Plot No 13 Dwarka New Delhi, New Delhi, West Delhi, Delhi	India
S1-245985596	Riley Engineering PLLC	Unit E-E15, Dove Valley, CO, 14200 Otero Avenue	US
S1-494744463	189 Fourth Lane Holdings	200 Oldcastle Lane, Forest City, NC	US
S1-66222580	Signature Aspac	136 Patriot Way, Poca, WV	US
S1-849274176	Aarvita Biosciences Private Limited	No.41, Ponnambalam Salai, K.K.Nagar, Chennai, Tamil Nadu	India
S1-866223929	Pineda Pediatrics, Inc	226-14 Francis Lewis Boulevard, Cambria Heights, NY	US
S1-487643378	Brightyn Popular LLC	2772 Plaza Drive, Baton Rouge, LA	US
S1-435692876	Laxmi Services Private Limited	Jithu Vihar H, Veliyannoor, Vaikom, Kottayam, Kerala	India
S1-466051402	Rowley Cyber Inc.	2221 I Street, Unit 501, Washington, DC	US
S1-432454578	VWS Granites Limited	Sr. No. 4 Alandi Road, Near Parande Bus Stop, Pune City, Pune, Maharashtra	India
S1-486019406	Jmp Solutions Pvt Ltd	Z.P.Member Anjanadri, 4Thmain, 2Nd Crossp.C Extn, Kolar, Karnataka	India
S1-286680045	Firefighters Union Local No 833	8309 Cushing Court, Fairfax County, VA	US
S1-54193164	Bardia Charitable Trust	Plot No.12 Flat No.03, Shri Radhe Apartment Opp. Sndl Office, Wardhaman Nagar, Nagpur, Maharashtra	India
S1-371874635	NL Services Pvt. Ltd.	New Delhi, South Delhi, C-35 South Extension Part I, Delhi	India
S1-32127543	2-Corners	323 80th Street, Birmingham, AL	US
S1-920620020	Krishna Mining Private Limited	M-601, Maceo, Sector 91 Meoka (121), Gurgaon, Haryana	India
S1-913573536	Martinez Earth, LLC	400 Railroad Street, Enfield, NC	US
S1-568364082	Caque Semiconductor LLC	351 Oakdale Avenue, Mineral Wells, WV	US
S1-552925165	Indian Exports LLP	No. 501, 9 Star Hills Shree Srinivasa Nilayam, Road 15, Panchavati Colony, Manikonda, Hyderabad, Telangana	India
S1-696908232	Sree Technologies Pvt Ltd	Regus Business Centre, 1St Flr, Shiv Sagar Estate, Dr. Annie Besant Road, Worli, Mumbai, Mumbai City, Maharashtra	India
S1-129416502	Johnson Peak Dynamix Associates	29673 Aspen Drive, Cedar Glen, CA	US
S1-251080561	Trinity Baptist Church	115 Commercial Drive, Unit B, Mooresville, NC	US
S1-504616419	Quality Technical International	1396 Meadow Lane, Ashland, OH	US
S1-897282581	Bowden Ridge Development LLC	248 Night Riders Way, Jarrell, TX	US
S1-258835301	Straight Edge Deli LLC	1925 N Fork Road, Fort Worth, TX	US
S1-612170454	Laxmi Logistics Limited	Muthu Sheth Chawl R No 5 Jamil Nagar, Bhandup, Mumbai City, Maharashtra	India
S1-656171162	Horne Jaws Corp	94 Foster Cove Drive, Lineville, AL	US
S1-606388895	De & Co	F-42, Shopping Centre, Iind Floor, Mansarover Garden Near Sbi, New Delhi, West Delhi, Delhi	India
S1-298441391	Chaffee, Reynolds and Lowden Pearl LLC	305 Belding Street, Hot Springs, AR	US
S1-968743706	Associated Logistics Solutions LLC	16 Gulf Road, Stafford, CT	US
S1-970834030	YH Figx, LLC	40 Fountain Lane, Unit 9, Weymouth, MA	US
S1-131746315	GX Land Private Limited	B-1/204, Maharashtra, Thane, Bright Star Chs, Ltd, Phase Yashaswvi Nagar, Thane	India
S1-554140203	Hodges Piedmont Ofs	130 Airport Road, Stanley, NC	US
S1-812302708	Bright Hospitality Consultants Inc	VA, Botetourt County, 15 Vela Circle	US
S1-950712151	563 Union Drive Holdings	93 Harmony Lane, Clarke County, VA	US
S1-594221098	Dyer Empire Diagnostics	69836 Meadow Parkway, Sisters, OR	US
S1-840162906	Summit Health LLC	95 Forest Edge Drive, Eads, TN	US
S1-490372842	Physical Therapy Group	510 Mettabrook Drive, Swanton, OH	US
S1-218573855	Swastik Agro Private Limited	Shop-5, C Wing, Pratap House Soc, Shivaji Nagar, Shivaji Maharaj Marg, Mumbai, Maharashtra	India
S1-654078241	Southern Estate	F-21, S/F, Lado Sarai, New Delhi, South West Delhi, Delhi	India
S1-189357115	Tehsil Bajana Furnaces Pvt. Ltd.	C/O Chapli Bai, Village Adapath Raoti Road, Tehsil Bajana, Ratlam, Madhya Pradesh	India
S1-880643397	Digital Foundation Private Limited	Alex Kuruvila, 15/547, Peringattu House Thellakom P O., Nr Sh Convent, Kottayam, Kerala	India
S1-170922609	Hoffman Interests	2 Carriage Pines Court, Spring, TX	US
S1-848176157	Dvs (India) India Private Limited	No.72 (Old No.781) T.H. Road Tondiarpet, Chennai, Tamil Nadu	India
S1-415506837	Continental Committee Center	2223 Cannon Gate Drive, Opelika, AL	US
S1-635596322	U+ Railway LLC	VA, 87 Rectory Lane, Stanardsville Town	US
S1-334820820	National Diagnostic Associates LLC	5045 Kiamesha Way, Mesquite, TX	US
S1-115182842	Overy Cardiology	17958 Quantico Road, Unit UNIT, Apple Valley, CA	US
S1-840631083	Developers Falcon Exports Private Limited	B-16, Swaminarayan Avenue, Nr. Torrent Power Aec Office, 132 Ring Road, Naranpura, Ahmedabad, Gujarat	India
S1-706626109	Prime Technical Ventures	3026 Mimosa Drive, Port Arthur, TX	US
S1-465823544	O & S Bnb LLC	109 Inverness Drive, Unit F, Inverness, CO	US
S1-975479429	North South Estate Private Limited	11-476/C, Bypass Road, Revenue Ward No. 11, Mangalagiri, Guntur, Andhra Pradesh	India
S1-746550858	Board of Finance	AZ, 2631 33rd Avenue, Phoenix	US
S1-956726685	Boswell Coastal Dynamics LP	15 Helio Hills Lane, WA, Manson	US
S1-455872239	Rinker Armada LLC	1536 Kennedy Drive, City Of Green Bay, WI	US
S1-880957636	Addis and Reed Care	Montgomery, AL, 2833 Fourth Street	US
S1-821434436	Pediatric Dental Medicine PC	4735 Heber Springs Road, Ida, AR	US
S1-347983357	O 8 Legacy Spa LLC	859 320, Salem, UT	US
S1-614222428	Silver Home Improvements, LLC	TX, 2509 Coulee Street, Irving	US
S1-11723896	Cure Bistro!	208 Sebastian Lane, Watsonville, CA	US
S1-149024193	Om Investment	C/O Dharm Vir, Dg-695/1, Sethan Mohalla Ward No.7, Kaithal, Haryana	India
S1-756208495	Goslin & Simons LLC	28 Canfield Drive, Shelton, CT	US
S1-562717328	Urgent Care Center, LLC	1 Hearthstone Way, Unit 376, Chandler, AZ	US
S1-357052363	Fowler Biopharma Inc	5510 Count Fleet Dr, Louisville, KY	US
S1-575212832	Sai Producer Private Limited	1-Ag-1-10/16, Flr-Grd, 1, Ganesh Murti Ngr. Captain Prakash Pethe Marg, Colaba, Back Bay Bus Depot, Mumbai, Mumbai City, Maharashtra	India
S1-730719211	Renee G. Garcia, O.D.	516 Main Street, Cleburne, TX	US
S1-24830339	Equip Products Private Limited	3804 Dfl City Phase 4, Gurgoan, Haryana	India
S1-881702132	O/P Yhn Associates	9923 195th Avenue, Bonney Lake, WA	US
S1-306934395	Phulwari Foundation Private Limited	Sri. Subhash Kr.Sinha., S/O Uma Shankar Pd, Sahyogi Marg, Ex.Road, Kadamkuan, Phulwari, Patna, Bihar	India
S1-778921081	Jarlus Plumbing LLC	Valparaiso, IN, 185 Amhurst Place	US
S1-721771976	BRU Mfg Private Limited	411, Best Sky Tower, F-5, Netaji Subhash Place, Pitampura, New Delhi, North Delhi, Delhi	India
S1-268584924	Wallace Argentina LLC	703 Lafontaine Street, Huntington, IN	US
S1-562986502	Graham's Appliance	414 Tyler Avenue, Groton, CT	US
S1-941785626	Shakti Food LLP	Gat No 229 Village Ranjetaluka Bhor Village Ranje Dist, Pune, Maharashtra	India
S1-561159498	Downey Liquor LLC	4960 Adams Avenue, South Ogden, UT	US
S1-905269811	Good Services	52, Vijay Nagar, Kartarpura Ward No. 15 Tehsil Jaipur, Jaipur, Rajasthan	India
S1-163556256	South Systems Private Limited	A-11, The Amin Co.Op. Housing Society, Bage Nishat Society, Opp.Sonal Cinema, Ve, Jalpur, Ahmedabad, Gujarat	India
S1-7293388	Chordia & Partners	Faridabad, 1038 Sector 9, Haryana	India
S1-85129189	Internal Medicine Center LLC	Springfield, 2646 Sunshine Street, MO	US
S1-338263105	Evangelista, Wendy, Ph.D. Care	2900 Koons Street, Fort Wayne, IN	US
S1-585765147	Davis Federal Metal Works LLC	27 Circuit Street, Boston, MA	US
S1-625874531	Southern Infotech Limited	I 34, Basement Jangpura Extension, New Delhi, Delhi	India
S1-631398737	Rivera, Pacheco and Featherston Smart	4772 Sand Clay Road, Brookford, NC	US
S1-478804382	Global Traders Private Limited	17/1, New Road, Jhansi, Uttar Pradesh	India
S1-295539809	Field Sterling Interprivate L.L.C.	5959 Arrowhead Drive, Waterville, OH	US
S1-945360052	Rachana Reality	West Bengal, Kolkata, 170/1 Lower Circuler Road, Howrah, Kolkata	India
S1-915961918	Santushti Bath Pvt Ltd	R.C.S.No.814/2 K Plot No. 4, 5, 6 E Ward Petonia Towers, Flat No 605, Kolhapur, Maharashtra	India
S1-779003818	8-Point	2006 Oakbrook Court, Unit 25, Reidsville, NC	US
S1-362453370	Delta Keen Inc	40 Peabody Street, TN, Nashville, Unit 122	US
S1-342623084	Beta Industries Private Limited	60A Kali Krishna Tagore St, Kolkata, Calcutta, West Bengal	India
S1-305709023	ZIV Training	C/O Sampa Das Chandra, Sabjikhatra, Sabjikhatra, Murshidabad, Pin, Murshidabad, West Bengal	India
S1-414566417	Hernandez Fitness Partners	701 Harwood Drive, San Marcos, TX	US
S1-989976700	Rowland and Porter Inc	715 8th Avenue, Stillwater, OK	US
S1-657625699	My Solutions Private Limited	Delhi, East Delhi, Delhi, C12 Gf Ganesh Nagar Pandav Nagar Complex	India
S1-452396218	Zorana's Grand Services	14331 1100, Dunkirk, IN	US
S1-874715867	Inez Espinoza Direct Auto	CA, Fontana, 15229 Rosewood Circle	US
S1-258997441	Meggy's Massage	6021 74th Street, Lubbock, TX	US
S1-503559143	Beckman Starry LLC	11793 Hilltop Drive, Prince William County, VA	US
S1-117189625	New Food Private Limited	Flat No.201, T-163 Second Floor, Uttam Nagar, Delhi, West Delhi, Delhi	India
S1-897114947	Compton Affiliated	503 Selle Avenue, Halliday, ND	US
S1-21526648	Colonial Neuberger LLC	286 Nevada 35, Prescott, AR	US
S1-936762728	Jai Construction Pvt Ltd	D 207 Lal Building Omicron 1 Greater Noida, Noida, Gautam Buddha Nagar, Uttar Pradesh	India
S1-126664459	Health Fellowship Inc	112 Sedberry Lane, Unit 312, Mooresville, NC	US
S1-359309953	Strategic Qdro Inc.	9927 Volterra Avenue, Daphne, AL	US
S1-115827165	Grubb Best Bancshares LLC	6704 Centerville Court, Whitsett, NC	US
S1-598228526	Sky Care Pvt Ltd	1/359 Vaishali, Ghaziabad, Uttar Pradesh	India
S1-952244178	Real Technology Private Limited	Opp Radhaswami Satsang Hall, Follower Lane Chowk, Kalyan Ambernath Ro, Ad, Maharashtra, C/O Royal Marbles, Ulhasnagar, Thane	India
S1-11613169	Flint Australia	4 Heritage Lane, Rittman, OH	US
S1-887125153	Life Public School	Consulate - 1 No.1, Richmond Road, Bangalore, Karnataka	India
S1-801894442	Back Alley Ice Cream LLC	3239 Creosote Lane, Gilbert, AZ	US
S1-349490818	Ziravi Infrabuild Pvt Ltd	Plot No.104/A1, Moti Bhoyan- Vadsar Road Village Sabaspur, Taluka Kalol, Kalol, Mahesana, Gujarat	India
S1-899841766	Joyan's Piedmont Wholesale P.C.	1627 Western Street, City Of Oshkosh, WI	US
S1-222955052	One Plantations (India) Private Limited	4Th Floor, Sambhav It Park, Midc Wagle Estate, Thane, Maharashtra	India
S1-289063504	Kaydee Welfare Society	305-306, Aggarwal Building 35-36, Nehru Place, New Delhi, Delhi	India
S1-30038696	Vijay Ss Construction Limited	Flat No-D-107, Panda Residency, Bhubaneswar, Khordha, Orissa	India
S1-660909577	Oncology Physicians of Gorham Corp	3662 364, Gorham, NY	US
S1-755110822	Barbee's Maintenance	152 Masters Road, Chattanooga, TN	US
S1-971358378	Gayatri Infosystems Ltd	C/O Moijuddaula Mollick V, Ill-Hasnecha (Mondalpara), Budge Budge - Ii, South 24 Parganas, West Bengal	India
S1-983205165	Prairie Academy Inc	5318 Furman Place, Charlotte, NC	US
S1-370447359	Galaxy Exports Private Limited	A-305, Tower A, Sector-86, Adore Happy Homes, Faridabad, Haryana	India
S1-971401943	Galaxy Arihant Investment Private Limited	Gachibowli, Telangana, Sy No.55To58, 5Th Floor, The Park View Behind Preston Prime Mall Lumbini Avenue, Hyderabad, Rangareddy, Plot No 43	India
S1-748085733	Economic Development Coalition	1348 24th Avenue, Birmingham, AL	US
S1-727381193	Cartier and Villarreal Inc	IN, Cloverdale, 9299 675	US
S1-269190111	Summit Trust	3320 Indian Street, Vernon, TX	US
S1-820876279	Baba Energy Private Limited	No.40/2281, 2Nd Floor, Civil Lane Road, Edappally South, Ernakulam, Kerala	India
S1-608118219	20/20 Optical LLC	202 Herman Lane, Boone, NC	US
S1-633912801	Kalidindi Aqua (India)	Maharashtra, Sangli, H/No - 566 At - Vijay Nagar Near Zp School, Nigadi Kh, Jath	India
S1-701363835	Devi Industries Group Private Limited	Periyar Pathai (West), Chennai, No.52/81, Tamil Nadu, Chennai	India
S1-197205293	Om Investments	C/O Mr Rajkumar, Vpo Parsaul, Goutam Budd Nagar, Gautam Buddha Nagar, Uttar Pradesh	India
S1-622957148	Western Academy	2690 Court Avenue, Baker City, OR	US
S1-287227864	Sarah Carson Trusted Capital Corp	6866 Seneca Street, Portland, OR	US
S1-783786202	Value Platinum Staking	4500 Vore Ridge Road, Athens, OH	US
S1-558332287	Thiruvananthapuram Nath Private Limited	Plotno51 (B)Street F, St, Xaviers, Kinfra, Menamkulam, Thiruvananthapuram, Thiruvananthapuram, Trivandrum, Kerala	India
S1-535178949	Wells Surgical LLC	10018 1800th Avenue, Shumway, IL	US
S1-98551801	Millard Deli	200 Broadway Avenue, Unit 204, Maryville, TN	US
S1-902422050	Silver Pinnacle Shreya LLC	5604 Main Street, Sylvania, OH	US
S1-531191907	Essvee Tea Private Limited	10-C Sheikh Sarai S F S Phase-I Cat-I, Delhi, South Delhi, Delhi	India
S1-438811218	Healthy Trading Corp	4/1/A&B, Ahmed Mamujee Street P.O. Liluah, Malipanchghara, Howrah, West Bengal	India
S1-899650223	Aditya Consultancy Limited	Abhay Steel House, Baroda Street, Mumbai, Masjid Bunder (East), Office No. 504, Maharashtra	India
S1-704919417	NBI Works LLP	Uttar Pradesh, Lakhimpur, S/O Sri Sobran Lal Bajpai, Kheri, Village Khakra Chhauchh	India
S1-86989137	Laxmi Golden Investments Private Limited	New Bridge Business Centre'S 11Th Floor, N1 Block Embassy Manyata Business Tech Park, Naga, Wara, Bangalore, Karnataka	India
S1-891697553	Raj Hospitality Private Limited	1100/Asg/B1003, Aparnagrande, Nallagandla Serilingampally, Hyderabadcentralunive, Rsity, Hyderabad, Rangareddy, Telangana	India
S1-180956762	Orane Brothers Limited	Dharmshinka Villa Plot No. 387/407 Rsc 26, Near St. Rocks School, Goari 2, Borivali W, Mumbai, Mumbai City, Maharashtra	India
S1-587701026	GH Ridge Management LLP	17 Noble Street, OH, Delaware	US
S1-933243929	Premier Education Technologies LLC	4012 Masonboro Loop Road, Wilmington, NC	US
S1-695404178	Million Marketing Pvt. Ltd.	Shop No.72/2, Deviniwash Road, Kolkata, Kolkata, Howrah, West Bengal	India
S1-529387997	Platinum Apparel Inc	330 Oliver Avenue, Wynne, AR	US
S1-739445941	Silver Investment Private Limited	H 1301, Purva Skywood, Silver County Road, Haralur, Bangalore, Karnataka	India
S1-248333413	Romero Ace Nasdaq P.C.	124 Hawks Nest Dr, Boone, NC	US
S1-816256578	Sun Software Limited	5 Krishna Shopping Centre, Opp Dahisar Stn, P J Rd Dahisar E, Mumbai, Mumbai City, Maharashtra	India
S1-858622944	Target Trading Private Limited	Fl N 18 Cts 2162-A Uttam, Tower Nr Agakhan Palace, Pune City, Pune, Maharashtra	India
S1-303483661	Urban Cafe!	5732 Lakeside Oak Lane, Fairfax County, VA	US
S1-808238383	Williams Desert Tokyo LLC	10829 Green View Way, Columbia, MD	US
S1-160458458	Indo International Private Limited	Flat No 12 Sunrise Aptssenapati Bapat Road, Pune, Maharashtra	India
S1-55880119	Chiropractic Heritage Care Associates	137 Stockton Street, Fall River, MA, Unit 1-E	US
S1-357337914	Peiffer Piedmont Safeguard	308 59th Street, Oak Island, NC	US
S1-206286193	Bhandary Constructions Private Limited	15/92, Vikram Vihar Lajpat Nagar-4, New Delhi, South Delhi, Delhi	India
S1-197025412	Anilika Energy Private Limited	Creware Coworks, No. 4, 2Nd And 3Rd Floor, Himagiri Silicon City, Thogur Cross, Phase 1, Bangalore South, Bangalore, Karnataka	India
S1-268843163	Geus Holding Company LLC	1333 Summer Street, Grinnell, IA	US
S1-615095658	Tiify LLC	2468 Eagle Forest Drive, St Charles, MO	US
S1-956902396	Leonard Security LLC	620 F Street, Ardmore, OK	US
S1-555242352	Prime Media Pvt Ltd	C/O Ramesh Bhagchand Ginnare Dharampuri, Khandwa, Indore, Madhya Pradesh	India
S1-536705186	Sidhsilver Wind Pvt Ltd	18/452, Uppinakath, Koduvally, Kozhikode, Kerala	India
S1-159212979	Board of Labor	NC, 3015 Ridgeville Road, Prospect Hill	US
S1-805495186	Bangalore South Engg Private Limited	Karnataka, No.2, Bangalore, Bangalore South, Ground Floor, 16Th Cross, Kilari Road	India
S1-271750591	Oxford Historical Safe Project	330 Kingsbury Street, Oxford, NC	US
S1-290115538	Nkb Shelters Pvt Ltd	401 Kedarnath House, Somnathsociety Ravapar Rd, Tankara, Rajkot, Gujarat	India
S1-439955051	Clean Genomic Collective	13919 28, NY, Forestport	US
S1-141941253	Lejeune, Lang and Graham Inc	5200 45th Terrace, Kansas City, MO	US
S1-911254186	Lee Best Championsgate	1058 Kensington Avenue, Buffalo, NY	US
S1-615099116	Jeannette Jiang Investments LLC	SC, 1921 Clyde Harvell Road, York	US
S1-279269272	Rahul Food (India) Group	C/O Sanjay Jain 2432 Ews / Awas Vikas-3 Panki Road / Kalyanpur, Kanpur, Kanpur Dehat, Uttar Pradesh	India
S1-632256194	Cardiology Group Partners	2110 Courtside Lane, Unit 208, Charlotte, NC	US
S1-416624771	Compact Machines Private Limited	K-1201, Aster Jalvayu Defence Enclave, Phase-1, Plotno.20, Sector-20, Kharghar, Navi Mumbai, Raigarh, Maharashtra	India
S1-314714647	Seabird (India) Projects-Lucknow	Lucknow, 3/77, Lucknow, Vipul Khand, Opp. Study Hall School Gomtinagar, Uttar Pradesh	India
S1-862024840	South Estate Private Limited	12, Gali No-16, Vijay Colony, Burari, New Delhi, Delhi	India
S1-663940241	Rockland Green Private Limited	C1-1701 & C1-1702, Gidc Panoli, Bharuch, Gujarat	India
S1-125321906	Harbor Markets LLC	7996 County Road 118, Carthage, MO	US
S1-726451355	2691 Fourth Street Holdings	511 Angus Street, Independence, MO	US
S1-214010889	#Raex Excavation	2650 County Road 152, Unit 2650, Fieldton, TX	US
S1-202262115	Mercado Guardian	VA, Portsmouth City, 401 Stratford Street	US
S1-455390061	Martin Uranium LLC	10905 Hopewell Road, Unit B, Putnam County, TN	US
S1-140600400	Desrochers Piedmont Hill of Rockford Inc	431 Hawthorne Avenue, Rockford, IL	US
S1-814793410	Indian Farm Pvt. Ltd.	No.92, Radhakrishnan Salai Mylapore, Chennai, Tamil Nadu	India
S1-885485250	Shivam Constructions	B. No. 12, Anthem Site, Gundlapochampalli, Medchal, Hyderabad, Telangana	India
S1-840215952	Certified Media Digital L.L.C.	Pearland, 307 Cedar Hollow Court, TX	US
S1-687081247	Frontier Desert Fidelity LLC	1739 George Washington Drive, Fl 0, Wichita, KS	US
S1-44932001	MF Ram Private Limited	C/O Shri Bhayasaheb Patil, Infront Of Bhushan Karaya, Chalisgaon, Jalgaon, Maharashtra	India
S1-701273513	Foremost Nursing Home Limited	27, Mullick Street, Kolkata, Kolkata, Howrah, West Bengal	India
S1-96602127	GVS Metal Private Limited	8Th Km Stone Nagina Roadnajibabad Bijnor, Uttar Pradesh, Bijnore, Uttar Pradesh	India
S1-730421519	Kacie's Signs Inc	5444 Lytle Road, Waynesville, OH	US
S1-685115910	Thrower Premier Choice Inc	2230 Iowa Street, Portland, OR	US
S1-627601397	Veterans Institute LLC	619 Wedgewood Drive, Unit 9, Columbus, OH	US
S1-805520274	Rohtak Exports Private Limited	22, Rajiv Nagar, Kaccha Chamaria Road, Rohtak, Haryana	India
S1-887756512	Madison and Tanis Inc	454 Pioneer Woods Lane, Unit Apt D, Gentry, AR	US
S1-304029686	Whipple & Williams Acquisition, LLC	16801 920, Poolville, TX	US
S1-277568549	Womens Health Center	8017 Dominion Park Drive, Hanover County, VA	US
S1-447720575	Padmavati Trust Private Limited	Office No. 406, 4Th Flr, Vakratunda Corporate Park Off. Aarey Road, Near Udipi Hotel, Goreg, Aon (East), Mumbai, Mumbai City, Maharashtra	India
S1-805056706	Prairie Development	4983 Burkemont Road, Morganton, NC	US
S1-289962618	Black Hari Technologies Private Limited	Jay Siyaram Industrial Estate, Plot No 6, Shed No 1, Nr. Ajay Weigh Bridge, Rajkot, Gujarat	India
S1-595632077	Schellenberg Beijing Inc	3251 177th Avenue, Gresham, OR	US
S1-314308289	Clever Fashions Pvt. Ltd.	Plot No:51, Hyderabad, Telangana, Flat No.101, 1St Floor Matha Bhuvaneswari Society Madhapur, Hyderabad	India
S1-176194512	Universal Properties Pvt Ltd	6410, Singapura Vinayakanagar, Vidyaranapura P, Bangalore, Bengaluru, Karnataka, C/O Parveen Taj	India
S1-697873818	Jackson Networks Inc.	7501 Thompson Peak Parkway, Unit UNIT 151, Scottsdale, AZ	US
S1-575492986	Alfi Turner Cap Inc	8 Pine View Road, Tijeras, NM	US
S1-422518267	Northwind	1163 Ironworks Avenue, Unit B, Charlotte, NC	US
S1-984233875	Good Business Limited	5, Shivam Estate, Dantali Gidc, Nr. Deepkiran Foods, Kalol, Gandhi Nagar, Gujarat	India
S1-450152295	Gopal Yatra (India) Private Limited	New Nakasha Lashkari Bagh Near Masjeed, Nagpur, Maharashtra	India
S1-535157975	Salyer's Crystal Spa	21720 Piney Chapel Road, Unit Lot C, Athens, AL	US
S1-216137765	Gold Projects Pvt Ltd	Flat No.A-1101, 11Th Floor, Advaitha Aksha Apartment A Block, Jakkasandra Grama, Bangalore South, Bangalore, Karnataka	India
S1-954451343	South Hospitality Private Limited	1/6 B Asaf Ali Road New Delhi, Delhi, Central Delhi, Delhi	India
S1-558402641	Jay East Logistics Private Limited	1-2, Ratan Shikha Building, Near Gokhale Park, Janta Colony, Jaipur, Rajasthan	India
S1-511793537	New Life Church	14546 Hawthorne Court, Homer Glen, IL	US
S1-926707859	Cascade Wen Associates	20691 Sprague Road, Oregon City, OR	US
S1-121956177	Secure Grid	164 Palmer Road, Monson, MA	US
S1-221079756	Kairav Polymers Pvt. Ltd.	Punjab, Mohali, Tdi City, Sector 117, Derabassi, Unit No. Gb 419 South Ex2	India
S1-869490222	Modern Hospitality Solutions LLC	4509 Lonas Drive, Knoxville, TN	US
S1-749530768	Surgical Group	309 Broome Road, Unit 8D, Knoxville, TN	US
S1-667136487	Secunderabad Web Pvt Ltd	1-8-32/27, Bapu Bagh Colony, Pg Road, Secunderabad, Hyderabad, Telangana	India
S1-574218245	Indian Producer	4 Ballav Das Street 3Rd Floor, Room No. - 30, Kolkata, Howrah, West Bengal	India
S1-769968859	Dani's Roofing P.C.	143 Lake Street, Unit Unit 45, Leroy, NY	US
S1-645749442	New Life Chapel	414 Hunting Creek Road, Weddington, NC	US
S1-334069535	Red Consultants Private Limited	Tirumalagiri, 1-1-1115/411, Hyderabad, Panchasheela, Enclave, Ht Lane, Spg Grand, Telangana	India
S1-620955468	Desert Bsp Inc	3921 Pleasant Run Road, Irving, TX	US
S1-278550044	Dynamic Printing Laboratories	1000 Murray Street, Macomb, IL	US
S1-986953974	Shivam International Pvt Ltd	Shivalik House, Nr. Aarjav Society, Nr.Satellite Policestation, Opp.Satyagruh, Chhavani, Ahmedabad, Gujarat	India
S1-104486190	Sova Media Limited	C-153, Dayanand Marg, Tilak Nagar, Jaipur, Rajasthan	India
S1-720744509	Corner Bike Shop! LLC	702 Jones Street, Appomattox Town, VA	US
S1-344951721	Star Flex LLC	2238 Williamsburg Road, Glen Dale, WV	US
S1-538171615	Blue Developers Private Limited	House No.3, Block-Hp Pitampura, New Delhi, North Delhi, Delhi	India
S1-819139027	Cedar	424 Friendship Road, Seneca, SC	US
S1-840278172	Royal Consulting Private Limited	S.No 64/5, Fl No C10, Padma Park Apartment Near Padamavati Mandir, Pune, Maharashtra	India
S1-818149988	Vadyne Inc	Greensboro, 1604 Washington Street, NC	US
S1-690375126	Gulf Society	17 Main Street, South Newton Township, PA	US
S1-327108924	Luper, Mcafee & Bell Inc	655 700, Brigham City, UT	US
S1-781324018	Global Solutions Private Limited	#45, 46, 47, Bylakonenahalli Kachohalli Industrial Area, Dasanapura H, Obli, Bangalore, Karnataka	India
S1-747676958	Select Asset Digital Inc	6601 Canopy Lane, Fontana, CA	US
S1-261704835	Cruz Summit Grill	15 Westley Street, Unit D, Winchester, MA	US
S1-74742448	South Services Private Limited	J - 4/24, Shop No. 5 Shivaji Market, Rajouri Garden, New Delhi, Delhi	India
S1-785847106	Jaipur Alloys Pvt Ltd	Plot No 01, Rajasthan, Jaipur, Vastu Nagar, Phase-7 Vill Ganpatpura, Jaipur	India
S1-157963229	Nacharam Strips Private Limited	G 1, Vishwanath Towers, Sawarkar Nagar, Nacharam, Hyderabad, Telangana	India
S1-646393119	Rariva Metro Summit LLC	30 Sequoia Drive, Phoenix, AZ	US
S1-995897123	Creative Crystal Marshall	12010 Corona Lane, Houston, TX	US
S1-810457001	Rebrique LLC	AL, Decatur, 3736 Chula Vista Drive	US
S1-167691210	Ursa Torres Unified Investors	418 Elbert Drive, WI, City Of Rice Lake	US
S1-869086057	Modern Foods Private Limited	1904, Floor 19Th, Plot-2/85, B.Wing, Samar Heights, Mumbai, Maharashtra	India
S1-379863265	Buckles & Smithson	336 Stone Drive, Santaquin City (utah Co), UT	US
S1-151112571	Marketing Plus Ltd	#376, Trinity Square, 2Nd Floor 14Th 'B' Cross, 5Th Main, Hsr Layout, 6T, H Sector, Bangalore, Karnataka	India
S1-739488516	Peak Integrated Power Inc	14619 Littleford Street, Houston, TX	US
S1-939281901	Wildlife Trust Inc	OH, 623 Raymont Court, Canton	US
S1-82555969	Chiropractic Anchor Care Associates LLC	8723 82nd Street, Lincoln, NE	US
S1-479288769	Lasiter Data LLC	Guin, AL, 9568 42	US
S1-706708685	# 6 FE Rain LLC	45 7th Drive, Decatur, IL	US
S1-550241319	Mutual Genomic Laboratories	2824 Rufus Ratchford Road, Gastonia, NC	US
S1-378749556	Swaminarayan & Sons Private Limited	30/721E, First Floor, Hill View Building Medical College, Calicut, Kozhikode, Kerala	India
S1-140026915	Dynamic Impex Private Limited	West Bengal, Kolkata, Howrah, Hemant Basu Sarani, 2Nd Floor, Room No. 230, 21	India
S1-408524771	Round Clinic	Plot No.4 To11, Survey No.78, Patrikanagar, Madhapur, Hyderabad, Telangana	India
S1-323893092	Marketing Spec Trading Private Limited	Qtr No-H1, Bidanasi Bandha Chhaka, Mahatab Nagar Po-Tulsipur, Ps-Bidanasi, Cuttack, Orissa	India
S1-644810595	Hinkel Piedmont Harmony	912 Sugar Gap Road, Unit 302, NC, Wake Forest	US
S1-907810840	Scholarship Center	OR, Springfield, 4368 Forsythia Street	US
S1-289542061	Balaji It Limited	House 47, 2Nd Floor Gujrawala Town Part-2, Delhi, New Delhi, Delhi	India
S1-995996643	All Infrastructure Worldwide LLC	6707 Coltrane Mill Road, Greensboro, NC	US
S1-729284220	North Agro Private Limited	78, Kh No. 138, 1St Floor, Vill: Nawada, Vipin Garden, New Delhi, West Delhi, Delhi	India
S1-741895099	Sky Finance Pvt Ltd	Flat No. 609, Mecon Apartments, C-58/10, Sector 62, Noida, Gautam Buddha Nagar, Noida, Gautam Buddha Nagar, Uttar Pradesh	India
S1-771028448	Laurene K. Morgan, Ph.D.	8302 Pinewood Canyon Lane, Humble, TX	US
S1-908839362	Cultural Federation PLLC	CO, Highlands Ranch, 9254 Weeping Willow Place	US
S1-945578383	Eye Physicians of Elmhurst	602 Indiana Street, Elmhurst, IL	US
S1-291419333	Cozy Hypnosis!	121 Friendship Street, Unit 2, Fall River, MA	US
S1-856138680	Bernier Certified Pharmaceutical Inc.	5712 Truelson Drive, Fort Worth, TX	US
S1-54918117	Clear Market	80 Tonawanda Street, Buffalo, NY	US
S1-453313801	Jay Media	9-4-84/44, Kakatiya Nagar, Nanal Nagar, Golconda, Hyderabad, Telangana	India
S1-888132442	Sarvodaya (India) Elevators	34, Avadh Vatika, A. B. Bypass Road, Mhow, Indore, Madhya Pradesh	India
S1-969243928	Black Finance Private Limited	2B Two Roses Ground Floorpali Road Bandra (W), Mumbai, Maharashtra	India
S1-222734131	Compass LLC	MA, Ludlow, Unit 20, 521 Center Street	US
S1-805248801	Rapid Golden Oxley	3551 Big Horn Street, Casper, WY	US
S1-127940110	Northwind Clinic	3205 66th Street, Unit A, Lubbock, TX	US
S1-440998037	Sterling Packaging Consultants LLC	3225 Prairie Avenue, Mattoon, IL	US
S1-139001469	Atlas Armour LLC	3684 Pumice Avenue, Redmond, OR	US
S1-171563258	Shyam Dynamic Power Private Limited	Block No F-31 3Rd Flrvijay Arcade Plot No16 North Ambazari Rddd Dharampeth-Ext, Nagpur, Maharashtra	India
S1-35757603	Smith Jaws LLC	125 Boerum Street, Brooklyn, NY	US
S1-528834818	Terese Leon Consulting Inc	1399 Fairmont Avenue, WV, Fairmont	US
S1-104064742	Bamby's Electric	486 Smith Avenue, New Haven, CT	US
S1-842983493	Tl Securities Limited	Haren Tex Compoundnear Dahisar Check Naka Dahisar (East), Mumbai, Maharashtra	India
S1-31231440	Silver Anchor Marine PC	446 Prospect Street, Lockport, NY	US
S1-356847602	Factor Trust	New Delhi, Khasra No 24/28 Floor Ground, Landmark Near Talab, Village Nithari, Delhi, New Delhi	India
S1-237739500	Perfect Exports Pvt Ltd	Jaipur, Samridhi Tower, Iiird Floor, Near Sbi Bank Jda Central Market, Amrapali Circle, Vais, Hali Nagar, S-1, Rajasthan, Jaipur	India
S1-201337664	Apex Wireless Solutions Inc	449 Tuscarawas Avenue, Gnadenhutten, OH	US
S1-302336782	Real Power Private Limited	Flat No 312 Block V Army, Flats Mdc Sector 4, Panchkula, Haryana	India
S1-184255511	Projects Vidhya Agro Private Limited	158 / 159 Ambiya Nagar, Nr. Alfa Hotal, Surat, Gujarat	India
S1-56735529	Nonet	227 Squires Bend, Stafford, TX	US
S1-514256828	Heartland College	3007 Greenleaf Circle, Millersville, TN	US
S1-534481010	Orissa Pressing Private Limited	21 Gandhipuram Main Road, Komarapalayam- Salem Dist., Komarapalayam, Salem, Tamil Nadu	India
S1-877425879	Orthopedic Health, Inc	MA, Maynard, 65 Parker Street	US
S1-496404957	White Products Private Limited	Rushikesh Appartment Sakoli Corner, Sambhaji Nagar, Flat No. 4, Kolhapur, Maharashtra, Kolhapur	India
S1-13459471	Whitson Desert Templeton	11128 W Bonniwell Road, City Of Mequon, WI	US
S1-655628490	Vision Impex Limited	Flat No 104, Wing-B, Shiv Shivam Tower Adarsh Nagar, Jogeshwari West, Mumbai, Mumbai City, Maharashtra	India
S1-316755315	Sun Producer Private Limited	Office No. 308, 3F, A-43, Sector 63, Noida, Gautam Buddha Nagar, Uttar Pradesh	India
S1-182877858	Annapoorna (India) Millet Private Limited	0 Leche Bagh, Rampur Road Tehsil Bareilly, Bareilly, Uttar Pradesh	India
S1-522799506	Black Arihant Estate Private Limited	Balasore, Orissa, At: Manikhamb Po: Motiganj	India
S1-652634785	Lewis, Storm & Mercado Fuse P.C.	94 Buffalo Creek Lane, Kittrell, NC	US
S1-716451136	Lucky Bakery	NY, Ramapo, 1 Gisele Court	US
S1-851816270	Smith Safe Alpex Inc	4 Bivouac Avenue, Fort Thomas, KY	US
S1-408652294	Jain Consultancy Private Limited	Holding Number-642/766, Shop Number-16, Contai, East Midnapore, West Bengal	India
S1-569229689	Benedikta Mahl Elite Interprivate LLC	2039 Cedar Brook Drive, Hermon, ME	US
S1-172144933	Saffron Lab Pvt Ltd	6 Dr, Jagabandhu Lane, Kolkata, Kolkata, Howrah, West Bengal	India
S1-145259625	International Systems Private Limited	304, 4Th Floor, Bhagya Nagar, Balanagar, Hyderabad, Telangana	India
S1-760667963	Hunger Services Private Limited	C/O Sakti Pada Ghosh, Samarmara, Midnapore, West Midnapore, West Bengal	India
S1-914077101	White Projects Private Limited	20 Gayatri Colony Maruti Colony Sanganer, Jaipur, Rajasthan	India
S1-313894714	Sterling Supply Solutions LLC	OH, 212 Mound Street, Circleville	US
S1-987187835	Mckechnie Silver Cayson	1415 Mohawk Drive, Arlington, TX	US
S1-646841494	Aditya Food Private Limited	Ward No 1, Nadiya Jhora, Nawaldi, Jhunjhunu, Jhunjhunun, Rajasthan	India
S1-567646611	Wing, Levings and Maxfield Presidio Inc	196 Mahan Street, Concord, NC	US
S1-604865181	Gold It Private Limited	123, First Floor, Sahjanand Park, Nr. Swaminarayan Temple, Shahibaug, Ahmedabad, Gujarat	India
S1-793433762	Finfrock Veterinary Clinic LLC	640 Mardon Court, Brookings, OR	US
S1-543874807	Pam W. Mayeda, O.D., DDS PC	19914 Red Chili Street, Spring, TX	US
S1-561782996	Dk (India) Foundation Group	673- B/1, Plot No 13, Sakthi Balaji Nagar, Arivu Thirukovil, Dindigul, Tamil Nadu	India
S1-783518091	New Delhi Nath Private Limited	Property No.-K-92 (F.F) K Block New Mahabir Nagar Near Tilak Nagar, New Delhi, Delhi	India
S1-285255158	Lakshmi Services Private Limited	Pune, Maharashtra, Pune, At Post Solu, Alandi Markal Road, Tal. Khed, Gat No-528	India
S1-38241942	Thasra Consultancy Private Limited	C/O Patel Manojkumar Ambalal, Near Bharat Petroleum, Thasra, Kheda, Gujarat	India
S1-474985507	Royal Cargo Ventures LLC	849 Quarry Rd, Unit 202, Coralville, IA	US
S1-248481368	Vikram & Sons Private Limited	Indiqube Orion, I Floor, 24Th Main Road, Garden Layout, Sector 2, Hsr Layout, Bangalore, Karnataka	India
S1-447115949	Mountain Pediatrics Corp	1 High Drive, Spokane, WA	US
S1-982823520	Whitson, Prieto and Knapp	N1031 35th Avenue, Town Of Aurora, WI	US
S1-715217190	H 2 Star Schwab LLC	315 98 Street, New York, NY	US
S1-708508898	Frontier Project	TN, Unit 303, 1421 Rural Hill Road, Nashville	US
S1-876540003	Tci It Private Limited	Sn0 147/1B, Fno 201, Vishwakarma Sankul, Solapur, Maharashtra	India
S1-30544668	Sbr Interactive (India) Private Limited	Plot No. 63, Lakadganj Precient, Central Avenue, Nagpur, Maharashtra	India
S1-87961827	Jay Investments Private Limited	No.1/24, 2Nd Floor, 7Th Cross Pipelane, Mysore Road, New Guddadahalli, Bengaluru, Bangalore, Karnataka	India
S1-666374733	Mitchell and Brown Beverage Inc.	1070 25th Avenue, Seattle, WA	US
S1-741048456	Hernandez and Lanham, LLC	6640 Taylor Road, Cincinnati, OH	US
S1-540270259	Vavue LLC	300 Woodcroft Parkway, Unit 34B, Durham, NC	US
S1-603078992	Frerichs Return	104 Zuma Drive, Liberty Hill, TX	US
S1-38073003	KP It Private Limited	No6, (Old No156), 2Nd Cross, 1St Block, Jayanagar East, Bangalore South, Bangalore, Karnataka	India
S1-174513984	Energy Vr Textile Corporation	# 4, Custain Beach Rd, Santhome, Chennai, Tamil Nadu	India
S1-517951979	Meeniya Rays Private Limited	Maharashtra, 109/110, Penkar Pada, Gupta Compound, Bhanji Udyog Nagar, Mira Road(E), Thane	India
S1-839645965	Shaan Project LLP	2Nd Floor, Skyview 10, Sy.No.83/1, Raidurgam Hitech City Main Road, Madhapur, Hyderabad, Telangana	India
S1-578420286	Neha Vyapaar LLP	No.2Ac, 125, 1St B Mn, 2Nd Crs, Kasthuri Ngr, Bangalore North, Bangalore, Karnataka	India
S1-855840309	Classic Investments Private Limited	Gujarat, Ellisbridge, Shitiratna, Near Panchvati Circle, 803, Ahmedabad	India
S1-812361268	Womens Health Pioneer Specialists Inc	9509 Adrian Avenue, MO, Kansas City	US
S1-508366378	Muchmore Controls (India) Private Limited	Ghaziabad, 19Th Floor, Mahagun Mascot, Uttar Pradesh, Flat No 1908	India
S1-76628511	Global Constructions Pvt Ltd	Flora 17, Tower B Blk No. 202, S P Road, Ravapar Road, Village- Ravapar, Taluka-Morbi, District- Morbi, Morbi, Rajkot, Gujarat	India
S1-229102605	Kolar Mills Private Limited	M.G Road, 4Th Cross, Kolar, Karnataka	India
S1-929320417	SQ Concord LLC	3813 Collins Ln, Louisville, KY	US
S1-940084634	Bharathi Ecomm Company	# 28, 4Th Cross Venkateshwara Layout, Abbigere, Bangalore, Karnataka	India
S1-64183137	Gulf Metropolitan Pipeline LLC	801 Ave M, Unit 20, Bay City, TX	US
S1-144239108	Mumbai Marketing Private Limited	Flat No.5, 2Nd Floor, Nalini Apartment, Plot No.347/A, Linking Road, Khar West, Mumbai, Mumbai City, Maharashtra	India
S1-433682896	Electricians Local Union 393	407 Coventry Court, Helena, MT	US
S1-139922907	Francis & Sze PLLC	38565 296th Avenue, Waubun, MN	US
S1-228837425	Charette Sterling Asia LLC	704 Shafer Avenue, Dover, OH	US
S1-941562865	Evans Home Inc	80 Yarbro Landing Lane, Decaturville, TN	US
S1-586159681	Colonial League Inc	320 2nd St, Unit 214, Coralville, IA	US
S1-176022234	GU Foundation Private Limited	506, Abhishree Avenue, Opp. Hanumanji Temple, Nehrunagar, Ambaw, Adi, Ahmedabad, Gujarat	India
S1-901518517	Red Nails-Greece	NY, Greece, 216 Ridgedale Circle	US
S1-200970642	@ Fit 1 U LLC	7122 Cuddington Drive, Charlotte, NC	US
S1-692983986	Meloor Inc	203 Elm Street, MN, Monticello	US
S1-693256026	Peridus Tech, LLC	KY, Grand Rivers, 203 B R T Road	US
S1-723690266	Precision Insurance Innovations LLC	9940 Buckingham Lane, Frisco, TX	US
S1-930982377	Fortune Impex Private Limited	Shop No 12A 384, Sector 31 Noida, Noida, Ghaziabad, Uttar Pradesh	India
S1-989924267	Garrity Pinnacle Capital LLC	505 Innovation Way, Walton, KY	US
S1-846115345	Colorado Interstate Mckinley Associates	2703 Overview Street, Round Rock, TX	US
S1-137750545	Value Plum	1397 Sheridan Glen Crossing, Auburn, AL	US
S1-529579280	Santosh (India) Enterprises Private Limited	B9, Chennai City Corporation, Tamil Nadu, Yamuna Apts, 3Rdblock, Parameswari Nagar 4Th St, Chennai	India
S1-576615436	Surgical Allied Medicine PC	5550 Deer Valley Drive, AZ, Unit 111, Phoenix	US
S1-209020026	First Technical Brands Inc	15-11 Parsons Boulevard, Whitestone, NY	US
S1-614289236	A Reliable Platforms LLC	20788 Aquadale Road, Albemarle, NC	US
S1-606820035	Quis Worldwide Inc.	1935 Quincy Street, Washington, DC	US
S1-576290974	Beacon America	517 Cuesta Drive, Aptos, CA	US
S1-202022419	Garcia & Aguilar System	404 Locksley Court, Fort Worth, TX	US
S1-335994787	Agro Spark Designs Pvt Ltd	Shed No. 28, Scheme No Iii Okhla Phase Ii, New Delhi, South Delhi, Delhi	India
S1-367678985	Hussain Endocrinology	1534 27th Street, Columbus, IN	US
S1-100435874	Steimel Capital Churchill	210 N Fork Drive, Moscow, TN	US
S1-90460202	Cultural Network LLC	8810 Ave H, Liverpool, TX	US
S1-612685455	Oliver Schwab Inc	343 1819, Wells, TX	US
S1-701324010	Giriraj Media Pvt Ltd	Charander Village Road, Kolkata, Howrah, 41A, Kolkata, West Bengal	India
S1-644361545	Brown Dragon	144 Washington Street, Mentor, KS	US
S1-124298898	Perez, Bermudez and Will Markets LLC	2086 Zutavern Church Road, Bolivar, OH	US
S1-396880873	Bargain Air Private Limited	H.No. 146/4, Bishan Swroop Colony, Panipat, Haryana	India
S1-373563969	Balaji Ventures Pvt Ltd	Shop No. 001, Ground Floor, Shiv Darshan Chawl, Near Seven Eleven Square Academy, Thane, Maharashtra	India
S1-625272950	Urology Care Associates	Harlingen, 163 Nueces Park Lane, TX	US
S1-827122880	Office of Environmental Protection	268 Military Ridge Drive, City Of Verona, WI	US
S1-194652691	Hertha Durrett Technical Inc	AR, Jonesboro, 2300 Jaybee Drive	US
S1-145361722	Dick Regional Armada Corp	33466 Warwick Hills Road, Yucaipa, CA	US
S1-808056305	Beacon Petroleum	98 Main Street, Islip, NY	US
S1-835657772	Adsum Services	5 Pudhu Thottam 1St Floor, Narayanasamy Nagar, Tiruppur, Coimbatore, Tamil Nadu	India
S1-100109534	YZ Empire Rmg LLC	129 Quincy Street, Westmont, IL	US
S1-606490135	Hl Investment of Amravati Pvt Ltd	Maharashtra, Amravati, C/O Dr. Rajesh Vasantrao Gondhalekar Shop No.10 Mudholkar Peth Vasudev Sankul, Amravati	India
S1-261903409	American Cornerstone Zhejiang, LLC	4604 Schooner Drive, Anacortes, WA	US
S1-997802413	Devotion Dealmark Pvt. Ltd.	Vashiplaza1St Floorbwingofficeno380Sec-17Vashi, Navi Mumbai, Maharashtra	India
S1-216641290	Dream Healthcare Private Limited	402 Aniket Building Nr, Municipal Market C G Road, Ahmadabad City, Ahmedabad, Gujarat	India
S1-980858330	Cassaundra's Bakery	1902 Porter Street, Richmond City, VA	US
S1-995230954	Zidyne	29 Adams Street, Lexington, MA	US
S1-501423706	Capital Municipal P.C.	3610 Sutton Drive, Mishawaka, IN	US
S1-986753230	Frontier Fellowship Inc.	511 Fairdale Road, Salina, KS	US
S1-882186266	Brewer, Briggs & Brewton Truist LLC	1609 Laura Avenue, Fort Worth, TX	US
S1-538197345	Frontier Electronics Inc	208582 Twilight Road, Town Of Guenther, WI	US
S1-350234058	Liberty Heritage Maintenance LLC	22642 Ledges Drive, Athens, AL	US
S1-938708347	Dorman Data LLC	Ozark, 5605 Farmer Branch Road, Unit APT 207, MO	US
S1-431795211	Lozier Wellness LP	236 Acton Road, Columbus, OH	US
S1-67172650	Apar Engineering (India) Private Limited	Bangalore, 32, Karnataka, Bangalore, Lake View Apts116, Gangadharachetty Road Ulsoor	India
S1-290992731	Sells & Howell	Churchville, MD, 3034 Snake Lane	US
S1-34188140	Dss Welfare Society LLP	Building No. 15/203, First Floor Hail Mary Junction, Perumpilly Po, Mulanthuruthy, Ernakulam, Kerala	India
S1-391748024	Prairie Trust Center	1733 Byron Avenue, Waterloo, IA	US
S1-103117232	Holguin Appliance, Inc.	1316 Dellwood Avenue, Baltimore, MD	US
S1-340628171	Media Vijaya Property Private Limited	Maharashtra, Haveli, Pune, Flat No-H 1301 Emrius Baner, Aundh Baner Road	India
S1-63990887	Devendra Carrier Company	C/O Yogesh Bhatia, Villag, Post Rooma Khajaupur, Rooma, Kanpur Nagar, Uttar Pradesh	India
S1-456706799	Pacific Health Consultants LLC	Unit Apartment 306, ND, Fargo, 5410 38th Avenue	US
S1-310678505	Robles Horizon Communications	TX, Dallas, 1614 Atlas Drive	US
S1-189859324	Lopez Rate LLC	172 3rd Street, Waynesville, OH	US
S1-106326930	Nexex Graphics Corp	23756 Woodgreen Terrace Drive, New Caney, TX	US
S1-171124248	Classic Infrastructure Collective Inc	4710 Waterloo Drive, Fl 1, Columbia, MO	US
S1-19082136	Best First Concord Inc.	1247 Dunn Road, Florissant, MO	US
S1-231519650	Sai Care Private Limited	Flat Number 2B, 1St Floor, Shrinivas Apartment, Survey Number 1202/29, Plot Number 567/2B/3, Apte Road, Near Santosh Bakery, Haveli, Pune, Maharashtra	India
S1-60996509	Hernandez Corporation Inc.	248 Camp Street, Unit C6, Yarmouth, MA	US
S1-502736054	First Seven Exports Pvt Ltd	Maharashtra, At Shahagad Tq. Ambad, Jalna	India
S1-949992319	QS Automobiles Pvt Ltd	H. No. 58 Molarband Badarpur, Delhi, South Delhi, Delhi	India
S1-730934468	Orellana Investments LLC	728 A Quail Avenue, Fl Ground Floor, Geneva, IA	US
S1-30407062	Jainsons Homes	No.4/56, Kodambakkam Varadarajapet Main Road, Chennai, Tamil Nadu	India
S1-288276341	Sai Energy Limited	No. 501, Karnataka, Bangalore, 5Th Floor, Brigade Tower, 135, Brigade Road, Bangalore North	India
S1-183290515	Common Lab Private Limited	Property No. 307, Ground Floor, Shop No.7 Mirza Market, Zakir Nagar, Jamia Nagar, O, Khla, New Delhi, Delhi	India
S1-247801289	Blue Liberty Triton Inc	18 Day Street, Unit 208, Somerville, MA	US
S1-686254337	AI Street Private Limited	390 S N Roy Road, Girikunj Appt Flat No. - B412, New Alipore, Kolkata, Kolkata, Howrah, West Bengal	India
S1-281769561	Smart Technology Limited	7Th Cross, K B Temple, 6Th Block, Bangalore North, Bangalore, Karnataka, No. 1/2	India
S1-496331216	Shree Best Business Private Limited	406, Manas Nagar Colony, Ankit Apartment, Lucknow, Uttar Pradesh	India
S1-432931957	Internal Medicine Signature Associates L.L.C.	2780 Rock Creek Road, Creston, NC	US
S1-839147305	Integrated Construction Associates, LLC	VA, Chesterfield County, 8810 Metro Court	US
S1-879564913	JP Strategic Etf	31 Nehantic Drive, East Lyme, CT	US
S1-141021770	Lorita Mcmillian, DMD, PC	236 Winchester Road, King William County, VA	US
S1-982742576	Quality Metropolitan Signs LLC	2919 15th Street, Tacoma, WA	US
S1-562736157	Choice Hospitality Consultants	6620 Fry Road, OH, Middleburg Heights	US
S1-512420483	Nutri Stockist Corporation	21/1 Gf Pvt No-5 Blk-B, Double Storey, New Delhi, West Delhi, Delhi	India
S1-281088937	Britton Empire Lease, LLC	5328 85th Avenue, Unit B8, Hyattsville, MD	US
S1-412668983	XJC Atlantic Harbor Group	24649 Henry Gunn Road, Noblesville, IN	US
S1-873388573	Ferrify Schwab	615 Emma Grace Drive, Jonesborough, TN	US
S1-665075703	City Builders Pvt Ltd	Village - Dhaturi Malikpur Road, Sonipat, Sonepat, Haryana	India
S1-616204137	Route 17 Seafood	1904 23rd Avenue, Great Falls, MT	US
S1-825545128	Clear Payments	140 Third Street, Montague, MA	US
S1-305166561	Murray Custom Aluminum LLC	IL, 606 Broadway Avenue, Salem	US
S1-7134901	Smart World LLC	9640 Owenton Road, Frankfort, KY	US
S1-993636915	Glyphyn Grading	106 Hickory Lane, Magnolia, NC	US
S1-3118239	Silver Products Private Limited	19/1 New High School Road, Vv Puram, Bangalore South, Bangalore, Karnataka	India
S1-907553730	Martinez Futurecorp of Sacramento	CA, Sacramento, 6060 Stockton Boulevard	US
S1-138949136	Brightara Origin LLC	208 Airedale Drive, Holly Springs, NC	US
S1-353886587	Data Hospital Corporation	Ugf, Baldev Plaza, Golghar, Gorakhpur, Gorakhpur, Uttar Pradesh	India
S1-708400226	Trinity Lutheran Church	1023 Dakota Street, Spring Valley, IL	US
S1-392009011	QZN Quality Private Limited	Bhagya Complex, 126, Priyadharshini Nagar, Sithalapakkam, Chennai, Tamil Nadu	India
S1-868945111	Buddha Services Private Limited	Uttar Pradesh, 1/785, Sector J, Janakipuram, Lucknow	India
S1-639237507	Blessing Industrial Inc	1807 Central Avenue, Sidney, MT	US
S1-711614050	Star Mercator	4105 Weston Drive, Knoxville, MD	US
S1-86254898	Eastern Highview Inc	815 Pine Avenue, Roselle, IL	US
S1-479756373	First Agro Private Limited	164C/11, Lake Gardens Prince Anwar Shah Road, Kolkata, Kolkata, Howrah, West Bengal	India
S1-668675379	Farmer & Hendley Ocean	7105 70th Avenue, Unit Bldg, Johnston, IA	US
S1-684738092	Orthopedic Center of Meredith	440 Gulf Road, Meredith, NY	US
S1-379957392	Physical Therapy Medicine LLC	TN, White Bluff, 2138 Sunset Drive	US
S1-721911045	Mount Baptist Church	18170 Golden Valley Drive, Sahuarita, AZ	US
S1-788734312	Bartlett Equity Partners LLC	276 68th Place, Merrillville, IN	US
S1-180407398	Martinez, Castillo & Montgomery Communications	302 Second Avenue, Oneida, TN	US
S1-14448673	Gail's Medical	611 5th Street, Hardin, MT	US
S1-656753428	Ss Food Private Limited	Af-684, Nandgram Near Mother India Public School. Ph. 989, 9487203, Ghaziabad, Uttar Pradesh	India
S1-147353082	Davalos Advanced Briacell Inc.	1530 Fulton Avenue, Unit APT 104, Sacramento, CA	US
S1-796712254	Globale Charitable Trust	16/1F Biplabi Barin Ghosh Srni, Kolkata, Calcutta, West Bengal	India
S1-601336919	Cole Fitness LLC	East Peoria, IL, 104 Reinders Road	US
S1-586648451	Al Global Limited	Village Shalimar Bagh Landmark Aggaawil, Shop 10 Ground Floor Blk-B, Delhi, North West Delhi, Delhi	India
S1-165299545	Akd Hospital	Office No. 5, 1St Floor, Shivdas Trade Centre, Plot No. 11, New Shanti Niketan Colony, Aurangabad, Maharashtra	India
S1-908540335	Iris Brothers Pvt Ltd	C32/29-A-3, Flate No. 204, Ganpati Pandya Enc, Chandua, Varanasi, Uttar Pradesh	India
S1-962469068	Faustine A. Baker, P.A.	2410 9th Street, IL, Rockford	US
S1-596612689	Martinez Resources Corp	101 Franklin Street, Unit 1, Greenfield, MA	US
S1-176307346	Twin Radiology (India) Limited	14 Hare Street Infront Of Telephone Bhawan, Kolkata, Calcutta, West Bengal	India
S1-894323554	Dyer and Reyna Plum LLC	OH, Unit G, Columbus, 5123 Cedar Drive	US
S1-198786916	Services Taksh Infra Private Limited	35/219 Vikram Vihar Lgfbehind Vikram Hotal Lajpat, New Delhi, South Delhi, Delhi	India
S1-791350673	Indore (india) LLP	Khasra No. 4/1/1/4 & 4/1/1/5 Lasudia Mori, Dewas Naka, Indore, Mp, Madhya Pradesh, Indore	India
S1-949414566	Jacobson, Sancho & Nelson LLC	4736 Mary Lee Drive, East Bend, NC	US
S1-220734585	Express Invesco LLC	2494 St Pauls Road, Hendersonville, NC	US
S1-177470509	Northern One	1034 Bolton Avenue, IN, Indianapolis	US
S1-727602285	Swastik Om Solutions LLP	201/D, Aditya, Svp Nagar Andheri (W), Mumbai, Mumbai City, Maharashtra	India
S1-979442215	K 2 L Made LLC	6605 Santa Rosa Road, Camarillo, CA	US
S1-957782740	Division of Labor	1402 E Bancroft Ave, Fergus Falls, MN	US
S1-289688571	Jain Care LLP	Shop No. 2, A Wing, Shivom Galaxy, Ground Flr, Kalyan, Thane, Maharashtra	India
S1-516877492	Karita Smith Golden Osprey Inc	904 10th Street, Altavista Town, VA	US
S1-912645081	Mauer, Lipsky & Walker Inc	1244 Arbor Road, Unit 405, Winston-salem, NC	US
S1-204715597	Internal Medicine Beacon Partners Inc	508 Olde Oak Drive, Bourbonnais, IL	US
S1-255257169	Elite Trading Company	687 Omar Circle, Yellow Springs, OH	US
S1-559370831	Shree Public School	F No-1710, Sector B Pkt, Vasant Kunj, New Delhi, Delhi	India
S1-327223430	Pediatric Dentistry Partners	236 Nyes Neck Road, Barnstable, MA	US
S1-870548412	Golden Barbershop L.L.C.	CT, Meriden, Unit 3, 654 Liberty Street	US
S1-402241052	Surya Exports Private Limited	300, 8Th Main Road C Block J P Nagar, Mysore, Karnataka	India
S1-243964430	Ear Nose & Throat Supreme Care PC	37 Commonwealth Avenue, Unit 4RR, Boston, MA	US
S1-302789684	Teamsters Local 491	1301 3rd Street, Ozark, MO	US
S1-249541059	Tri-State League	314 5th Street, Mcgehee, AR	US
S1-298182947	Godley & Hubbard Inc	Byers, 400 Feed Lot Drive, TX	US
S1-136001689	Fimaor, Corp	22520 Hammond Drive, Buckeye, AZ	US
S1-841341588	Ruth Worldwide	19383 Bryce Putnam Drive, MT, Frenchtown	US
S1-928804494	Better Transit Digital LLC	423 Washington Drive, Mineral Wells, WV	US
S1-594056803	Dental Health Inc.	15 Ferry Boat Road, Unit Unit B, Bigelow, AR	US
S1-134552087	Cascade Montessori School Clinic	Glens Falls, 9 Arbor Drive, NY	US
S1-845507859	Shiva Consultants Pvt Ltd	Royal Space, Building No.154/20, V 279, 3Rd Floor, 5Th Main, Hsr Layout 7Th Sector, Madina Nagar, Bommanahalli, Bangalore South, Bangalore, Karnataka	India
S1-632138364	Baba Investment	Muzaffarnagar, 23 Imambara, Muzaffarnagar, Uttar Pradesh	India
S1-361577594	Environmental Council	11781 Dieckman Lane, Marion County, OR	US
S1-246638277	Pioneer Technology Private Limited	4/608, Voc Street, Omr Road, Nehru Nagar, Kottivakkam, Chennai City Corporation, Chennai, Tamil Nadu	India
S1-877394249	OKQ Impex Private Limited	H No 3155, New Plot, Malegaon, Nashik, Maharashtra	India
S1-794501274	Horizon Empire Aria	11014 Hayden Falls Drive, Richmond, TX	US
S1-851066384	Great It Pvt Ltd	Araji No. 242/Min Village Bhadalikheda, Tehsil - Suwana, Bhiwara, Bhilwara, Rajasthan	India
S1-55807821	Tri-State Principal	ND, 720 Fairway Street, Dickinson	US
S1-565859467	Route 6 Auto Body LLC	214-11 18 Avenue, Bayside, NY	US
S1-399285508	Rodriguez Chenghe Inc	6112 Roling Road, Jefferson City, MO	US
S1-520689368	New Engineering Pvt Ltd	Flat No.101/17 Panchratna, Green Village Agerwal Com, Thane, Maharashtra	India
S1-222601052	Correna Dettmer Quest	4409 Evergreen Road, Spokane Valley, WA	US
S1-729777698	Atlantic Investment International Inc.	1819 Riverview Drive, Roseburg, OR	US
S1-946866802	Gulf James LLC	1207 76 Street, Brooklyn, NY	US
S1-463587803	Balance Institute of Technology Limited	306/9 Anita Co Hsg.Soc.Lokhandwala Complex Kandivali (E), Mumbai, Maharashtra	India
S1-629534409	Al Builders	B-78-4 N-11Hudco Aurangabad, Aurangabad, Maharashtra	India
S1-167776569	Pune Tours Private Limited	306 Trade Netnagar Road Viman Nagar, Pune, Maharashtra	India
S1-734491724	Ace Clear Ford Associates	11421 Sutters Mill Circle, Gold River, CA	US
S1-384495382	Garments Institute of Technology	Maharashtra, Phulewadi Main Road, Rs No 1229/1, Karvir, Kolhapur	India
S1-137375780	Wang First Jab Inc	750 Rock Needle Trail, Apache Junction, AZ	US
S1-498250167	Bright Apex Properties Private Limited	Vikas Marg Laxmi Nagar, New Delhi, G-55, Delhi, 3Rd Floor, Royal Palace	India
S1-962502954	Shree Constructions Private Limited	New Delhi, B-416 New Friends Colony, Delhi, South Delhi	India
S1-325203801	36 Hour Massage	910 221st Avenue, Gresham, OR	US
S1-668968195	Mclaughlin Equity Partners LLC	Goshen, 608 Kercher Road, IN	US
S1-677375737	#Zion Neurosciences LLC	Unit Apartment 7, Neshannock Township, PA, 4 Bellaire Drive	US
S1-141869436	Sahaja Edutech LLP	Ground Floor, Ramkrishnapur, Sabrakone, Taldangra, Bankura, West Bengal	India
S1-386471049	Machinists Union Local No 156	1214 S 4th St, Unit APT 205, Ames, IA	US
S1-282467635	Prem & Sons Pvt Ltd	D-4, Chandana Apartments82, Infantry Road, Bangalore, Karnataka	India
S1-761661692	First Star Tinto, LLC	228 Caroline Place, Dover, DE	US
S1-297494205	Family Highland Medicine LLC	Galt, 710 Spaans Drive, CA	US
S1-5445099	Margeaux Lambert, Esq.	912 Cook Bridge Road, Murphy, NC	US
S1-530526337	Management Europa Productions LLP	Plot No. 29, Road No. 3, Janardhana Hills, P Raju Road, Seri Lingampally, K.V.Rangareddy, Telangana	India
S1-879858737	Mckie Flag of Vian Inc	95696 4541 Loop, Vian, OK	US
S1-88552907	Dermatology Direct Physicians PLLC	7348 Winthrop Way, Unit 7, Downers Grove, IL	US
S1-65040114	Sabol College	126 1st Street, Oxnard, CA	US
S1-96232842	Sarasora Health Pvt. Ltd.	B-907, Indigo Tower, Sg Impression-58, Ghaziabad, Uttar Pradesh	India
S1-875282110	TY Services Private Limited	New Delhi, Mustatil No-6, Killa No. 3, Nishant Park, Najafgarh Road, Kakrola, Plot No. C-3, Delhi, West Delhi	India
S1-381914282	Gorrell Charter School L.L.C.	2936 Lucky Charms Circle, City Of Sun Prairie, WI	US
S1-292388864	Chennai Barter Pvt Ltd	Chennai, F-2, First Floor, Labour Colony, Guindy Industrial Estate, Guindy, Tamil Nadu	India
S1-816670244	Star Systems Private Limited	Tpxx1/790, Thekanathu House Near Marthoma Church Mynagappally Village, Thevalakkara, Kollam, Kerala	India
S1-736635628	Balaji Global It Private Limited	98, Khasra No.93 Gali No-3, Jamuna Nagar Meerut, Meerut, Uttar Pradesh	India
S1-958101110	Reliable Design Dynamics Inc	Peekskill, Unit Apartment 3, NY, 333 Nelson Avenue	US
S1-998633222	Fortune Management Private Limited	Flat No 2, Meera Bldg, Seema Chs Ltd, Ghatla Village Road, Chembur, Mumbai, Maharashtra	India
S1-618624562	Foot & Ankle Specialists	117 Daring Paintbrush Cove, San Marcos, TX	US
S1-335500164	Sam Consultants Private Limited	T H Roadnew Washermanpet Chennai, Tamil Nadu, Chennai, No.21	India
S1-43044582	TM Green Private Limited	Tamil Nadu, Chennai, 2Nd Cross Chandran Nagar, Chromepet, Chennai, No.75	India
S1-157064113	Sky Healthcare Private Limited	A 803 Navkar Heights, Lml School, Gandhinagar, Ahmedabad, Gujarat	India
S1-714992493	Fresh Property Digital, LLC	Orono, 2430 Blossom Circle, MN	US
S1-110799801	Bison Massage LLC	1680 Torrey Hill Road, Java, NY	US
S1-575272596	Division of Aging	6824 Brown Rock Road, Stillwater, OK	US
S1-52223771	Nexdyne Inc	70 Owen Drive, Kevil, KY	US
S1-60587840	Galaxy Anand Technology Private Limited	101 Hariom Apartment, Depalpur, Indore, Shreeram Kamal Residenci, Madhya Pradesh	India
S1-618246590	Pretty Constructions Corporation	#12 Ward No 22, 2Nd Cross, Rahamaniya Nagar, Ramanagar, Bangalore Rural, Karnataka	India
S1-118170039	Kishan Traders Pvt. Ltd.	C - 6 / 6323 Vasantkunj, New Delhi, South Delhi, Delhi	India
S1-598548390	Womens Health Medicine LLC	3516 Hackers Creek Road, Jane Lew, WV	US
S1-645040170	L U & B Metal Center	7244 Navigator Lane, Tucson, AZ	US
S1-891104891	Dandekar Vidyalaya	Delhi, Shahdara, Office No 5 Central Marke, Block B Dilshad Garden, Shahdara	India
S1-849233313	Kerri Agner Cascade Alliance	509 Orange Avenue, Dothan, AL	US
S1-534329905	Prime Consulting LLP	36 Sneh Nagar, Narmada Chamber, Indore, Madhya Pradesh	India
S1-682523825	Think Marketing Private Limited	S-319 Greater Kailash Part-Ii, New Delhi, South Delhi, Delhi	India
S1-567308588	Zander Blue Co	9236 Meadowmont View Drive, Charlotte, NC	US
S1-562175396	Health Institute of Technology	Kh No. 309/2, Basement Front Side, Pul Pehladpur, G K Complex, New Delhi, South Delhi, Delhi	India
S1-440953421	Highland Cascade Imperial LLC	KS, Topeka, 3646 Willow Brook Court	US
S1-381900880	Holdings Welfare Society	Punjab, 104/3, Ludhiana, Shahpur Road, Shop No 1, Ludhiana	India
S1-183603578	Fresh Transit Union Inc	257 Shady Rest Road, Statesville, NC	US
S1-159244193	OB Point Private Limited	Vaiska No. 7655, Khazanchiyan Mohalla, Hisar, Haryana	India
S1-84659108	Rion Willow L.L.C.	11550 Valley Oaks Lane, Stanfield, NC	US
S1-635448401	Smart Transit Innovations	GA, Atlanta, 2679 Knox Street	US
S1-881424956	Linnell's Restaurant L.L.C.	819 Dockhouse Lane, Galena, MO	US
S1-906789520	Tech Food Private Limited	B3-1002, Experion The Heartsong Sector 108, Near Village Dharampur, Gurugram, Gurgaon, Haryana	India
S1-217016822	Supreme Sterling Inc.	2046 Hovey Street, Indianapolis, IN	US
S1-720156356	Walker, Suter and Sanders Detailing LLC	1515 Kranzfelder Street, Unit B, City Of Bloomer, WI	US
S1-283762760	Pune Services Limited	117, S Block, Midc Bhosari, Pune, Maharashtra	India
S1-942375964	Peak Health Solutions LLC	11105 19th Street, OK, Tulsa	US
S1-805559134	Express Precision Partners	IA, 714 Prairie View Road, Cedar Falls	US
S1-518197819	Primary Care Clinic LLC	351 11th Street, Washington, DC	US
S1-336753892	Royal Ventures Private Limited	Flat No. 202, Maharshi Atharva Apartment, Plot. No. 14, Shankar Nagar, Nagpur, Maharashtra	India
S1-38856492	Melody Moran Integrated Antimony	401 Ironwood Drive, Unit 71, Apache Junction, AZ	US
S1-540897538	Back Developers	216A/18, Ground Floor, Gautam Nagar Near Father Angel Schoo L, New Delhi, Delhi	India
S1-754115297	Arpita & Brothers Company	H. No. 12-8-301/6A, Nagelli Residency Alugaddabavi, Mettuguda, Secunderabad, Hyderabad, Telangana	India
S1-935188744	Clean Retail Solutions	2712 Cedar Springs Place, Round Rock, TX	US
S1-786422330	Aspen	1501 Fm 109 Road, New Ulm, TX	US
S1-773140953	Gujarat Technologies Private Limited	5Th Avenue, Orur Olcott Road Besant Nagar, Chennai, 35, Tamil Nadu	India
S1-867636377	Innovative Global Limited	No.1 Patterivila Veedu, Paruthumpara Maranadu Po, Kottarakara, Kollam, Kerala	India
S1-835190617	Casey Digital LLC	56484 Barnes Road, Maricopa, AZ	US
S1-854952911	Johnson Holdings Group LLC	Saint Paul, MN, 5300 East Street	US
S1-28326227	Mega Solutions LLP	No. 204, 7/1/68/1 P.No.6, Dharamkaran Road, Ameerpet, Hyderabad, Telangana	India
S1-175961840	Urology Partners	111 Orchard Avenue, Beckley, WV	US
S1-158662956	Chiropractic Associates	1584 Blake Bottom Road, Huntsville, AL	US
S1-387650052	Bison Inc	363 4351, Gilmer, TX	US
S1-203861212	Ear Nose & Throat Innovative Specialists Inc	4753 Courtney Lane, Unit E, Raleigh, NC	US
S1-73533983	Orthopedic Specialists Inc	2701 France Avenue, Minneapolis, MN	US
S1-539096570	Infrastructure Kalpataru Jewellery Limited	H-221, Naraina Vihar, New Delhi, Delhi	India
S1-509915091	Aay Brothers Private Limited	S.No. Gat. 1261, New Rto Road, Shivartehere, Malegaon, Nashik, Maharashtra	India
S1-361130212	Regional Express	Brownsville, 555 Azteca Drive, TX	US
S1-855289123	Prairie Health Center	6530 Covington Road, Fort Wayne, IN	US
S1-872827436	Tolichowki Crop Private Limited	9-4-86/77, Salarjung Colony, Tolichowki, Hyderabad, Telangana	India
S1-122060440	Mumbai Graphics Private Limited	Maharashtra, Mumbai, 105 Dr B Ambedkar Roadlalbaug, Mumbai	India
S1-264743471	Diannne Henson Affiliated LLC	121 Circulo Penjamo, Rio Rico, AZ	US
S1-64970768	Hamsafar Digital Private Limited	89 Ground Floor Near Water Tank Road Opp Z. P. Primary Sch. Sonpuri Rd Pindkepar, Bodra, Bhandara, Maharashtra	India
S1-951412330	Silvana Cox, D.C.	29 Fifteenth Street, Old Orchard Beach, ME	US
S1-340896926	Carl Cap Inc	3523 Elmhurst Avenue, Spokane, WA	US
S1-484929991	Ricker and Mendoza	925 4th Street, Bellwood Borough, PA	US
S1-447587874	Oriental & Brothers Private Limited	C/O Ravendra Kumar 11, Vill-Mongari Kara, Sirathu, Kaushambi, Uttar Pradesh	India
S1-383449539	L & O Universal, LLC	E1198 Gurholt Road, Town Of Scandinavia, WI	US
S1-597677293	Cinder LLC	2441 Golf View Court, Topeka, KS	US
S1-546142636	Crystal Staffing Solutions LLC	8706 Kentucky Derby Drive, Waxhaw, NC	US
S1-115205290	Hill & Co Corp	Mig Flats No-156, Top Floor, Sector-17 Phase-Ii, Pkt-A, Dwarka, New Delhi, Delhi	India
S1-773037667	Northwind, Inc	4552 400th Street, Hospers, IA	US
S1-296672331	Kolkata Business Private Limited	164C/2, Lake Gardens, Near Old Syndicate Bank Branch, Kolkata, Kolkata, Howrah, West Bengal	India
S1-312136906	Tuttle East LLC	3214 Moss Hammock Wynd, Saint James, NC	US
S1-477776195	Dynamic Biomedical Networks LLC	270 School Hill Road, Cecil Township, PA	US
S1-619255846	Antonio Rush	OK, 1213 Orient, Clinton	US
S1-921549539	Clover Olympus Sn-65/12/C Ghorpadi Sopan Baug Construction Private Limited	Fl-21, Clover Olympus Sn-65/12/C Ghorpadi Sopan Baug, Pune, Maharashtra	India
S1-267682501	JK Grand Adamas LLC	4712 Comal Street, Pearland, TX	US
S1-820083605	Iniguez Pacific Solar LLC	356 Randolph Street, Youngstown, OH	US
S1-147296014	Eastern Coastal Spruce PC	2623 Kansas Avenue, Woodward, OK	US
S1-525076766	HQN Plantations Pvt Ltd	C-134A, Dashrath Puri Dabri Palam Road, New Delhi, South West Delhi, Delhi	India
S1-463038301	City Consultancy Private Limited	Bunglow No.80, Platinum Paradise, Nr. Malwa Institute Of Technology & Management, By, Pass Road, Indore, Madhya Pradesh	India
S1-815825222	Bee Seva Samiti	Gram Post Malipur, Thana Garhpura, Begusarai, Bihar	India
S1-561619160	Hutcherson Investments	4170 Greer Road, Verona, IL	US
S1-308262271	Royal Surya Management	605, 6Th Floor, Hallmark Business Plaza, Opp. Guru Nanak Hospital, Bandra (East), Mumbai, Mumbai City, Maharashtra	India
S1-994437498	Midwest Better Fargo Inc	491 Dutton Street, Unit 507, Lowell, MA	US
S1-286461722	Anchor Marketing Industries Corp	11 Violet Lane, Goleta, CA	US
S1-814956519	Purasaiwakam Consultancy Private Limited	Old No-59, New No-68, Ground Floor Gangadeeswarar Koil Street, 1St Lane, Purasaiwakam, Chennai, Tamil Nadu	India
S1-713405718	Vang Valley Cartesian PLLC	1981 Marcus Avenue, North Hempstead, NY	US
S1-340373484	Express Retail Brands LLC	Pasadena, TX, 4207 White River Drive	US
S1-385054358	Cahra's Clean Mortgage P.C.	1206 Canal Street, Alexandria, IN	US
S1-196576160	Om Global Private Limited	Telangana, Hyderabad, H-76, H-Block Madhuranagar, Sr Nagar, Ameerpet, Hyderabad, 8-3-224/9/10/A	India
S1-620129069	Fresh Defense Laboratories Inc.	175 Bradford Lane, Upper Gwynedd Township, PA	US
S1-453766911	Eco & Sons Limited	C/O Milind Madhavrao Pati, Flat No 14, Samira Apart, Nashik, Maharashtra	India
S1-393540392	Technologies Saket Services	H. No. 266, Double Storey, New Rajinder Nagar, Delhi, Central Delhi, Delhi	India
S1-957728623	Services Aastha Infratech Private Limited	Sambhava Chambers4Th Floor Sir P M Road, Maharashtra, Mumbai	India
S1-448410374	Wildlife Society Inc	610 Kingswood Lane, Simi Valley, CA	US
S1-713597587	Pediatric Care Associates of City And Borough Of Juneau LLC	AK, 220 Front Street, City And Borough Of Juneau	US
S1-743851752	Harbor Regional Carlyle Inc	2039 Griffis Avenue, Baltimore, MD	US
S1-348059257	Giesler Hennessy	621 7th Street, Saint Charles, IL	US
S1-312141786	Atlantic Flex	2012 Summit Avenue, Unit APARTMENT D, Gwynn Oak, MD	US
S1-83647344	New India Private Limited	Fl 401, Telangana, Sri Niketan Abhinandana Aprt. Ayyappa Society, Nr.Cgr Int. Pl.250 251, Madhapur, Hyderabad, Rangareddy	India
S1-973717755	Ujjawal Institute of Technology	Sr No-45/1/1 Milkat No, 1043 Hole Wasti Undri, Pune City, Pune, Maharashtra	India
S1-906604225	Tuttle, Kim & Newell Inc	8129 Colwick Lane, Arlington, TX	US
S1-69689471	Dorie Burmester Gores Inc	270 Tavenner Drive, Deer Lodge, MT	US
S1-982170857	Heinrich Trailblazer LLC	391 425, Layton, UT	US
S1-170974075	Jones Kongsberg	48 Mcclain Avenue, Scottsburg, IN	US
S1-372303053	Urology Partners LLC	1916 Runnymede Road, Winston-salem, NC	US
S1-44708593	JPM Associates Limited	001, Swamicharan, Dattachowk, Badlapur (West), Thane, Maharashtra	India
S1-660841326	Devora Nd Ltd	Kblock, 128/5, Kidwainagar, Kanpur, Uttar Pradesh	India
S1-810819030	Richmond Human Rights Trust	344 4th Street, Richmond, KY	US
S1-117744619	Scientific Care	28518 Star Island, Cass Lake, MN	US
S1-218861069	Anchor LLC	2200 Big Sky Lane, Raleigh, NC	US
S1-139648025	Tech Properties LLP	1285 A Deshpande Layout, Nagpur, Maharashtra	India
S1-174971429	Builders Saanchi Services Private Limited	Lucknow, 1St Floor, Uttar Pradesh, Lucknow, Shop No. 2, Landmark Arcade Complex, Badshah Nagar Crossing	India
S1-899348117	Orthopedic Associates Inc	2858 Old Greenbrier Pike, Greenbrier, TN	US
S1-553375105	Kozlowski, Lopez & Smith LLC	5842 Baileys Ridge Drive, New Kent County, VA	US
S1-844636298	Dorie Galindo Valley Dpc LLC	140 North Avenue, Claremont, IL	US
S1-731124817	Legacy Business Corporation	65 Aspen Colony, Unit UNIT 9, Fox Lake, IL	US
S1-522029771	United Technology Pvt Ltd	Sambalpur, Orissa	India
S1-438022215	Technologies Little Gaming Ltd	Nagpur, F-3 Shiv Krupa Navjeevan Colony, Wardha Road, Plot No 56, Maharashtra, Nagpur	India
S1-663580467	Smith Live LLC	22714 Fair Oaks Court, Elkhart, IN	US
S1-637872165	Liberty Initiative	1823 Suns Up Court, Fl 2, Florissant, MO	US
S1-73302833	Karen Nava Federal Sciences LLC	382 Haseltine Street, City Of Richland Center, WI	US
S1-907689588	Pediatric Group Clinic	Massena, NY, 48 42A	US
S1-601216880	Hubbell and Rosenberg, Inc	5305 N Lake Drive, Roanoke County, VA	US
S1-609996572	Future Management Pvt Ltd	C 199, Third Floor Sarvodaya Enclave, New Delhi, South Delhi, Delhi	India
S1-132277685	Rosoft Vanguard Saratoga	4144 Dogwood Avenue, Broken Arrow, OK	US
S1-299746071	Prime Paceline LP	Fergus Falls, 1224 Lake St, MN	US
S1-758391186	Ss Star Investment Private Limited	P No.56, Guttala Begumpet, Madhapur, Hyderabad, Shaikpet, Hyderabad, Telangana	India
S1-218380071	Zheng Bay Dominion	105 7th Street, Fonda, IA	US
S1-209125573	Vanguard Staffing Advisors LLC	489 Westbrook Street, Unit APT 205F, South Portland, ME	US
S1-660211810	Kalol Cable Private Limited	29, Saraswat Society, Navapura Road, Kalol, Panch Mahals, Gujarat	India
S1-657339664	Pediatric Continental Partners LLC	2080 Liberty Road, Scotts Hill, TN	US
S1-369991325	Marji Champion Technical LLC	6626 Winton Street, Houston, TX	US
S1-453178370	4575 Mountain View Way Partners LLC	WI, 4249 4th Street, Village Of Somers	US
S1-590392911	Lambert Pimco, Inc	854 Ewing Street, Joliet, IL	US
S1-815519296	Elwira Salas Point LP	1609 Ave K, Bay City, TX	US
S1-858025906	Precision Source LLC	5416 Ruffed Grouse Circle, Dublin, OH	US
S1-640822834	Lincoln Premier Term LLC	NE, 2848 O'hanlon Drive, Lincoln	US
S1-742314572	Bolin Piedmont Eqv LLC	5404 Timber Lane, Gig Harbor, WA	US
S1-508688351	Interstate Boa Inc	Berryville, 661 Highway 221, AR	US
S1-100324612	Marcon Clinic-Gurgoan	Unit No.708, Seventh Floor, Block A The Arcadia, South City 2, Gurgoan, Gurgaon, Haryana	India
S1-16253430	Mannur Institute of Technology Private Limited	2076, G/F, Katra Gabal Shah Street Bazar Sita Ram, Delhi, Central Delhi, Delhi	India
S1-550488938	Jaipur (india) Partners	50, Sikar Road, Parasram Nagar, Dahar Ke Balaji, Jaipur, Rajasthan	India
S1-65021651	Heredia Fresh Hall LLC	418 Golden Meadow Lane, Ledbetter, KY	US
S1-445985594	Affy & Partners	Iccha Devi Road, Chalisgaon, Jalgaon, Maharashtra	India
S1-196451018	Universal Technology Limited	D - 128 / 129, Midc, Malegaon, Sinnar, Nashik, Maharashtra	India
S1-781132420	Frontier Alliance	117 Triana Boulevard, Huntsville, AL	US
S1-802247394	Galaxy Solutions Private Limited	45/1 Masjid Bazar Lane, Bhogal, New Delhi, Delhi	India
S1-503957000	AP Hospitality Inc	20085 Us 23, Circleville, OH	US
S1-29845983	Hendricks and Flowers Inc	33 Sleepy Hollow Drive, Danbury, CT	US
S1-900694722	Green Staffing Group Group	Springfield, IL, 41 Groton Drive	US
S1-675723075	Worley Global Point	301 Linde Street, Village Of Deforest, WI	US
S1-722885349	Ohler Highland Block LLC	14243 92nd Avenue, Kirkland, WA	US
S1-116043204	Red Consultants Pvt. Ltd.	C/O Tapas Kumar Betal, Bhogpur, Purba Medinipur, Panskura, East Midnapore, West Bengal	India
S1-616588883	Cao Assets Inc	769 Sir Philip Drive, Salt Lake City, UT	US
S1-179094227	Franzen Centurion PC	309 Mossy Rock Drive, Mckinney, TX	US
S1-102500336	Aahana Realty Limited	Ih-10, Hemavathi Nagar Alape, Mangalore, Dak. Kannada, Karnataka	India
S1-506566257	Nexsaix Fusion	23054 Bronstein Lane, Loudoun County, VA	US
S1-9095876	Blue Good Infra Private Limited	G-3, Shri Hari Asson, B/H Law College Ground, Ahmadabad City, Ahmedabad, Gujarat	India
S1-866990988	Kelley, Garcia and Frahm Inc	1304 Gravel Lick Road, Russell County, VA	US
S1-563645879	Kennedy Investments	VA, Virginia Beach City, 612 -106 Nevan Road	US
S1-939256086	Fuller & Meese Inc.	12002 Willow Branch Court, Houston, TX	US
S1-250157667	Apex Industrial Holdings	Elizabethton, TN, Unit 6, 213 Cedar Avenue	US
S1-742698020	Dhule Roadlines Limited	Dhule, Midc Avadhan, Dhule, Plot No.F-3, Maharashtra	India
S1-141771983	Complex Exim Limited	M-89, Second Floor, M Block Greater Kailash, New Delhi, South Delhi, Delhi	India
S1-582619930	Consulting Ujjwal India Private Limited	1 Thank God Building, 176, D. K. Sandu Marg, Near Chembur Po St Office, Chembur., Mumbai, Maharashtra	India
S1-732235636	BR Materials LLC	7006 Parkdale Drive, Bremerton, WA	US
S1-660662966	New Delhi Dream Private Limited	S-3, G/F, Greater Kailash-1, New Delhi, South Delhi, Delhi	India
S1-315356120	Martin's Vanguard Detailing	20 Springmill Drive, Middletown, DE	US
S1-670965363	UN Vertical	2238 Woodside Lane, Unit 13, Sacramento, CA	US
S1-651276763	Dental Medicine LP	9410 Wallace Street, IL, Chicago	US
S1-719571188	GN Starling Partners	75 Loxwood Street, Unit 2, Worcester, MA	US
S1-123985580	Geetika Farmers (India) Private Limited	Door No 621 Nilatechnopark Campus Karyavattam P O, Thiruvananthapuram, Trivandrum, Kerala	India
S1-592624645	Continental Figx	1632 Sonoran Drive, St George City, UT	US
S1-883807828	Tirupati Consulting Private Limited	217, Tirbhuvan Complex, Ishwar Nagar, Mathura Road, New Delhi, Delhi	India
S1-265169103	Titan LLC	411 Ditch Bank Road, Yakima, WA	US
S1-8890689	Shultz, Genevieve H., L.C.S.W.	Seattle, 2746 46th Avenue, WA	US
S1-723078987	Maiden Gig Private Limited	1/1167, 2Nd Floor, Kalapesh Street, Nanpura, Surat, Gujarat	India
S1-96592923	Visual Foundation	Plot No-661/3889, Ekamra Vihar, Nayapalli, Bhubaneswar, Khordha, Orissa	India
S1-499847912	Modestine Fuller Muniyield Group	814 Magnolia Street, Arlington, TX	US
S1-342612208	North Veterinary Clinic	49 North Avenue, Norwood, MA	US
S1-953170086	Technomech & Co Corp	Flat No. 303, 3Rd Floor, Challenger Tower - 3 Thakur Village, Kandivali (E), Mumbai, Maharashtra	India
S1-394509887	Straight Edge Coffee!	New Carlisle, IN, 7870 Emery Road	US
S1-779425860	FM Transport	13208 11, Adams, NY	US
S1-500042788	Signet Mattresses Private Limited	1-51/2 Gandhinagar, Ghanpur, Warangal, Warangal Urban, Telangana	India
S1-835908410	Metro Metro Altisource	1818 Sawyer Avenue, Chicago, IL	US
S1-96997570	Charlena Hazelwood Workshop	4515 Cherry Avenue, Fl 0, Wichita, KS	US
S1-773460033	Upper Polestar PC	Fort Mill, SC, 255 Sedgewick Drive	US
S1-755216136	Facility (India) Real Private Limited	Sri Bhuvi Realtors & Developers Private Limited, 28/1, 2Nd Floor, 15Th Main, 1St Cross, E - Block, Behind Swathi Garden Hotel, Bangalore North, Bangalore, Karnataka	India
S1-625699510	Engracia Fuhrmann Wells LLC	3452 Brinkley Road, Unit 201, Temple Hills, MD	US
S1-368607084	Corner Bike Shop	5324 Fair Wind Lane, Charlotte, NC	US
S1-271831358	C 8 Supreme Management LLC	Bay, AR, 2202 Ar 158 Highway	US
S1-468559725	Prithvi Security (India) Private Limited	6-3-249/4/6/404, Dhanunjayatowers, Rd No 1, Khairatabad, Hyderabad, Telangana	India
S1-126050634	Cg & Brothers of Arrah	C/O Chameli Devi, Vill/Tola-Garhani, Arrah, Bhojpur, Bihar	India
S1-789009573	Hotel Enterprises Limited	Wz-187C Shop No.13, 14 Kh. No.47 S/F. Vikaspuri Budhela Village Behind Oxford School, Delhi, West Delhi, Delhi	India
S1-798238581	Aditya Raj Software Private Limited	New Delhi, Ground Floor East Vinod Nagar, B-158, Delhi, East Delhi	India
S1-539762538	Tranquility Electromechanical LLP	Delhi, N-10, Ground Floor, Vishnu Garden, West Delhi, Shop No.3, New Delhi	India
S1-726175679	Blue Global Private Limited	A/610, Main Frame Building, Royal Palms, Aarey Milk Colony, Goregaon (East), Mumbai, Maharashtra	India
S1-800891124	Jaya Amusement Limited	Promoter, '24/4866, Harbans Singh Street, Darya Ganj, Delhi, Haryana	India
S1-444476349	Rico Seva Samiti	Ashram Road Ahmedabad-9, Gujarat, C/O Bhupendra C Mohorowalafinal Plot No 503 Nr Reform Club Opp Nobles Nehrubridge, Ahmedabad	India
S1-338630028	Solutions Green Trust Pvt Ltd	Hyderabad, 8-2-310/155/B, Telangana, Khairatabad, Nandinagar, Road No.14, Banjara Hills	India
S1-13081301	Jennings Certified Workshop Inc	114 Matthew Court, Stafford County, VA	US
S1-327804795	YML Five Pvt Ltd	D.No. 23/1490, Flat No.8, Deekshita Towers, Behind Pavani Prestige Apartment, Magunt, A Layout, Nellore, Andhra Pradesh	India
S1-531427084	Electricians Union Local No 947	La Plata, MD, 844 Holly Drive	US
S1-440522027	Canaon LLC	130 Locust Grove Road, Weaverville, NC	US
S1-250284344	Fortune Developers Private Limited	Punjab, C/O Sukhjiwan Kumar So Dharam Pal Bansal Mc No.585/12, Moga, Opp. Axis Bank, Mudki Road, Baghapurana	India
S1-644995328	Genna Lockyer Fusion	193 Screven Road, Tryon, NC	US
S1-221671666	Fortune Global Private Limited	H.No. 285, Village Neemka, Bulandshahr, Uttar Pradesh	India
S1-223970197	Tobriify Mountain Mountain	3475 Oquirlane Street, Magna City, UT	US
S1-280977513	Midwest Blue Software	528 Marsh Road, Pittsford, NY	US
S1-269658432	JJJ Power Limited	Shop No 8 Kh No 366 Gf Gurunanank Dev Colony Vill Bhalswa Dairy Jagirpuri, Delhi, West Delhi, Delhi	India
S1-486691681	BJ Creative Private Limited	1, 3Rd Cross, 3Rd Floor, Naaz Complex, N.R. Road, Bangalore, Karnataka	India
S1-315682359	Sweet Pilates	15 South Drive, Muncie, IN	US
S1-480591442	Behavioral Health Harbor Clinic LLC	2589 Main Street, Mobile, AL	US
S1-593017751	Heartland Clear Grade Inc	823 Millwood Avenue, Washington Court House, OH	US
S1-359440945	Daon Continental Music LLC	7667 136, Terrell, TX	US
S1-137019696	Haupt Braves	Glen Burnie, Unit E, MD, 7675 Harlow Drive	US
S1-332182002	Indresh Ai Private Limited	No 6, Parasu Street, Kilpauk, Perambur Purasawalkam, Chennai, Tamil Nadu	India
S1-265413641	Aarvendra Amusement Co	Bangalore, 54, Bangalore-2., Karnataka, Khader Sheriff Gardens	India
S1-441609621	North Logistics Private Limited	Complex Nr Ambalal Park, Gujarat, Padra, Vadodara, Shop No 3 Vraj Raj	India
S1-64834	Claunch Cornerstone Acadia Inc	12656 2nd Street, Unit UNIT 24, Yucaipa, CA	US
S1-373651039	Shah Bloom Private Limited	161, Ground Floor, Sfs, Pocket-I, Sector-22 Dwarka, New Delhi, Delhi	India
S1-92068166	C/O Brc	3840 Wellington Drive, Cazenovia, NY	US
S1-797119847	Misoft LLC	707 Fairburn Street, Fonda, IA	US
S1-546695531	Mumbai Kala Ltd	1203, Kashmri Heights Majaswadi, Near Saraswat Bank, Jogeshwar, I East, Mumbai, Mumbai City, Maharashtra	India
S1-870041797	Vinayak Hotels Pvt Ltd	C-56A First Floor Kalkaji, Near Aggarwal Sweet, New Delhi, South Delhi, Delhi	India
S1-879207596	Prime Investment Private Limited	Flat No. 302, Buld. No A, Heliconia Ii Magarpatta, Pune City, Pune, Maharashtra	India
S1-271675443	Delta Center	3515 11, Deep Run, NC	US
S1-787758125	South Crystal Aria Inc.	34 Shagwong Drive, Brookhaven, NY	US
S1-5720003	Marketing Vedant Technologies Pvt Ltd	2A, Block Ii, Gurukul Grande, Thakdari, Krishnapur Newtown, Kolkata, West Bengal, In, Dia, Kolkata, Kolkata, Howrah, West Bengal	India
S1-163239249	Mountain Superior Cms	13211 Oakhaven Court, Chesterfield County, VA	US
S1-919324708	Stepha N. Nygren, DO	AZ, Fl 1st Floor, Surprise, 17437 Guthrie Street	US
S1-965667	Maure Williams Colombier Inc	85 Wayne Avenue, Ticonderoga, NY	US
S1-321299992	Annabela Ingram, Ph.D., PC	4147 Deerbriar Run Drive, Houston, TX	US
S1-445781061	Silicon Technologies Private Limited	8 Flr, Neptun Tower, B P C Road, Vadodara, Gujarat	India
S1-728759210	Rocky Charities	335 52nd Street, Des Moines, IA	US
S1-554408912	Lower Clear Yhn LLC	1570 Wisconsin Dells Parkway, Fl 2nd, Village Of Lake Delton, WI	US
S1-697302545	Cardiology Pinnacle Clinic	7208 Garland Avenue, Takoma Park, MD	US
S1-271250984	Aum Delight Private Limited	F-302/303 Ashok Garden, Tower2 Swan Mill Compound, Mumbai, Maharashtra	India
S1-588807892	Srishti Traders Limited	J-44, Sriniwas Puri, Delhi, South Delhi, Delhi	India
S1-825009734	Lawrence Alliance Care	136 Tram Rock Road, Lake Point, UT	US
S1-102206737	24HR Towing LLC	721 Smyrna Clayton Boulevard, Smyrna, DE	US
S1-67726616	Cedar Design, LLC	2219 Bandera Court, Port Orchard, WA	US
S1-517767364	Scholarship Coalition Inc	778 Vacation Circle, Foley, AL	US
S1-706871402	Smart Enterprises LLP	2458/B/36, Khandwani Town, Dighori Road Wathoda, Nagpur, Maharashtra	India
S1-251261466	Sykes Charter School LLC	900 Medical Village Drive, Edgewood, KY	US
S1-706930694	Smart Sony PLLC	8343 B Greensboro Drive, Unit CND 4, Fairfax County, VA	US
S1-680347141	Sorrells & Hanson LLC	24618 Shellbrook Drive, Huffman, TX	US
S1-120462872	Continental Software Partners	1048 Bayou Blue By Pass Road, Schriever, LA	US
S1-691905185	Hyderabad India Private Limited	Hyderabad, Journalist Colony, Jubliee Hills, Telangana, Plot No. 30-A	India
S1-107874030	Kulig Ramaco Inc	7329 Richmond Highway, Fairfax County, VA	US
S1-277255445	South Learning Center	108 Iris Meadow Drive, Davidson, NC	US
S1-8369493	Januszewski Charter School Inc	606 Castle Harbour Drive, Friendswood, TX	US
S1-260697425	Pioneer Alpha LLC	7595 Lakota Hills Drive, West Chester, OH	US
S1-758949647	Shell's Safe Advisors	210 Creekedge Circle, Huntsville, AL	US
S1-79744963	Dental Precision Partners	846 4th Street, Charleston, IL	US
S1-22787740	Shiv Consultancy Limited	S. No. 116/4, Wallstreet, 3Rd Floor, Office No. 308, Pune City, Pune, Maharashtra	India
S1-184480100	Emmy Mcneil Douglas Inc.	9948 120th Street, Collinsville, OK	US
S1-276415360	Ear Nose & Throat Physicians LLC	1071 Waterway Lane, Saratoga Springs, UT	US
S1-31959681	Trusted United Mercury LLC	AR, 165 Parkview Drive, Trumann	US
S1-760850538	Unified Logistics Union Co	658 Boulevard, Dover, OH	US
S1-177241641	Highland Gas Inc	3151 Mcguffey Road, Columbus, OH	US
S1-62135230	Avs Group	205-208, Anarkali Complex, Jhandewalan Extension, Delhi, Central Delhi, Delhi	India
S1-939343016	Florinda M. Ross, D.O.	11 Richards Ridge Road, Bar Harbor, ME	US
S1-842533642	Certified Digital Associates Center	6984 Vining Street, Chino, CA	US
S1-288309120	Erickson Mines Corporation	132 Hill Street, Hazard, KY	US
S1-998925197	Taylor Green Can LLC	501 Marina Drive, Montour Falls, NY	US
S1-349683786	All Global Private Limited	508, Bhaveshwar Complex, Station Road, Vidyavihar (West), Mumbai, Mumbai City, Maharashtra	India
S1-999727381	Halcara Brc	101 2nd Street, Unit 5, Laurel, DE	US
S1-894107060	Stevens Capital Partners LLC	53 Fast View Drive, Martinsburg, WV	US
S1-927655670	Jain Marketing Private Limited	Bihar, Mashrakh, Mashrakh Near Bsm Global School, Saran, Plot No 6560	India
S1-214959549	Health Initiative Inc	6325 Mercury Cove, Bartlett, TN	US
S1-81232954	Superior Chemical Systems LLC	204 Willow Point, Crossville, TN	US
S1-400650322	Jameson Tri-State Consolidated Inc.	Maricopa, AZ, 20078 Brook Lane	US
S1-864404672	Jpl Technologies Private Limited	137, 1St Floor Building No.1-Edison Raheja Tesla D Block Ttc Industrial Area, Midc Jui Nag, Ar, Navi Mumbai, Maharashtra, Mumbai City	India
S1-764841010	Ridge Federation LP	200 New Ipswich Road, Ashby, MA	US
S1-664633620	Urology Direct Care	Midwest City, OK, 2920 Bella Vista	US
S1-971070058	Slate Associates	OH, 356 Reed Avenue, Akron	US
S1-448986054	Hughes Nexpoint Corp	1740 Prairie Road, Snowflake, AZ	US
S1-185938539	Sai (India) (india) Private Limited	12, B. T. Road, Khardah, P. O - Sukchar, Kolkata, Howrah, West Bengal	India
S1-326577657	Ridge Activate P.C.	407 R Mystic Avenue, Unit 24, Medford, MA	US
S1-695942298	Miller Nmp LLC	7200 Fiddler Bay Lane, VA, Chincoteague Town	US
S1-488343063	Neex	407 Pleasant Meadow Boulevard, Unit 204, Stow, OH	US
S1-539655547	Fortune Hospitality Private Limited	Office No 115, Plot No 14B, Grohitam Bldg, Sector 19, Vashi, Thane, Maharashtra	India
S1-924979846	Twisted Seafood	Piqua, OH, 500 Cleveland Street	US
S1-127575256	American Transition Inc	414 Bretts Way, Village Of Orfordville, WI	US
S1-418422898	Street Om Private Limited	G39 G/F P.No.A-12, 14 Mag., Mall Sec C-4 Tronica City, Ghaziabad, Uttar Pradesh	India
S1-480846247	Fidelity Huynh Ace Aeon LP	823 Remington Lane, North Aurora, IL	US
S1-853458557	Guntur Capital Private Limited	Andhra Pradesh, Guntur, Purnima Residency, Amaravathi Road, # 201, Guntur	India
S1-887188549	Guna Companies Limited	No.9/4, Patel Ramaiah Layout Byrathi Cross Kothanur, Kothanur, Bengaluru, Bangalore, Karnataka	India
S1-500023233	Smith, Vargas and Babiak Table Inc.	4115 Wildwood Valley Court, Kingwood, TX	US
S1-333197153	Apex Media	381/4, Shri Ramkunj, Life Five, Behind Beshops English School, Arage Mala, Ichalkaranji, Ichalkaranji, Kolhapur, Maharashtra	India
S1-777086241	Murray and Glass Inc.	683 Eldridge Avenue, Maplewood, MN	US
S1-954611473	Sunrise Consulting Private Limited	D-15/29, First Floor, Sector 3, Rohini, Delhi, North West Delhi, Delhi	India
S1-313700530	Singhania Resort Private Limited	City Servey No 1695, Sangali, Maharashtra, Sangli, 1St Floor Khavthe Mahankal Tal Khavthe Mahankal Dist	India
S1-736674898	Great Guild Inc.	6622 23rd Place, Hyattsville, MD	US
S1-652218682	13/85 Ameren Inc	103 Sherwood Avenue, Troy, AL	US
S1-486855159	Certified Bright Fuel LLC	417 California Street, Shoshoni, WY	US
S1-425371264	Eadith Burger Bankshares	1460 Golds Valley Road, Dry Ridge, KY	US
S1-197930566	Downtown Hypnosis	11809 Yuma Road, Scott County, VA	US
S1-940680747	Schroeppel Environmental Sterling Federation	NY, Schroeppel, 327 10	US
S1-305839020	Yograj Exports Co	2094, Ifm, Oppo Shagun Avenue, Sitanagar, Surat City, Surat, Gujarat	India
S1-576496637	Royal Industries Private Limited	Chandra Bhusan Pandey, Dharampur Bandey Via- Shahpur Patori, Samastipur, Bihar	India
S1-576552505	Southern Veterinary Clinic Inc	1859 Denver Drive W, Applewood, CO	US
S1-244875564	Aries (India) Energy Private Limited	9, Pratap Nagar, Jaipur, Rajasthan	India
S1-305730898	Global Precision Construction	481 Lester Avenue, Nashville, TN	US
S1-480754757	East Consulting Private Limited	66 Salkia School Rdsalkia P S Golabari, Howrah, West Bengal	India
S1-9455909	Seven Sun Producer Private Limited	Unit 508, Crescent Business Square, 5Th Floor, Opp Gundecha Onclave, Khairani Road, Andheri East, Mumbai, Maharashtra	India
S1-685095028	Lustre & Partners	Telangana, Sumitra Nagar, Baghameeri, H.No.5-5, Hyderabad, Tirumalagiri	India
S1-997650748	Biix	24160 Perdido Beach Boulevard, Unit Unit 2052, Orange Beach, AL	US
S1-275648424	Murray Trading Care	9713 Van Vlissingen Road, Chicago, IL	US
S1-987010937	EMS Marketing Private Limited	1St Main Road, A-Block, Aecs Layout, Karnataka, 222, Bangalore	India
S1-713104855	Brown and Larsen Sab LLC	417 Iron Avenue, Grants, NM	US
S1-530500005	Sai Industries Group Private Limited	5 Hirak Societys V Road Irla, Mumbai, Mumbai City, Maharashtra	India
S1-703735371	Saket Prashad Delhi	Plot No 558, K.H. No. 143/558, Ground Floor, Extended Lal Dora, Kanjhwala, Delhi, North West, Delhi	India
S1-425631822	Modern Precision Laboratories	10824 Edgewood Road, Harrison, OH	US
S1-352848280	Golden Product Private Limited	12 Pollock Street 2Nd Floor P S Hare Street, Kolkata, Calcutta, West Bengal	India
S1-872354662	Ironworkers Local Union 710	179 7th Street, Unit 44, Dundee, OR	US
S1-100365400	Choice Ace Petroleum Partners	1815 Van Dorn Street, Lincoln, NE	US
S1-474626038	Silver Property Networks Inc	2968 Govan Way, Sacramento, CA	US
S1-3884076	Q B & O Defense Inc	47 Pine Street, Newark, OH	US
S1-921157108	Matashree Insights (India) Pvt Ltd	No.808, Adarsh Crystal Apartment, Cambridge Road, Opp.Frank Antony, Halasur, Bangalore, Karnataka	India
S1-58402389	Paragon Gems Private Limited	Kamal Towers C/O Sushil, Kumar, Hussainpura, Amritsar, Punjab	India
S1-837437279	Dynamic Care LLP	Thane, Navghar Rd Bhd Lata Kunj, Flt No B 307 Bharat Palac, Maharashtra	India
S1-540957762	Summit United Power LLC	Elk Grove, 5949 Snow Leopard Circle, CA	US
S1-779938927	Green Care Private Limited	Sonee House, 2Nd Floor, 21 Sarkar Bye Lane, Kolkata, Kolkata, Howrah, West Bengal	India
S1-504346927	Zenith Futurewave Inc.	2120 Lee Road, Cleveland Heights, OH	US
S1-779071666	Behavioral Health Group	16 Mapledale Avenue, Fl 0, Glen Burnie, MD	US
S1-805070666	Veterans Charities LLC	23 Sunset Road, North Haven, NY	US
S1-190340180	Kissee Franklin Valley Core PC	404 Stacy Loop Road, Stacy, NC	US
S1-962816231	Vision Care Associates	25865 Big Valley Road, Poulsbo, WA	US
S1-52561080	Genuine Wellness Private Limited	Hd-521, Wework Prestige Atlanta, Software Industry, No 10/12, 80 Feet Main Road, Bangalore South, Bangalore, Karnataka	India
S1-722025822	Heritage Redwood	4586 Primrose Path, Gloucester County, VA	US
S1-227142362	Custom Special LLC	2693 Fairfield Pike, Wartrace, TN	US
S1-437773929	Daisey's Electrical	33 N Street, Unit 1113, Washington, DC	US
S1-424774284	New Delhi Aerospace Private Limited	19 Narang Colony Janakpuri, New Delhi, Delhi	India
S1-92662579	Regional Creative Towing LLC	5 Carver Road, Wareham, MA	US
S1-731542669	Blankenship and Russo Inc	1339 E Street, Unit 306, Washington, DC	US
S1-983434572	Housing Committee LLC	2650 Wildcat Place, Indian Head, MD	US
S1-944739248	Chamblee Platinum Staked LLC	5733 Whistling Winds Walk, Clarksville, MD	US
S1-650871450	Pacific Academy	140 Copeland Street, NY, Rochester	US
S1-862882702	Shakti Trading Limited	35, Defence Enclave, 3Rd Floor, New Delhi, Delhi	India
S1-401953962	Vasquez Supply	1432 Hemlock St, Louisville, KY	US
S1-363314193	Behavioral Health Medicine	1453 Hollywood Road, Atlanta, GA	US
S1-643557877	Zee Developers	196-D, Nicholson Road Tarbund, Secunderabad, Hyderabad, Telangana	India
S1-320925655	United Media Private Limited	Jayshrea Post Box No 153Opp Sapna Talkie Main Road, Chandrapur, Maharashtra	India
S1-473377609	Wave & Brothers Ltd	Plot No. 65, Mahada Colony, Sai Nagar, Nagpur, Maharashtra	India
S1-180440335	Beflois Inc	1289 Leggett Mill Road, Williamston, NC	US
S1-83175335	Mack Vendome Inc	Pittsylvania County, 820 Mill Run Road, VA	US
S1-971813156	Education Center	3025 Sanford Road, Atwater, OH	US
S1-438778357	Astrid Farms Pvt Ltd	G-2 Friends Ashiana Master Plan Road, Khandari, Agra, Uttar Pradesh	India
S1-870080491	Silver Pub	302 Evans Street, Saratoga, IN	US
S1-574927457	Express Institutions	3679 Huntley Road, Marion, NY	US
S1-833391908	Modern Infotech Private Limited	No.174, 2Nd Floor, 2Nd Cross, 7Th Main, 1St Block, Koramangala, Bangalore, Karnataka	India
S1-734821261	PC Marketing Inc	45655 Telegraph Road, Elyria, OH	US
S1-769132981	Eyde Holmes, CPA, PC PLLC	736 River Lane, Lavon, TX	US
S1-914412701	Harriet B. Towers, P.A., DDS PC	21020 Cannon Road, Bristow, IN	US
S1-323491438	Clements Kochav LLC	5450 Island Lake Road, Duluth, MN	US
S1-659561054	Solutions Mamta Print Ltd	1-19, 2Nd Floor, Pranav Plaza, S.V.A.E Ext, St No.3, Sankari Main Road, Thiruchengode(, Tk), Nammakkal, Namakkal, Tamil Nadu	India
S1-537495518	Maiden & Collins American Clinic	621 Willow Bend Drive, Chesapeake City, VA	US
S1-956213693	Krishna Logistics Private Limited	H.No.4165/2, Plotno.23/Part, Surveyno.9, Attapur, Hyderabad, Rangareddy, Telangana	India
S1-897987810	Continental Beacon Home Improvements Inc	24331 Old 24, Woodburn, IN	US
S1-75530363	Lala Supply	47 Tadmuck Road, Westford, MA	US
S1-919245976	Ardath Martin Freedom Inc	2293 White Pine Point Court, Pine River, MN	US
S1-219765772	Nexelle Construction P.C.	31 Hillcrest Heights, Lebanon, CT	US
S1-420593966	Young Golden LLC	625 Beck Ave, Remsen, IA	US
S1-76693096	Chennai-34. Tel Private Limited	No.199, Valluvarkottam High Rdnungambakkam, Chennai-34., Tamil Nadu	India
S1-416305841	Masha's Maintenance	3656 Hanover Street, Baltimore, MD	US
S1-601665899	Chandana Business Private Limited	A/11/1, Ground Floor-1, Santlal Soc, Opp. Hirabaug, Varachha Road, Surat, Gujarat	India
S1-736503914	Stg Agro Private Limited	303 Delex Courtr V Bambardekar Rd Bandra (W), Mumbai, Maharashtra, Mumbai	India
S1-439810025	Tiena L. Hamilton, DDS	31415 Orchard Hill Lane, Spring, TX	US
S1-348413877	Timber Consultants, Inc	4428 Shepherd Drive, Houston, TX	US
S1-815411125	Upper Valuence	Hudson, 7770 Holyoke Avenue, OH	US
S1-891131519	Radha Life Ltd	Sh 306 Green Aristo Plaza, F P 42 Vanakla, Surat, Gujarat	India
S1-957102563	Vadodara Industries Pvt Ltd	5Th Floor, E/504-A, Lalita Tower Jetalpur Road, Vadodara, Gujarat	India
S1-946213326	Baba Management Private Limited	Home Col S 19/1/8B Pl 34/7 Nr Rahul Press Karvenagar, Pune, Maharashtra	India
S1-928756142	Das Plantations (India) Private Limited	C/O Navrang Business, 18, Tara Chand Dutta St., Kolkata, Kolkata, Howrah, West Bengal	India
S1-422760145	Colonial Sterling Regency	4639 River Oak Circle, Brownsville, TX	US
S1-653384835	Witt Horizon Ridge LLC	32 Quimby Avenue, Westbrook, ME	US
S1-476874826	Wong Colonial Empire	2503 Merritt Drive, Greensboro, NC	US
S1-155277378	Prime Solutions Private Limited	H. No. - 265/300, Sector-26 Gandhi Kutir, Pratap Nagar, Sanganer, Jaipur, Rajasthan	India
S1-6107395	Nexan Machines LLC	660 Tonawanda Street, Buffalo, NY	US
S1-175107669	Vandana Finmart Private Limited	A-1 Shakthi Sunshine 8Th Cross 10Th Main Near Burma Stores, Bengaluru, Bangalore, Karnataka	India
S1-865509540	Murray & Lunsford Systems Inc	NY, Brookhaven, 24 Saint George Drive	US
S1-562201661	Gold Construction Private Limited	13/607, Kalathil House Akampadam, Pothundy Po, Nenmara, Palakkad, Kerala	India
S1-694901837	Itm & Brothers Private Limited	D-17 Maharani Bagh, New Delhi, South Delhi, Delhi	India
S1-202756080	Jh Agro Private Limited	A/P- Natepute, Tal- Malshiras, Bank Colony, Malshiras, Solapur, Maharashtra	India
S1-688123789	All Wellness Systems, LLC	NY, Clay, 4505 Hollyshire Way	US
S1-785251106	TT Rare Inc	140 Orofino Lane, Deer Lodge, MT	US
S1-482767162	Internal Medicine Specialists Inc.	663 Grouse Flat Road, Anatone, WA	US
S1-70446231	Ferron Sizzle	10028 Main Street, Bellevue, WA	US
S1-775694766	Commercial Financial Global Center	6532 Sperryville Road, Watson, NY	US
S1-253390548	Patna Bee Private Limited	C/O Kapildeo Prasad H.No.Y, Dc-6/12 Yadav Niwas Boudh Vihar, Colony, Bahadurpur, Patna, Bihar	India
S1-275082729	Galaxy Properties Limited	F301, Sy #114P, Riaz Resi, Al Noor Hills, Gandipet, Golconda, Hyderabad, Telangana	India
S1-545760313	Davis Solution Inc	9105 Wall Avenue, Portland, OR	US
S1-307432736	Great Power Pvt Ltd	C/O-Ramakant Madhavrao Gade, Opposite Kanifnath Mandir, Near Tamboli Farm, At Parewadi, Paragaonahmadnagar, Nagar, Ahmed Nagar, Maharashtra	India
S1-452967807	Empire Resources Inc.	508 Dayton Road, Rock Hill, SC	US
S1-132150599	WP Transition	2014 Balmoral Avenue, Springdale, AR	US
S1-670832200	Meloy Australian LLC	861 Lattintown Road, Marlborough, NY	US
S1-392534068	Nashik Enterprises	Duplex 90, Lane 3, Left Bank Puri Canal Metro Satellite City, Balianta, Bhubaneswar, Khordha, Orissa	India
S1-80657975	Crook Charter School Inc.	4101 Innovator Drive, Unit 1235, Sacramento, CA	US
S1-809308505	HTZ Solutions Private Limited	C/O Mr. Manjeet Kumar 1, Dahawa Sidhauli Sitapur, Sidhauli, Sitapur, Uttar Pradesh	India
S1-754317576	Johnson Direct Landscaping	4303 Wilsonia Avenue, Chattanooga, TN	US
S1-340380905	Innovative Logistics LLP	Flat No.6, Bhusari Colony, Survey No. 94 Shivsrushti Apartment Fl No 47, Paud Rd, Pune, Maharashtra	India
S1-256107076	Coralie F. White, D.O.	2324 360th Street, Lake City, IA	US
S1-994893973	Exports Ds Homes Private Limited	35, Viman Nagar, Behind Anand Theatre, Secunderabad, Hyderabad, Telangana	India
S1-859440847	7-Legged Dog	955 Oak Street, Dighton, MA	US
S1-906347480	Gold Trading Limited	Kapoor Health Care Center, Main Road O/S Gate Hakima, Amritsar, Punjab	India
S1-474893789	Sunrise My Estate Private Limited	Unit A-415, Tower A Bestech Business Tower, Sector 66, Mohal, I, Mohali, Punjab	India
S1-432476479	Al Ventures Private Limited	Maharashtra, Pune, Plot No. 184, Gultekdi, Market Yard Opp. Rajendra Roadlines, Pune	India
S1-604590062	Meg Thompson Regional Apex	68 Vilanco Cutoff, Vilonia, AR	US
S1-605370345	Adams Pacific Alliancebernstein LLC	Middletown, OH, 1516 Lawn Avenue	US
S1-590581569	Sky Producer Pvt Ltd	Ludhiana, Bedi Complex, Tajpur Road Shiv Mandir Street, Punjab, Ludhiana	India
S1-523271818	Avk Mills Private Limited	Shop No.305, Third Floor, Vikas Surya Galaxy, Plot-9, Mlu Pocket, Sector-4, Dwarka, South West Delhi, Delhi	India
S1-572269236	Community Select Association	10011 Broadgauge Road, Mechanicsburg, OH	US
S1-21753446	Shepherd's Green Supply	191 Castlewood, Robbinsville, NC	US
S1-230674983	Winni's Pizza Partners	4916 S Hill View Drive, Charlotte, NC	US
S1-149092361	Vaon	5610 Plum Point Court, Sugar Land, TX	US
S1-321959386	Hitech Systems Private Limited	No. 309, Vishnu Apartment, Birla Gate, Gooty Road, Sri Krishnanagar, Kurnool, Andhra Pradesh	India
S1-81247490	Rosanna Rincon, MD, PC	Elba, 961 203, AL	US
S1-652339606	Libra Service Limited	2 Rwm, Ravwala Soubhagya, Ravwala, Bajju, Kolayat, Bikaner, Rajasthan	India
S1-434099993	Finpro Creations Company	Bangalore, Karnataka, Bangalore, 163/5, Bhoomika Apartments G-002, 1St Floor, Seshadripuram	India
S1-688389912	Back Alley Tavern!	14624 Jobs-new Pittsburg Road, Murray City, OH	US
S1-704247768	Daily, Stewart & Nguyen Cbre LLC	7005 Dartmoor Dr, Graymoor-devondale, KY	US
S1-755012374	A.B.Road Acres Pvt. Ltd.	Pu-4 3Rd Floor, C-21 Mall, A.B.Road, Indore, Madhya Pradesh	India
S1-342466559	Pioneer Battery Inc	737 Barry Street, Agawam, MA	US
S1-629424568	Prime Media Pvt Ltd	1Stfloor Plot No-34Kh No-22/1 Prem Nagar Kashmiri Colony Z-Block Vetesta Enclave, Najafgarh, South West Delhi, Delhi	India
S1-112308458	Pioneer Semiconductor Global PC	39 Scranton Avenue, NY, Staten Island	US
S1-872171138	Druci's Liberty Staffing LLC	2425 550, Coatesville, IN	US
S1-486029704	Feasible Travels Limited	Ferrous Crete (India) Private Limited Khurashipur Road, Saroorpur Industrial A, Rea, Faridabad, Haryana	India
S1-777065916	Jacques Northland	165 Muddy Branch Road, Elizabethton, TN	US
S1-671772786	6-Point	Unit 103, 98 Maple Street, MA, Spencer	US
S1-67875104	Hull & Smith End Corp	168 Main Street, Fl Floor 1, Springville, NY	US
S1-733316718	Cthrine Palmer Beverage Inc.	848 Sycamore Street, Fresno, TX	US
S1-714135249	Universal Sunrise Tech Pvt Ltd	House No - 813/2, Makhmalabad, Satpurtal, Nashik, Maharashtra	India
S1-412935387	Campbell Star Pmv, Inc	207 Forest Oak Lane, Suffolk City, VA	US
S1-994039051	Cardiology Group	1830 Moorpark Place, Tucson, AZ	US
S1-597619383	Esquire Marketing Private Limited	D-34, Gali No.9 Brahmpuri, Shahdara, Delhi, East Delhi, Delhi	India
S1-411106161	Interfaith League	AL, Gadsden, 835 Owens Switch Road	US
S1-638599801	Diaz Post, Corp	47 Wyand Crescent, Rochester, NY	US
S1-21999003	Super Constructions Private Limited	Madhya Pradesh, Rewa, Near Rampur House Civil Line Jhiriya, Rewa	India
S1-763486690	Angelle Finlay, D.O., PC	627 Dale Street, Springfield, MO	US
S1-717909294	Great Solutions Private Limited	No.303, Bangalore, Karnataka, Bangalore North, Ii Floor, 15Th A Cross Road, Chikka Bommasandra	India
S1-62908850	Blue Project	3501 N Street, Vancouver, WA	US
S1-181786498	Fiorentino Integrated	122 Windemere Road, Rochester, NY	US
S1-341108128	Hunger Committee	13315 Chanel Drive, Houston, TX	US
S1-116886309	Global Healthcare Pvt Ltd	E5/46 Arera Colony, Huzur, Bhopal, Madhya Pradesh	India
S1-300782212	Birge Rogers	201 Academy Avenue, Greensboro, MD	US
S1-403692077	Health Committee	9400 Highway 165, North Little Rock, AR	US
S1-461212050	Temple Methodist Church	1626 Morrison Drive, Garland, TX	US
S1-674129778	Rasoft Inc.	11710 Astoria Drive, Austin, TX	US
S1-551473015	Prerna Products Private Limited	Kazhayickal House West Kodiyathoor, Po Kodiyathoor, Kozhikode, Kerala	India
S1-566265142	JU Solutions Private Limited	3Rd Floor, B/86 Swarnim, Indsutrial Park, Phase 2, Dascroi, Ahmedabad, Gujarat	India
S1-296030195	Valley Trust Inc	1350 Morgan Street, IL, Joliet	US
S1-591389430	Solutions Royalstar Engineers Corporation	Flat No 404 Plot No 164, Sector 02, Panvel, Raigarh(Mh), Maharashtra	India
S1-782585260	Elliott Fitness LLC	28613 8th Place, Federal Way, WA	US
S1-301281894	Conley Valley Acquisitions	4580 Lenty Road, Barberton, OH	US
S1-284730091	F & N Shreya	929 Oak Haven Road, Concord, TN	US
S1-649259801	Guru Solutions Pvt Ltd	443 Kantharaju Urs Road T K Layout, Mysore, Karnataka	India
S1-688983753	Jessica Baker Integrated Property LLC	320 Roselle Road, Roselle, IL	US
S1-788183827	Indraprasth Institute Private Limited	5A/24 Ansari Road Darya Ganj, New Delhi, Central Delhi, Delhi	India
S1-96886690	Digital Bharat Media Private Limited	704, Om Sai Shraddha Co Op Hsg Society Ltd., Opp Gagangiri Park, Samta Nagar, Thane, Maharashtra	India
S1-29750109	Harijan Basti Chits Private Limited	E-596, 4Th Floor, Daani Plaza, Sector 7 Dwaraka, Harijan Basti, South West Delhi, Delhi	India
S1-513910451	Rubi's Empire Pub	50 Pleasant Street, Unit 8C, Brookline, MA	US
S1-149604234	Fisher Automation Private Limited	New Delhi, 150 G/F Madangir, Delhi, L-Ii, South Delhi	India
S1-27444152	Martinez Cap LLC	5821 Burgundy Rose Drive, Fort Worth, TX	US
S1-388086251	Classic Mobility Concepts LLC	14 Lone Tree Drive, Townsend, MT	US
S1-511978825	Bright (India) Mill Pvt Ltd	162 Sainik Vihar, Delhi, North Delhi, Delhi	India
S1-489879219	Tri-State Center Inc	107 Idlewild Road, Advance, NC	US
S1-807715507	Younker Animal Hospital	NY, 115 Hampton Road, Babylon	US
S1-279534597	Apex It Private Limited	Flat No.101, M-3, Connaught Place, (Middle Circle), New Delhi, Central Delhi, Delhi	India
S1-539763792	Internal Medicine Silver Care	129 Geneva Road, New Bern, NC	US
S1-602144510	International Management Private Limited	C-93, G/F, Ring Road, Ndse-Ii, Delhi, New Delhi, Delhi	India
S1-38151369	Ashoka Developers Private Limited	998 Second Floor Btm 4Th Stage, Bangalore, Karnataka	India
S1-833827485	Dream Food Private Limited	2Nd Cross, Ashok Nagar Opp Tumkur University/Govt College, Tumkur, Karnataka, Tumkur, Dhobi Ghat Road	India
S1-433937014	Palao Inc.	4040 1-17, Momence, IL	US
S1-73544343	Indo Infrastructure Private Limited	294, D Ward, Shukrawar Peth, Kolhapur, Maharashtra	India
S1-904641792	Star Education International	Vancouver, 512 84th Circle, WA	US
S1-176316468	Behavioral Health Care Associates LLC	TX, 256 Greanead Road, Forestburg	US
S1-266915010	Dream It Limited	Flat No. D-062, Park Heights, Dlf Park Place Phase-V, Gurgaon, Haryana	India
S1-628152085	Optimal Freight Partners LLC	3 Center Street, Stillwater, NY	US
S1-405544735	Atlantic States	23 Pollard Road, Unit Unit 2, Hannibal, NY	US
S1-684553276	Sushruta Tech Private Limited	48, Keshav Vihar, Gopalpura, Byepass, Jaipur, Rajasthan	India
S1-686465524	Huff, Mendez and White	902 28th Street, Lubbock, TX	US
S1-31839210	Ganpati Traders Ltd	Mehsana, Wellcome Complex, Nr. Manav Ashram, Visnagar Link Road, Mahesana, Gujarat, 14	India
S1-297991452	Sky Infotech Limited	3, First Street, Kurinji Nagar, Tambaram, Kanchipuram, Tamil Nadu	India
S1-995858858	Darelle Verhagen, DPM, M.D., P.C.	216 3rd Street, Newport, AR	US
S1-223620731	Global Infotech Limited	West Delhi, Delhi, New Delhi, Khasara No. 71/3, 1St Floor Sec-23, Shyam Colony Budh Vihar, H No.-1190	India
S1-548949826	Rocky Trust LLC	10924 Powers Avenue, Cockeysville, MD	US
S1-931070977	Animal Welfare Committee	Garner, 232 Gulley Glen Drive, NC	US
S1-4097981	Tucker Onfolio Inc.	7550 Given Road, Cincinnati, OH	US
S1-493138996	EU Electrical Care	O 717 Tower K 7Th Floor, Eros Corporate Park Sec-2, Manesar, Gurgaon, Haryana	India
S1-689324166	Shayla Mohan Ligand	Chesterfield County, VA, 11906 Porters Mill Place	US
S1-920128741	India Naaz Digital Partners	Krithika Layout Plot No 3, Shaikpet, Hyderabad, Telangana	India
S1-566830111	Lee Silver Couture	213 Sixth Street, Frederick, MD	US
S1-281782003	Green Global Private Limited	# 139 L Bhai Randhir Singhnagar Ludhiana, Punjab, Ludhiana, Punjab	India
S1-550003654	Financial Memorial Trust	Tamil Nadu, General Nice Towers, 4Th Floor Chamiers Road, Chennai, No. 90, Chennai	India
S1-216840230	Ledbetter and Werts Inc	OK, 5915 440 Road, Peggs	US
S1-26175016	Cozy Hair Studio	725 Terrace Ridge Drive, Village Of Cottage Grove, WI	US
S1-593326306	Horizon Navios LLC	Mobile, 440 Lakeview Drive, AL	US
S1-17148778	Continental School of Medicine	2518 Goingback Circle, Sevierville, TN	US
S1-465930062	Fitness & Brothers Pvt Ltd	Office No. 7, Third Floor, Nitco Limited-Biz Park, Plot No C-19, Road No. 160, Wagle Industr, Ial Estate, Thane, Maharashtra	India
S1-942731197	Gujarat Ventures Pvt Ltd	C/O Suchita Hingar W/O Vivek Hingar Shop No 21 Badal Market Pur Road, Bhilawara, Bhilwara, Rajasthan	India
S1-241692676	Elan Buildwell Corporation	124, Sri Aurobinda Sarani Hatibagan, Kolkata, Kolkata, Howrah, West Bengal	India
S1-245218012	ABH Solutions Corp	2323 Parkview Drive, Cuyahoga Falls, OH	US
S1-384316495	Steed Rocky Fuse	1840 16th Street, Gering, NE	US
S1-314686399	Enterprises Navigator Producer Public Limited	Gujarat, Kachchh, Plot No. 199, Dc-2, Gandhidham, Gf	India
S1-402105714	Carron Rising, LLC	7717 Kenton Avenue, Parma, OH	US
S1-892768886	Prairie Ministries Inc	7112 Arden Court, Evansville, IN	US
S1-838355310	Delphi Health Pvt. Ltd.	554, Nehru Nagar, Patliputra, Patna, Bihar	India
S1-680439252	Bay Interactive PLLC	11271 Lekoday Lane, Chisago City, MN	US
S1-950091772	Legacy Fortis Inc	123 Cowpath 40, Marlboro, VT	US
S1-997248343	Annora Longman Atlantic Mountain Inc	7857 Barrington Lane, Daphne, AL	US
S1-65263544	Caldeon Nova	1 Greenbrier Drive, Kimberling City, MO	US
S1-768161501	Paridhi Tree (India) Private Limited	Maharashtra, R.No Lg38, Sundar Baug, Nss Road Asalfa Village, Ghatkoper West, Mumbai, Mumbai City	India
S1-534715135	Fletcher Delta Vaneck, LLC	2520 Bear Creek Lane, Phoenix, AZ	US
S1-500639767	Ostler and Mullen Bny Inc	1232 Mallard Road, Village Of Greenleaf, WI	US
S1-513111924	Ema Maslanka, CPA	9705 Hall Boulevard, Unit #15, Tigard, OR	US
S1-896781473	Surya Lakshmi (India) Private Limited	Revenue Survey No. 3 P1/P2, Plot No. 1 & 2, Taluka Tankara, Bhutkotda, Tankara, Rajkot, Gujarat	India
S1-100166899	Green Services Limited	House No- 42, Guriani, Rewari, Guriani, Rewari, Haryana	India
S1-930484297	Garcia and Lehman LLC	1354 Euclid Street, Unit 203B, Washington, DC	US
S1-153938300	GW Best Optics	1606 Elliott Avenue, Portland, OR	US
S1-480158538	Ram Logistics Private Limited	B-48, Hanuman Temple, Nr. Park Kiran Garden, Uttam Nagar, Delhi, West Delhi, Delhi	India
S1-296806571	Design & Partners Group	Office No 218, 555, Business Point, Narayan Chambers, Near Modi Ganpati, Nar, Ayan Peth, Pune, Maharashtra	India
S1-576995684	Corvus & Co	X - 54, Loha Mandi Naraina, New Delhi, Delhi	India
S1-470014470	Kolar Ashford	OH, Akron, 2774 Turkeyfoot Road	US
S1-944445121	Shyam Enterprises Private Limited	Pune, Plot No 4 Swanand Socs No 87/2B Parvati, Pune, Maharashtra	India
S1-286493651	AE Trading Private Limited	C-4/123, 1St Floor Safdarjung Development Area, New Delhi, Delhi	India
S1-527489699	Maryjane's Pharmaceuticals	430 Gillette Street, City Of La Crosse, WI	US
S1-336009083	Optimal Exploration P.C.	522 Temple Avenue, IN, Indianapolis	US
S1-791263821	Bay and Zimmerman Chain	57 Fire Lane, Scipio, NY	US
S1-911301077	Classic Tech Private Limited	Mumbai, Maharashtra, 9 Commercial Union Housewallace Street Fort, Mumbai	India
S1-575426738	Jai & Brothers LLP	294, Bangalore, Bangalore South, 6Th Cross, Gpr Royal Layout, Karnataka	India
S1-288666702	WK Hospitals Pvt Ltd	Pokhara Mohalla P.O. Hajipur Ps- Town Thana, Hajipur, Vaishali, Bihar	India
S1-150132393	Sunshine & Partners Group	1242, 23Rd Cross, 23Rd Mn Banashankari-2Nd Stage, Karnataka, Bangalore	India
S1-618610915	Floyd Heritage Partners Inc	702 Keene Avenue, Oswego, IL	US
S1-754023472	Tri-State Aldel LLC	340 Deerfield Cove, Somerville, TN	US
S1-839762335	Lesley Gonzalez, D.O.	512 Walnut Street, Unit 1/2, East Palestine, OH	US
S1-595258747	House Control Private Limited	Telangana, Century Avenue, Behind Ncl Enclave, Pet Basheerabad, Plot No. 35 &36, Hyderabad	India
S1-297294757	Aarvita Fabric Pvt. Ltd.	C/O Indrani, K.1, 1St Cross, Bangalore South, Bangalore, Karnataka	India
S1-19402182	Davis and Powers Home Care	1982 Portola Drive, Fl 0, Grants Pass, OR	US
S1-126664737	Interstate Committee	4214 Cr 145, TX, Alvin	US
S1-551684185	Lackey and Powell Inc	4 Water Street, Unit B, Asheville, NC	US
S1-565310502	Gold Marketing Private Limited	Kolkata, G No.3 Fl-5, Rno-A6 18 Rabindra Sarani, Kolkata, Poddar Court, Howrah, West Bengal	India
S1-692000596	Desai, Alanah, Esq., PC	584 Summer Street, Unit 1441, Holyoke, MA	US
S1-618045630	FU Realtors Pvt Ltd	Village Amhera Dhanaura, Amroha, Jyotiba Phule Nagar, Uttar Pradesh	India
S1-270210707	Bodynon Premier Rivernorth LLC	144 Creekwood Lane, Hendersonville, TN	US
S1-808636359	Kashi Food Center	Flat No. 201, 2Nd Floor, Madhuravanam Residency, Visakhapatnam (Rural), Visakhapatnam, Vishakhapatnam, Andhra Pradesh	India
S1-526816916	Belle Craft Private Limited	29/A Gowri Reddy Nilaya 10Th Cross, Avani Shrungeri Nagar, Nyanayappanahalli, Bangalore, Karnataka	India
S1-239617846	Susanetta Jeremiah Airlines, Inc	IA, 104 W 4th St, Unit Unit 153, Boone	US
S1-742696221	Havens Diamond Duration LLC	10525 Constitution Avenue, Albuquerque, NM	US
S1-214118007	Electronic Automation Technologies Inc	105 East Street, Atlanta, IL	US
S1-4974978	Eye Clinic	8800 94th Street, Oktaha, OK	US
S1-888799356	Sky Food Private Limited	2Nd Floor Ameya Logistics Private Limited Village Dhasakhoshi, Taluka Uran, Post K, Hopte, Uran, Raigarh, Maharashtra	India
S1-702804238	Rithika Industries Care	Of Ground Floor Shop Pole No Njfh-055., Vill-Bamnoli, Sector- 28, Dwarka, South Delhi, Delhi	India
S1-982984603	Kelley and Boswell	10540 Glenview Way, Rancho Cordova, CA	US
S1-896179442	Colonial National Media LLC	425 4th Terrace, Birmingham, AL	US
S1-489672036	Fleischer Exchange Group	44 Havasu Landing, Needles, CA	US
S1-13355188	X K Kenner Regency Inc	225 Lederach Road, Upper Salford Township, PA	US
S1-326389695	Crystal Sciences LLC	85 Arlington Road, Longmeadow, MA	US
S1-993210803	Gopal Consultancyprivate Private Limited	Plot No 1/44, S2 Parvathy Apartments, Bazzar Street, Mogaapair East, Ambattur, Tiruvallur, Tamil Nadu	India
S1-160687829	Good Builders Pvt Ltd	Building No. 310, Cmc 09, Pazhamkulam, Cherthala, Alappuzha, Kerala	India
S1-361309015	Panchkula Dental Pvt Ltd	Vill Baisa Tibba, Panchkula, Haryana	India
S1-180269792	All Industries Private Limited	13/507, B 40, 2Nd Floor, Yamuna Arcade, Kallai Road, Po Chalappuram, Kozhikode, Kerala	India
S1-23121390	Simpson Spade LP	615 Bethel Road, Cornishville, KY	US
S1-472004421	Certified Commercial Associates Inc.	160 Piney Knoll Place, Page County, VA	US
S1-462399576	Dyechem & Brothers Pvt Ltd	Pune, Maharashtra, 523, Narayan Peth, Near Modi Ganapati Temple	India
S1-265986133	Rocky Equity Partners, LLC	637 27th Avenue, Texas City, TX	US
S1-49436184	Just Farmers Private Limited	Juhikala Keshav Nagar, Kanpur, 621/4, Kanpur, Uttar Pradesh	India
S1-162920360	Fuentes & Gray	2315 13th Avenue, Devils Lake, ND	US
S1-873415495	Charis's Cleaning Service Clinic	63 Amber Circle, Priceville, AL	US
S1-64423771	Jvj Allied Group	Malayalay, Unit No. 2A (S) 2Nd Floor, 3 Woodburn Park, Kolkata, Kolkata, Howrah, West Bengal	India
S1-38401919	Bharat Construction	Plot No. 127, Tf, Meenakshi Garden, New Delhi, Delhi, West Delhi, Wz-74	India
S1-147651446	Pediatric Select Physicians	1031 Webster Street, Schenectady, NY	US
S1-464933567	Media Shelters Private Limited	# 139/1, Jail Land, Ambala City, Ambala, Haryana	India
S1-223236467	Namrata Clinic	Flat No. M-102, G/F Plot No. 328/1 Palam Apartments Bijwasan, New Delhi, South West Delhi, Delhi	India
S1-146845100	Orthopedic Associates Inc	360 324 Street, Willowick, OH	US
S1-801041518	Atlantic Regional Fuel Inc	35 Oak Road, Titus, AL	US
S1-61094929	Hayes Holdings	121 Green Gables Way, Durham, NC	US
S1-345572634	Gravitt, Lee & Edwards	733 Washington Avenue, Birmingham, AL	US
S1-583703088	Custom Cloud Industries	908 Beverly Avenue, Covington City, VA	US
S1-446866664	Interfaith Fund LLC	12305 Quilt Patch Lane, Bowie, MD	US
S1-22904457	Primary Care Medicine LLC	5037 25th Place, Cicero, IL	US
S1-443453371	Indore Food Private Limited	Flat No. 202, Mangal Appartment, 15, Mahaveer Nagar, Indore, Madhya Pradesh	India
S1-632458045	East Institute of Technology	1 Auburn Road, Turner, ME	US
S1-521254993	Life Healthcare Private Limited	C/O Ketan Rajendra Mande, Dahiwad, Amalner, Amalner, Jalgaon, Maharashtra	India
S1-617436415	Dental Preferred Partners	5068 Kuszmaul Avenue, Warren, OH	US
S1-403726853	Meza's Complete Solutions	110 Green Bay Road, Unit UNIT 105, Glencoe, IL	US
S1-806616139	Golden Power Pvt Ltd	431, 441 F/F Front Side, Gali No.5 Guru Ram Dass N, East Delhi, Delhi	India
S1-76602165	Harbor Deutsche P.C.	883 81st Street, Beaver Creek, MN	US
S1-11448513	Bay Veterinary Clinic	300 Huntsville Street, Broken Arrow, OK	US
S1-232493107	Creative Investment Private Limited	B-5/20, Sector-11, Delhi, North West Delhi, Delhi	India
S1-299280622	Internal Medicine Trusted Clinic	57 Main Street, Unit E, Clarksville, OH	US
S1-169343524	Chiropractic Heartland Associates LLC	658 Interstate Drive, Manchester, TN	US
S1-786154505	Axial & Sons Private Limited	Flat No.2-B/174, Windermere Chs Ltd, New Link Road Oshiwara, Near Mega Mall, Andheri (W), Mumbai, Mumbai City, Maharashtra	India
S1-451055396	Pammie Steward Express Pan	NY, 88 Lakehill Road, Ballston	US
S1-244344237	Northern School of Medicine Care	9612 Bowen Road, East Otto, NY	US
S1-946063787	Northern Fox Inc	1855 Mechanicsburg Road, Unit C5, Wooster, OH	US
S1-646743715	Sajan Bolts Private Limited	Rasulgarh, Bhubaneswar, Khordha, Orissa, Plot No. 5435 Palasuni	India
S1-147061516	Ally Study Pvt Ltd	Tc 43/203, Thottam, Thiruvananthapuram, Thiruvananthapuram, Trivandrum, Kerala	India
S1-685871904	Gonzalez Keycorp LLC	314 Cornell Avenue, Endicott, NY	US
S1-314440550	Urban Hypnosis	20 Randall Road, Maynard, MA	US
S1-385380749	Fahs Prime Mortgage LLC	MA, 41 Thorndike Street, Revere, Unit B	US
S1-689077166	2773 Broadway Plaza Partners Inc.	1892 Somerset Drive, Unit D, Glendale Heights, IL	US
S1-750101295	Arj Advertising Company	Jairam Market, 2Nd Floor, Juran Chapra Road No-01, P.S.-Brahmpura, Bihar, Muzaffarpur	India
S1-274119005	Ayala & Metoyer Earth PLLC	11800 65th Avenue, Vancouver, WA	US
S1-663859385	GKE Solid	2500 Avalon Place, Hyattsville, MD	US
S1-792973213	Vision Physicians of Kinderhook	174 Shore Drive, Kinderhook, NY	US
S1-525304403	True Factory Ltd	C/O Sri G P Srivastva At, Idagah Mohall, Dehri-On-S, Dehri, Rohtas, Bihar	India
S1-661314115	Fresh Regency Inc.	202 Bryant Avenue, Ithaca, NY	US
S1-122275934	Mohta Exports Private Limited	Bb 192 Sector-1 Salt Lake City, Kolkata, North 24 Parganas, West Bengal	India
S1-426174033	Custom Hall Associates	3069 Trenwest Drive, Unit 216, Winston-salem, NC	US
S1-206569853	Dream Investment Private Limited	275 Katghar, Allahabad, Uttar Pradesh	India
S1-162464449	Devanahalli Electro Clinic	Office -47, Narayanachar, Layout, Shanthinagara, Devanahalli, Bangalore Rural, Karnataka	India
S1-461231695	Foundry	6267 Martin Luther King Jr Boulevard, Unit 135, Sacramento, CA	US
S1-705293979	Poulsbo Express Fortress	470 Sommerseth Street, Poulsbo, WA	US
S1-785537161	Federal Biopharma	50 Gibson Street, Unit Apartment B, Canandaigua, NY	US
S1-491798927	Sai Clinic	Aurangabad, Maharashtra, Aurangabad, Ground Floor, Ishanya Trade Centre, Jain Road, Shendra Jahangir, Shop No.33	India
S1-923836709	Delta Infocom Private Limited	22, Ramdev Industrial Estate Opp Shahwadi Bus Stand, B/H Ashish Narsu, Ry, Narol, Ahmedabad, Gujarat	India
S1-274316133	May Peak Merchants	364 Brewster Hill Road, Southeast, NY	US
S1-298123204	Economic Development Network	Fordyce, AR, 328 Calhoun 189	US
S1-633978398	Galaxy Homes Private Limited	Rajasthan, Baran, C/O Arvind Mehta, Samraniya	India
S1-302592333	Thomas Golden Innovations LLC	8505 Hurst Drive, Raleigh, NC	US
S1-131190690	Express Asset Advisors	320 Righters Mill Road, Lower Merion Township, PA	US
S1-735611791	Piedmont Alliance	3083 Hiland Road, Eagle River, AK	US
S1-882344007	Pettigrew Solutions Inc.	15722 Trongate Court, Loudoun County, VA	US
S1-224916084	Cross States Inc	Fargo, ND, Unit Apartment 204, 4001 19th Avenue	US
S1-829826991	Stanley Safe Jersey LLC	1562 Tiffany Woods Drive, La Porte, IN	US
S1-895192284	Jaimes, Crispell & Corwin	1600 Union Meeting Road, Unit Unit 341, Whitpain Township, PA	US
S1-576230945	Ace Doubleline, LLC	2009 Phoebus Street, Kill Devil Hills, NC	US
S1-739035466	Moments Excellence Private Limited	Pl.No.66, Rukmani Apartment, 2Nd Floor, Sita Nagar Near Dhawad Polytechnic Colleg Nagpur (M, Corp.), Nagpur, Maharashtra	India
S1-206114848	Pierre Eye Care Inc	35 Saint Casimir Avenue, Unit Apartment 5B, Yonkers, NY	US
S1-549678101	Patel, Oller & Martin Microelectronics LLC	Tucson, 4251 Sapphire Falls Drive, AZ	US
S1-72444401	New Solutions	113/154, 1St Floor, Swaroop Nagar, Swarup Nagar, Kanpur Nagar, Uttar Pradesh	India
S1-897532620	Urgent Care Direct Partners	13002 H, Henley, MO	US
S1-316106555	Kelvin Services Private Limited	Apt Rps More Danapur, Co Rubi Sinha Lakhan Sona, Patna, Bihar, Dinapur-Cum-Khagaul	India
S1-103306577	Board of Buildings	IL, Kincaid, 1308 Springfield Road	US
S1-30217767	Bay Project LLC	1988 Star Tannery Road, Frederick County, VA	US
S1-996931439	Aeonian Tree Limited	Sf. No 615, Vadakkuthottam, Coimbatore North, Coimbatore, Tamil Nadu	India
S1-152434149	Gillman, Roth and Lester Republic LLC	108 Leona Lane, Huntsville, AL	US
S1-23198605	Linde Value Finance	740 Ormes Road, Crossville, TN	US
S1-630488273	Physical Therapy Partners LLC	15453 224th Avenue, Town Of Cleveland, WI	US
S1-12066379	Smart Legacy Arcelormittal LLC	6200 Wakefalls Drive, Wake Forest, NC	US
S1-845031035	Division of Public Works	228 Lace Bark Drive, Dover, DE	US
S1-788518299	Federal Preparatory Academy Inc	1115 Beaver Creek Lane, Maplewood, MN	US
S1-472424906	Foot & Ankle Associates Inc	2407 Wood Avenue, Kansas City, KS	US
S1-66670978	Tech Enterprises Private Limited	Room-03, Mahalaxmi Cottage, Malwani Near Malwani Church, Malad (West), Mumbai, Mumbai City, Maharashtra	India
S1-372785677	Auryn Alchemy	1134 Hemlock Acres Road, West Mahoning, PA	US
S1-367177891	Carlson & Dicus Greenfire LLC	108 Eucalyptus Street, Ojai, CA	US
S1-437883821	Kuntz and Rippee Inc	19509 Kewanee Avenue, Cleveland, OH	US
S1-115683921	@ Fit 8 U	113 Sharon Drive, Fl 0, Pasadena, MD	US
S1-556351196	Orthopedic Center	159 Factory Street, Camden, TN	US
S1-254440362	West Surgical, Inc.	400 Holstein Street, Unit Unit 2, Bridgeport Borough, PA	US
S1-70372721	Classic Care Private Limited	No. 26A, 2Nd Phase, 3Rd Main Road, 4Th Cross, Near Nttf Circle, Peenya, Bangalore, Karnataka	India
S1-510015581	Futura Services Pvt Ltd	Unit No 200 Bhandup Industrial Estate 5Th Floor Pannalal Compound Lbs Rd Bhandup W, Mumbai, Mumbai City, Maharashtra	India
S1-276765548	Sharma International LLP	6-3-650, Telangana, Flat No 412, Maheshwari Chambers, Hyderabad, Khairatabad	India
S1-540645835	FLV Holding Private Limited	No.3, 4Th Cross, Madina Nagar, Maniammai Street Rajakilpakkam, Kamarajapuram, Chennai, Tamil Nadu	India
S1-365634347	Modern Soulpower LLC	1002 Kensington Circle, Fredericksburg City, VA	US
S1-221500207	Bombay Energy Private Limited	Shop No. 102, Pl. No. 115, Bmorya Business Center, Pune City, Pune, Maharashtra	India
S1-295307019	Crystal Credit LLC	Veedersburg, 1631 41, IN	US
S1-450482374	Rochester Institute of Technology LLC	WA, Fl 1, 10501 12, Rochester	US
S1-359694049	Summit Complete Sachs	801 Green Road, South Euclid, OH	US
S1-549733066	Kent Merger Care	420 72B Browning Road, Springfield, IL	US
S1-64313862	Northern Global Solution, LLC	2401 River Hills Lane, Bolingbrook, IL	US
S1-789759210	International Industries	Flat No.B-108, 1St Floor, Versova Anjali, Vaswant Marg, Seven Bunglows, Andheri (W), Mumbai, Mumbai City, Maharashtra	India
S1-365033919	Koch Premier Newbury	1175 El Valle Drive, Chino Valley, AZ	US
S1-91619266	RPK Jewel Private Limited	171 Ward No-05, Katihar, Bihar, Katihar, Near Bandhan Bank, Salmari	India
S1-910913872	Dix and Fifer LLC	SC, 711 S 6th Street, Seneca, Unit 1099	US
S1-65565586	Highland Trust	1043 Lawther Drive, Apache Junction, AZ	US
S1-385021765	Dehlia Gonzalez Direct Oneim Inc	113 Apex Loop, Unit APT 201, Folsom, CA	US
S1-362756764	Aditya Trading Pvt Ltd	Office No J 105 Sector 11 Railway Station, C B D Belapur, Thane, Maharashtra	India
S1-515775719	Shivam Construction (India) Company	Balaji Market, Dak Bangla, Shivpuri, Madhya Pradesh	India
S1-689556484	24/91 Media Vail	16939 Vanilla Orchid Drive, Vail, AZ	US
S1-401673985	Ace Precision P.C.	6199 Bearberry Street, Charlotte, NC	US
S1-662998007	Capital Internet LLC	10711 Deshane Pl, Louisville, KY	US
S1-951647852	Richardson Star Verde Inc	AZ, Fl 1, Chandler, 2552 Lantana Drive	US
S1-331782121	All Ventures Private Limited	6A, Kiran Shankar Roy Road, 3Rd Floor, Kolkata, Kolkata, Howrah, West Bengal	India
S1-585655121	Infinity (India) Services Limited	R-31/2, Ramesh Park, Gurdwara Road Laxmi Nagar, Delhi	India
S1-337241318	Aditesh Foundation Private Limited	Tamil Nadu, No.26, Chennai, Kothari Nagar, 1St Street, Ramapuram	India
S1-632569241	Aquatic Maritime Private Limited	Moti Manzil Samanpura Rara Bazar, Post. B.V.College, Patna, Bihar	India
S1-635844422	Ninnetta Nelson, P.A., P.C.	11601 Milton Meadows Drive, Arlington, TN	US
S1-595584379	Pediatric Continental Associates LLC	1208 Stafford Road, Darlington, MD	US
S1-739129616	Interfaith Integrated Federation	2681 Maplewood Street, Cuyahoga Falls, OH	US
S1-225124222	Jones, Padilla & Perry Qdro LLC	Winona, 24744 Fish Pond Lane, MN	US
S1-236768477	Srinidhi Developers Private Limited	Smruti Shilp, Sambhaji Nagar, Haveli, Pune, Maharashtra	India
S1-337333581	First Builders Private Limited	Mohali, Punjab, Scf 31 Phase-2	India
S1-646423328	Division of Aging	7805 Willow Road, Warren, IN	US
S1-77028595	Shiv Energy Private Limited	313/12/1, 2Nd Floor, Above Icici Bank Khun Khun Ji Road, Near Munnu Lal Dharmsh, Ala, Chowk, Lucknow, Uttar Pradesh	India
S1-211942360	Jaipur Taxi Private Limited	978, 4Th Floor, Siddharth Nagar, Block A, Near Jawahar Circle, Jaipur, Rajasthan	India
S1-543392285	Premier Power Private Limited	New No.462, Old No.647/2 T.H.Road, New Washermenpet, Chennai, Tamil Nadu	India
S1-833740927	Nessie Payne Select Long Inc.	1701 Inverness Parkway, Tuscaloosa, AL	US
S1-131928575	Jeanlouis Advantage LLC	70 Luna Trail, Southbury, CT	US
S1-86766910	Verrelle Averin	2426 Bathwick Lane, Forney, TX	US
S1-950028092	Khazana (India) India Ltd	227/2 Songaon, S Nimb, Satara, Maharashtra	India
S1-663819576	Shree & Sons Center	Suresh Chandra Johri Qrts, 121-C Mig Na, New Delhi, West Delhi, Delhi	India
S1-52492661	Primary Care Custom Associates	2849 Caroline Avenue, Indianapolis, IN	US
S1-683445650	Srishti Leaves	D-80 Malcha Marg, Chanakya Puri, New Delhi, Central Delhi, Delhi	India
S1-795206279	Vadnagar Infratech Clinic	Mahesana, Survey No 3161 Shop No 45, Bhagyoday Shopping Center, Vadnagar, Gujarat	India
S1-575231919	Prairie Regional Paceline of Dayton	505 Farm To Market 2797, Dayton, TX	US
S1-831953030	Bay Select Boral LLC	10405 Preston Street, Westchester, IL	US
S1-882532074	Satpura & Co	2Nd Floor, Plot No.151, Sector-26/27 Parsik Hill, Cbd Belapur, Navi Mumbai, Raigarh, Maharashtra	India
S1-969359084	Emxcel Corporate Ltd	B-1/3, Jeevan Jyoti Apartments, Pitam Pura, Delhi, North Delhi, Delhi	India
S1-503320165	PUN Velos LLC	1822 40th Street, Rock Island, IL	US
S1-449777693	YE Systems Private Limited	301, Sukh Sheetal Apartment-I 16/1, South Tukoganj, Indore, Madhya Pradesh	India
S1-234200949	Opulence Brothers Private Limited	Gh-97, Setor-5, Haryana, Gurugram, F No 705, Gurgaon	India
S1-693111833	Viraaj Brokerage (India) Corporation	16 Tara Chand Dutta Street, 3Rd Floor, Kolkata, Kolkata, Howrah, West Bengal	India
S1-683366305	Business Digital Digital	208 1/2 Broadway Avenue, Bardstown, KY	US
S1-443084206	Philomena Stanley Motor	9217 Greenwood Drive, Sandy City, UT	US
S1-55140214	Commodities Elabs Private Limited	C/O Sh. Nirwail Singh, Hazipur, Sultanpur Lodhi, Kapurthala, Sultanpur Lodhi, Kapurthala, Punjab	India
S1-344306955	Legacy Equity Consultants Inc	1017 Callaway Drive, Shorewood, IL	US
S1-931804994	Ace Engineering	509, A Wing, Sanjar Enclave, S.V.Road Kandivali West, Opp. Milap Cinema, Mumbai, Mumbai City, Maharashtra	India
S1-313861075	Utkarsh & Brothers Private Limited	Office 28 C Wing Bellezza, Shantisadan 90 Ft Road, Mumbai, Maharashtra	India
S1-75051784	Mickie Jackson, MD, DDS PC	1803 17th Street, Texarkana, TX	US
S1-239315048	Paquette and Bush Nano LLC	436 1300, Salt Lake City, UT	US
S1-256116349	Nilanchal Brothers	A.G.Nioda, 15-B, Gautam Buddha Nagar, Phase-3, Beside Gurudwara, Kp-3, Uttar Pradesh	India
S1-396992341	Eaton & Burke Athena PLLC	764 Freeze Mountain Drive, Argo, AL	US
S1-416448116	Sanchez, Pollard & Martinez Inc	2606 Eastport Road, Unit 7, Charlotte, NC	US
S1-174171861	123 Cohen P.C.	UT, 6001 Carnelian Parkway, St George City	US
S1-783255946	IN Complete Impact LLC	262 Discovery View Drive, Sequim, WA	US
S1-738727483	Vanguard Marketing Labs Inc	8927 Donley Drive, Houston, TX	US
S1-445964147	Shiv Star Agro Private Limited	F. No. 203, Tower 9Sec-66A, Sky Gardens, Mohali, Punjab, Mohali, Punjab	India
S1-582613007	Food Nursing Home	Survey No. 477 & 489, No. 99, Papparambakkam Village, Thiruvallur, Tamil Nadu	India
S1-653213566	Eastern Animal Hospital LLC	5616 101st Street, Lubbock, TX	US
S1-945707273	Dallas Brink Metro Acp LLC	73 Elm Street, Lake Placid, NY	US
S1-194830077	Rios Trusted Cyber PLLC	Troutdale, 2609 Lewellyn Avenue, OR	US
S1-220467518	Delhi Financial Private Limited	A-104 Panchal Complexchandar Vihar I. P. Exten, Delhi, East Delhi, Delhi	India
S1-614100151	Shree Hospitality Private Limited	67Th Milestone, National Highway-8 Sidhrawali, Gurugram, Gurgaon, Haryana	India
S1-870832985	Retha's Bright Diner, Inc	830 Burlingame Terrace, Portland, OR	US
S1-66721445	YQ Apartment Partners	2424 John Cox Place, City Of El Paso, TX	US
S1-17683652	Animal Welfare Trust	105 Chickasaw Drive, Clarksville, TN	US
S1-995567337	Sunrise Constructions Private Limited	S 27 Village, Nathupur S 27, Road Nathupur, Gurugram, Gurugram, Gurgaon, Haryana	India
S1-40048409	Vega Rio Inc	2220 30th Avenue, Minneapolis, MN	US
S1-902708255	Ghaziabad Loans Pvt Ltd	S-76 Loni Road Industrial, Area Site-2 Mohan Nagar, Ghaziabad, Uttar Pradesh	India
S1-66645690	Fight Trade (India) Private Limited	Gorakhpur, Vashundhara Complex, Gorakhpur, Uttar Pradesh, 2Nd Floor Near Sarwang Hospital, Betiahata	India
S1-292603366	Rrm Management Co	371, Main Road, A/P Jalalpur, Raibag, Belgaum, Karnataka	India
S1-215130873	Shahani Sons Private Limited	Empire Business Hub Opp Shakti Farm, Science City Road, Sola, Ahmedabad, B-705, Gujarat, Ahmedabad	India
S1-529016248	Pediatric Dental Specialists	16 Breary Avenue, Unit Apartment H31, Sanford, ME	US
S1-551659339	Krishav Trading Private Limited	Innov8, Skcl Tech Square, 2Nd Floor, No. 14, South Phase, Sidco T.V.K. Industrial Estate, Guindy, Chennai City Corporation, Chennai, Tamil Nadu	India
S1-329253583	Jbj Legal Private Limited	A-906 Manibhadra Avenue, Bldg No-2 Yashwant Gaurav, Vasai, Thane, Maharashtra	India
S1-725624964	Zephyr LLC	638 36th St NE, Cedar Rapids, IA	US
S1-763112366	Trusted Construction Digital LLC	2288 Old 101 Road, Unit 290, Liberty, IN	US
S1-329998550	Orchid Consultants	Ulsoor Road, No. 39, Bangalore, Bangalore North, Karnataka	India
S1-62507795	Cruz Ace Software	3671 Main Street, Pikeville, TN	US
S1-243476946	Bolduc Aura LLC	10122 Moon Valley Drive, Fort Wayne, IN	US
S1-874440306	Rrm Management Ltd	No. 28, ÂSinghvi Houseâ V S Raju Road, R V Layout, Bengaluru, Bangalore, Karnataka	India
S1-470667990	Primary Care Center Partners	100 Brook Hollow Drive, Huntsville, TX	US
S1-99560436	Ear Nose & Throat Medicine LLC	703 Beacon Court, Montgomery Township, PA	US
S1-915141559	Falcon, Inc	5 Woodstone Drive, York, ME	US
S1-194550645	Chemtex Ventures LLP	Ward 11, Sadar, Lakshmipur, Gorakhpur, Uttar Pradesh	India
S1-767138355	American Coalition	2634 H Rockford Ln, Unit 46, Shively, KY	US
S1-741677549	Gasoft	263 Orchard Street, Millis, MA	US
S1-353656325	Classic Bio (India) Pvt. Ltd.	Fifth Floor, Flat:5C 77 B. L .Saha Road, Lp:11/2, Kolkata, Kolkata, Howrah, West Bengal	India
S1-965125191	Forex Trading Private Limited	Raobahaddur Khare Wadanear Laxminarayan Temple Durga Talkies Rd, Wardha, Nashik, Maharashtra	India
S1-962756518	Zylstra Value Array	27 Cedar Street, Cortland, NY	US
S1-958383057	Agro Mahan Laboratories Company	12, 3Rd Cross Street, Trustpuram, Madras 24 Trustpuram, Madras 24, Trustpuram, Madras 24, Chennai, Tamil Nadu	India
S1-298888351	Lumyn Oriental	211 School Street, VA, Purcellville Town	US
S1-244608607	Metro Century LLC	80 Autumn Court, Cheshire, CT	US
S1-208097391	Allen Tire Shop LLC	2412 Laurel Bush Road, Abingdon, MD	US
S1-804421593	VX Textiles LLP	3-5-603, Vittalwadi, Himayathnagar, Hyderabad, Telangana	India
S1-803032500	MJG Pumps Private Limited	44 Khanna Construction House, Worli, Mumbai, Maharashtra	India
S1-579728529	Womens Health Signature Partners	1101 Roman Road, Grand Prairie, TX	US
S1-431556347	Lucky Coffee	40 Haven Loop, Westmore, VT	US
S1-891275716	Spd Infosys Pvt Ltd	9Thavenue, Groundfloor, Behindrajpathclub, Memnagar, Bodakdev, Ahmedabad, Gujarat	India
S1-20525067	Fresh Horizon LLP	415 Gramatan Avenue, Unit Apartment 5H, Mount Vernon, NY	US
S1-570400975	Solar Brothers Pvt Ltd	41 S N /Of 1A/1 P 480 Parvati Bldg 1 Flat No 12 Khandwa, Pune, Maharashtra	India
S1-249500264	Cosmic Seva Samiti Co	Chennai, Vaikasi, Stcmr Stage Ii, Tamil Nadu, 46, Chennai City Corporation	India
S1-774519782	Eye Care Associates LLC	700 Alabama Street, Unit APT 915, Indianapolis, IN	US
S1-327141190	WZ Certified Table LLC	11407 Ed Merrins Drive, City Of El Paso, TX	US
S1-463669205	Beacon Municipals LLC	15602 60, Borden, IN	US
S1-81604461	Aspen	279 Brook Street, North Hempstead, NY	US
S1-786130365	Alpha Technologies Pvt Ltd	Plot No.10, Local Shopping Complex, Sector B Pocket-7, Vasant Kunj, New Delhi, South Delhi, Delhi	India
S1-482246278	Tratech Crumrine LLC	Bath, NC, 369 Treasure Point Drive	US
S1-852358881	Fulgencio Term LP	1317 Fm 994, Douglassville, TX	US
S1-954690995	Niex Holding Company Center	3017 Komensky Avenue, Chicago, IL	US
S1-266544063	Gujarat Food LLP	Tigrania House, Opp. Mseb Sub Station Tigrania Nagar, Nashik, Maharashtra	India
S1-212509374	Hines Liberty Produce LLC	1286 Kents Ridge Road, Richlands Town, VA	US
S1-790418226	Salzberg Clean Activate LLC	137 Holt Pond Drive, Flat Rock, NC	US
S1-502645044	Elite Global Wholesale LLC	7224 Ashland Avenue, Chicago, IL	US
S1-914167808	Scholarship Global Institute Inc	8349 Brewerton Road, Cicero, NY	US
S1-840069842	Family Prairie Association	13339 Mercer Drive, Alden, NY	US
S1-801055021	Girish & Brothers	Vijaya Smruti Mayur Col Sno33 Nr Jog School/Kothrud, Pune, Maharashtra	India
S1-573137025	Surya Healthcare Private Limited	4Th, 6/77 Wea Karol Bagh, New Delhi, Central Delhi, Delhi	India
S1-936929111	Dickinson Focus, Corp	Greenwood, IN, 5632 Skylark Drive	US
S1-759513870	Nixa Literacy Association	874 Celtic Court, Nixa, MO	US
S1-369779168	Gulf Highland Bold LLC	1340 Main Street, Grapevine, TX	US
S1-911911079	Super 22 Bistro	AZ, 4142 25th Street, Tucson	US
S1-540848947	Ivenari Islands, LLC	19 Edward Avenue, Lewiston, ME	US
S1-382285965	White Management Pvt Ltd	Sy No 14P, 57P Izzathnagar Kondapur, Seri Lingampally, K.V.Rangareddy, Telangana	India
S1-807519062	Pediatric Dental Health of Woodinville P.C.	23330 75th Avenue, Woodinville, WA	US
S1-792681001	Desert Direct Bynordic	480 Payne Ridge Road, WV, Gandeeville	US
S1-528855670	JS Plutonian Inc	MA, 120 Devon Street, Unit 5, Boston	US
S1-146281653	Marker Solution LLC	6402 Dry Barley Lane, Columbia, MD	US
S1-239188103	International Tech Private Limited	41 Gandhi Maraketbehind Hotel Ranjit, New Delhi, Central Delhi, Delhi	India
S1-193928185	Eastern Consultants	Plot No 259, Ground Floor, Pkt-B, Sector-4, Dsiidc Bawana Industrial Area, Delhi, West Delhi, Delhi	India
S1-486832571	Keystone Defense Holdings	4927 Apollo Road, Phoenix, AZ	US
S1-731397769	Fasoft Midwest Biopharma	112 Hummingbird Hill Road, Franklin, NC	US
S1-679028455	Ridge Network Corp	290 Lotus Point Road, Brant, NY	US
S1-212316920	Metro Nasdaq Inc	163 Belltown Road, Stamford, CT	US
S1-780523337	Grete Galindo Trading	222 Plymouth Road, Huntsville, AL	US
S1-163869375	Gilbertina Holsclaw Sierra P.C.	14 Worthington Lane, Parkersburg, WV	US
S1-970368826	123 Wave PLLC	1600 Maryland Avenue, Unit 241, Washington, DC	US
S1-98441852	Malin's Global Industries	32 Alora Drive, Hermiston, OR	US
S1-920436723	Foundation Gs Edtech Ltd	34/B Jolly Maker Chamber Ii Nariman Point, Mumbai, Mumbai City, Maharashtra	India
S1-307010547	Elliott Services LLC	18314 Walker Road, Fl 0, Beaverton, OR	US
S1-383410847	New Life Zion	WA, 436 Broadway, Tacoma, Unit #200	US
S1-939864289	Straight Edge Cleaning Service P.C.	9372 Roadrunner Street, Highlands Ranch, CO	US
S1-817863581	Swastik Estate LLP	D-127/4 Sangam Vihar, Delhi, New Delhi, Delhi	India
S1-609106688	Triton Services Ltd	Gut No. 464, Ahmednagar, Ahmed Nagar, Maharashtra	India
S1-864038052	Main Street Nails!	23809 Devonfield Lane, Daphne, AL	US
S1-823349040	Upper Highland Guardian Inc	110 138B, Burnet, TX	US
S1-529176555	Marketa Ambrosini Best Better L.L.C.	8311 Rammer Drive, Clinton, MD	US
S1-950473771	Everrise Epitome Private Limited	Door No 17/1491 D, Iii Floor, Malabar Gate, Ram Mohan Road, Puthiyara Post, Calicut, Kerala	India
S1-120617741	Family Direct Partners	20152 C Street, Douglas County, NE	US
S1-984142916	Rushin, Johnson & Nishioka Associates	19414 Woodhill Street, Rialto, CA	US
S1-523632949	Amrut Group of Companies Ltd	Madhya Pradesh, Indore, 226 - Tanki Chowk Bijalpur, Indore	India
S1-674046857	Brem Diamond Leapfrog LLC	2740 34th Street, Washington, DC	US
S1-341097282	Bright Iheartmedia	9119 Falkwood Road, Raleigh, NC	US
S1-55989676	Thane Abroad Private Limited	Orchid Bldg, Prestige Residency Ghodbunder Road, Thane, Maharashtra, A-601, Thane	India
S1-873588939	Global Dalmia Consumer Private Limited	B-34 Sector-55, Noida, Gautam Buddha Nagar, Uttar Pradesh	India
S1-12309098	Burke, Blair, M.D.	16485 Stadium Way, Unit 2056, Surprise, AZ	US
S1-278943754	Pediatric Dentistry Specialists of Fyffe	34837 75, Fyffe, AL	US
S1-204791742	Developers Saar Fabricator Pvt Ltd	23, Nagathamman Koil St 12Th Avenue, Ashok Nagar, Chennai, Tamil Nadu	India
S1-358797130	Ss International Consultancy Private Limited	A-201/202, Devashish Resi, A/Gandevi Road, Jamalpore, Navsari, Gujarat	India
S1-52408416	Amador, Summerville and Lambert Consulting	6300 289th Avenue E, Broken Arrow, OK	US
S1-896220613	Otero, Schmidt and Flores	24544 Glenwood Drive, Los Gatos, CA	US
S1-468092067	Direct Highland Northwest Care	26 Isabella Street, Unit 9, Boston, MA	US
S1-641196862	Lower Prime Mozayyx, LLC	107 Depot Street, Buda, IL	US
S1-986516034	Womens Health Partners	4 Bridge Street, Monson, MA	US
S1-414906130	Eye Ace Physicians	3111 3225 31st Street, Unit 3225, Temple, TX	US
S1-152222475	Ram Maa Logistics Private Limited	G-1, Floor-Grd, One Avighna Park, Mahadeo Palav Marg, Curry Road Parel, Mumbai, Maharashtra	India
S1-916718480	AW Pesticides Private Limited	Flat B 103 Pl 16 Sec 15 Satyam Arcade Kamothe, Kamothe, Raigarh, Maharashtra	India
S1-632481143	Pioneer Gujarat Infra Private Limited	9Th Street, Ferns Paradise, Bangalore North, No 755, Bangalore, Karnataka	India
S1-40930902	Shreeji & Co	C/O Khanna Nursing Home, Opposite Gill Petrol Pump G.T. Road, Punjab, Khanna	India
S1-405073506	Housing Trust	1514 Blue Sky Loop, Rio Rancho, NM	US
S1-429417491	Agni To Corporation	Flat No.9 Vishal Heritage Hissa 3/25 Sno 48 Wadgaonsheri, Pune, Maharashtra	India
S1-245699717	Urgent Care Physicians P.C.	11505 Grafs Ct, Louisville, KY	US
S1-920119138	Southern Payments, Inc	216 Race Street, Georgetown, DE	US
S1-235793269	Fresh Pilates Inc	4500 Bikeway, Carmel, NY	US
S1-491658200	Baba Infotech Private Limited	First Floor Shop No. 130, Vasudev Sky High Chs Ltd, Thane, Maharashtra	India
S1-497753770	Ace Rocky Midcap Clinic	3750 Piper Way, Denver, NC	US
S1-575674667	Samidha & Associates Corp	D-144, Office No.3, Second Floor, Okhala Industrial Area, Phase-1, Delhi, South West Delhi, Delhi	India
S1-34940329	Mumbai Hospitalities Private Limited	Flat No 73, Floor No 6, Wing 6, Shivanand -6, Chitrakar Ketkar Marg, Near M L Dahanukar Collge Of Commerce, Vile Parle - East, Mumbai, Maharashtra	India
S1-719550572	Sunrise Management Private Limited	Hamadan Shopping Complex, Trikaripur Post, Kasargod, Kerala	India
S1-20792002	Renet	4805 Majesty Road, Rio Rancho, NM	US
S1-922458942	Express Seafood Inc	2669 Becky Thatcher Road, Muscatine, IA	US
S1-246404006	Elite Table Inc	TX, Austin, 15825 Dorman Drive	US
S1-230118833	Liberty Keystone Nexus	124 Dexter Avenue, Mountain Brook, AL	US
S1-969298915	Akay International School LLP	A-32 Shop No-2, G/F, Ganesh Nagar Pandav Nagar, New Delhi, Delhi	India
S1-256318607	Hygiene Land (India) Corporation	103A, C.I.T. Road (Nani Gopal Roy Chowdhury Avenue), 2Nd F, Loor, Kolkata, Kolkata, Howrah, West Bengal	India
S1-357133147	Sai Technologies Pvt Ltd	H.No. 64 B, Govindpuram, New Tilpat Colony, Faridabad, Haryana	India
S1-32927252	Peltier & Turnage Spark P.C.	2807 Wilson Street, Baker City, LA	US
S1-745362992	Stanley Point LLC	1016 Twin Pines Drive, Ida Grove, IA	US
S1-449213930	Express Ridge Summit LLC	3115 Port Anne Way, Leander, TX	US
S1-88752690	K & D Arrived	4623 Ogletown Stanton Road, Newark, DE	US
S1-417911003	Bright Green Inc	4415 Honeycomb Way, Redding, CA	US
S1-372172873	Meridian Artificial LLC	62 Double Springs Road, Fayetteville, AR	US
S1-901640603	Sherman Frontier Rithm Inc.	749 Black Creek Drive, Chattanooga, TN	US
S1-844947042	Lesoft Electronics, Inc	11 N Street, Montague, MA	US
S1-622666081	Reliable Payment Studios	3407 T Street, Omaha, NE	US
S1-220123647	American Heritage Drilling Holdings	1741 Howe Avenue, Sacramento, CA	US
S1-388364080	YJ Solar Limited	Falt No 301, Plot No 420, 3Rd Flr, Sapphire Vistas Deepthisri Nagar, Madeenaguda, Hafeezpet, Hyderabad, Rangareddy, Telangana	India
S1-520442821	Cormier & Arnold LLC	264 Lake Valley Dr Drive, Seymour, MO	US
S1-110297858	Tirupur Welfare Society	4Th-Fr Fl-D2 368, Parganas North, Northeast West Side, Naya Patty Road, Lp-44/8/2, West Bengal, Northparganas	India
S1-141024010	Odoms Dynamic Rmg LLC	13863 Fountain Court, Apple Valley, MN	US
S1-288398730	Services Raaj Infra Private Limited	Shop No. 179, Kishanpolebazar, Jaipur, Rajasthan	India
S1-388446115	Sultanpur Sweets Private Limited	Sultanpur, C/O Mrs. Shobha Wati W/O Mr. Deonath Singh, Sultanpur, Uttar Pradesh, Haliyapur	India
S1-424019450	Hatch Prairie Alternative, LLC	98 Ward Street, Boston, MA	US
S1-679550141	Vijay Universal Exports Pvt Ltd	478/1, Bangalore North, Karnataka, Bangalore, Mshc Layout, Anandnagar, Hebbal, Anandnagar (Bangalore)	India
S1-713796415	Perfect Systems Private Limited	Surat, Gujarat, 7Th Floor Office 703 -704 Rs No 365/P 366 Tps -4 Fp -50 Diamond World Tower -A Nr Prince Plaza, Mangadh Chowk Mini Bazar., Varachha Road, Surat	India
S1-101364006	Houchin Pbc Inc	2112 Laurel Creek Road, Floyd County, VA	US
S1-234472071	India Shambhavi Sciences Private Limited	Guntur, H No.1-135, Main Road Durgi Post And Mandal, Andhra Pradesh, Durgi	India
S1-310160836	Optimal Sterling	7701 Texlyn Ct, KY, Louisville	US
S1-438417025	Pritchett Fuel	4411 Capri Way, Sacramento, CA	US
S1-328844051	Jay Tech Private Limited	Kh No- 18/6 1St Floor Street No 9, Blk-A 1, Amrit Vihar, Delhi, North Delhi, Delhi	India
S1-461413258	Empire Project	AZ, 32241 Center Street, Wittmann	US
S1-443684341	Literacy Fund PLLC	Fl 1, MO, 5301 Aspen Ridge Drive, Columbia	US
S1-557991692	Vinay Tele	48 Manuja Bhavancentral Avenue Road, Nagpur, Maharashtra	India
S1-264679680	Gondia Tree Private Limited	4/11 Manoharbhai, Ward Gondia, Gondia, Maharashtra	India
S1-472705054	Vision Industries Private Limited	Fazilka Road, Village Ghubaya Teh. Jalalabad, Jalalabad, Firozpur, Punjab	India
S1-23738024	Lotus Apex Healthcare Pvt Ltd	Rz-11-C-7-Kh-620, Pole-14 Kailash Puri, Palam, New Delhi, West Delhi, Delhi	India
S1-366543540	Dynamic Best Care Private Limited	J-46, Srinivas Puri, New Delhi, South Delhi, Delhi	India
S1-658984896	Royal & Co Private Limited	2 & 3, Sterling Shopping Centre Opp. Himalaya Mall, Drive-In Road, Bodak, Dev, Ahmedabad, Gujarat	India
S1-536166111	HBH Infotech Private Limited	Bhopal, Huzur, Madhya Pradesh, Motiya Park, Near Kele Wali Masjid, H.No.72	India
S1-848721241	Ndtv (India) Foundation Private Limited	02233/02A/78714/E1, Jk Busines Centre, Road 46, Shaikpet, Hyderabad, Telangana	India
S1-142832040	Sullivan Better Sony	309 Litchfield Street, Unit Apartment 1, Frankfort, NY	US
S1-166423595	Green Reliable Acp	Tonawanda, NY, Bldg East, 121 Woodward Avenue	US
S1-784019541	Smith Healthcare	134 320th Street, Town Of Cady, WI	US
S1-382674282	Moolchand & Associates	P-37 India Exchange Place, Kolkata, Howrah, West Bengal	India
S1-580102536	Seitz Complete Oaktree L.L.C.	217 16th Street, Parsons, KS	US
S1-71236461	Alpha Best Infotech Private Limited	3/16West Patel Nagar, New Delhi, West Delhi, Delhi	India
S1-40678525	Board of Sanitation	17945 Rockwell Avenue, Homewood, IL	US
S1-76884022	Natividad T. Otis, DPM	6382 Duck Creek Road, Lenoir, NC	US
S1-927267654	Gail's American Fashion Group	60 Morncrest Drive, Gates, NY	US
S1-331109597	Fortune Finance Limited	No1627 B L Arcade I Floor, C Block, Bangalore North, Bangalore, Karnataka	India
S1-107452900	Altamont Youth Select Association Partners	320 Township Road, Altamont, NY	US
S1-413151292	J Q & V Ship Inc.	2400 24th Street, Unit Unit 17, Texarkana, AR	US
S1-584820969	Reed, Allen and Linder Sciences	10918 Portland Avenue, Unit #D317, Tacoma, WA	US
S1-915765272	Northern Anchor Abrdn LLC	18 Lake Shore Drive, Arlington, MA	US
S1-197043916	Quex	86 Holly Hill Drive, Smyrna, DE	US
S1-318977844	Chemical Fixtures	2/86 Vijay Khand, 2Nd Floor, Lucknow, Uttar Pradesh	India
S1-69427521	Digital Ventures Private Limited	Mini House Kasai Pada Old City, Dholpur, Rajasthan	India
S1-441851025	Preferred Global Procap	130 Buckingham Place, Lynbrook, NY	US
S1-332389192	Highland Endocrinology	1285 89, White Sulphur Springs, MT	US
S1-727766958	IWQ Star Audio Installation	115 2180, Phenix City, AL	US
S1-765688494	Larissa's Consultants Inc	45 Main Street, Telford Borough, PA	US
S1-384090359	Torrey First Auto	111 Saint James Avenue, Fairhope, AL	US
S1-2871277	NX Ligand LLC	884 Eisenhower Drive, Hempstead, NY	US
S1-146502675	Historical Initiative	Albemarle County, 1052 Glenwood Station Lane, VA, Unit UNIT 204	US
S1-366921483	Select Semiconductor Union PLLC	182 Lincoln Street, Unit Apartment 4, Saco, ME	US
S1-87632283	Clifton, Owen and Biel LLC	2022 Burnstead Drive, Unit Unit 21, Billings, MT	US
S1-320676568	Primary Care Platinum Clinic LLC	4033 Abbott Avenue, Minneapolis, MN	US
S1-687946604	Innovative Data Systems	1725 9W, Esopus, NY	US
S1-610905075	New Power	1/93, Mettu Street Paruthipalli, Tiruchengode, Namakkal, Tamil Nadu	India
S1-846416101	Gana Homecare Pvt Ltd	Block No. 336/2, Manekpore, Chikhli, Navsari, Gujarat	India
S1-134370187	Internal Medicine Coastal Specialists Inc	1229 Grace Way, Layton, UT	US
S1-635343813	Emmey Hall Crystal Vertical LLC	381 N Hill Road, Hoodsport, WA	US
S1-188492472	Jai Security Private Limited	No. 350/300/33, Honnenahalli, Sompura, Nelamangala, Bangalore Rural, Karnataka	India
S1-374373873	Martica's Bay Logistics	IN, West Lafayette, 302 Point West Ii	US
S1-859741230	Taylor Cascade Transport Inc	3050 Boulder Canyon Drive, Bullhead City, AZ	US
S1-5603041	Sai Consulting Pvt Ltd	Plot No. 32/410, Sector-3 Pratap Nagar, Jaipur, Jaipur, Rajasthan	India
S1-407704425	Roth Polestar	MN, 418 Lake Street, Chisholm	US
S1-500395708	Preferred Diamond State LLC	35 Pleasant View Avenue, Lunenburg, MA	US
S1-523391648	Delta Center	1519 Woody Road, Pearland, TX	US
S1-485677069	South Impex Private Limited	Mumbai, Maharashtra, 12 Kamor Bldg 1St Floorcanvasji Patel Street, Mumbai	India
S1-542878809	Paix Enterprises Inc	3616 Tallow Forest Street, Dickinson, TX	US
S1-974079392	Zora Guillermo James	MD, 8600 La Salle Road, Loch Raven, Unit SUITE 400	US
S1-772907843	Consultants Btl Tools Limited	H No 1-36 Solipet, Bommala Ramaram, Bhongir, Nalgonda, Telangana	India
S1-804036808	Ram Projects Private Limited	Khet No. 250 Mauja Vajidp, Nada Paragana Tehsil Kol, Aligarh, Uttar Pradesh	India
S1-379149603	Mountain Committee	1353 Forrest Drive, Metamora, IL	US
S1-92942604	Cultural Trust	211 Oak Drive, Carlisle, OH	US
S1-556100254	Cortinas Pacific Praetorian Inc	5620 Traceside Drive, TN, Nashville	US
S1-992497458	Prime Staffing Worldwide	475 Front Street, El Paso, IL	US
S1-343690942	Dena Hendley Wisekey Company	122 14th Street, Elmira Heights, NY	US
S1-73913318	Hinton Aviation LLC	1135 8th Street, Salem, OR	US
S1-161840339	Pierce Information	1647 Beaver Creek Road, Brighton, TN	US
S1-549136348	Sunrise Solutions Private Limited	3Rd Floor, Gh House, A-21/22 Yogeshwar Kripa Society Makrant Desai Marg, Vasna Road, Vadodara, Gujarat	India
S1-350702402	Ochoa Patriot Sterling Inc	8 Made In The Shade Circle, Granville, TN	US
S1-206849540	Letech Games Inc	2115 Spring Street, Fl 1, Medford, OR	US
S1-793444283	Foot & Ankle Care Associates	115 Hampton Circle, Georgetown, TX	US
S1-334980441	Wilmington Creative Galaxyedge	1907 Dorset Road, Wilmington, DE	US
S1-788294122	QVC Jewellery Limited	72, Gopalbari Ajmer Road, Jaipur, Rajasthan	India
S1-796110247	Aditya Construction Private Limited	Nr River Parpo Atul, Valsad, Gujarat	India
S1-23704128	Clean Pacific Shore LLC	TX, 1006 Joshua Stati Boulevard, Joshua, Unit 3111	US
S1-143629604	Hyderabad Mobility Private Limited	No 25-35/10/5/1 Mk Nagar, Telangana, Medak, Ramchandrapuram, Hyderabad	India
S1-668414344	Shiva Impex Private Limited	Near Raj Weigh Bridge, 7 Lati Plot, Morbi Road, Rajkot, Gujarat	India
S1-730297501	Gutierrez Service of Mesa Inc	2121 Main Street, Unit 2050, Mesa, AZ	US
S1-404998558	Janessa Duckworth Soren, LLC	411 Annaberg Lane, Monroe, NC	US
S1-633829247	United India Private Limited	D-215, First Floor, Noida, Gautam Buddha Nagar, Uttar Pradesh	India
S1-928412953	Pacific Integrated Electronics LLC	10018 Windward Drive, Fl 1, Olympia, WA	US
S1-105764764	Womens Health American Medicine Inc	26722 Red Sunset Mapl Lane, Katy, TX	US
S1-629022966	Uddhav Lifesciences (India) Private Limited	Ganpati Mandir, Maharashtra, Pune, Kati, Tal. Indapur, Pune	India
S1-399887735	All Software Private Limited	Lodhika, Gujarat, Survey No 208 Plot 1, 2, 3, Balaji Ind. Area Chhapara, Rajkot	India
S1-279637722	Cascade Ministries	N1357 Red School Road, Town Of Melrose, WI	US
S1-845942312	Saint Church	19234 Lazy Valley Drive, Katy, TX	US
S1-300704461	Realtime Solutions Ltd	10, Floor, Dlf Cyber City, Building No 8, Tower C Phase - Ii, Gurgaon, Haryana	India
S1-931473811	Wells Bay Btc Inc.	9608 Glenmore Road, Annsville, NY	US
S1-274304457	Vaikom Exports Limited	Kerala, Velloor, Karippadom P O, Kottayam, Vaikom, Building No. Xii/171	India
S1-171004818	Gen LLC	334 Downard Court, Wilmington, OH	US
S1-894079582	Red Apex It Limited	1St Flr, 7, Ashok Nagar, Ashtvinayak Chawl Safed Pool, Kurla Andheri Road, Sakinaka Mumbai, Mumbai City, Maharashtra	India
S1-166872806	Chandu & Associates	Fl-C/03, S.N.54/4, Narhe, Shree Siddhivinayak Angan, Pune, Maharashtra	India
S1-129024118	Hitech Southern Infotech Private Limited	Shop No-4, Loknayak Jai Prakash Bhawan Frazer Road, P.O- Gpo, P.S- Kotwali, Patna, Bihar	India
S1-364398767	Nananne Woods Costamare	IL, 950 Geneva Road, Wheaton	US
S1-72391394	Utalika Govardhan Private Limited	Nr Highway Bridge Wadgaon, Pune City, Pune, Maharashtra, S No 60/6A Gangangiri Pal	India
S1-636957501	Shine Micro Pvt Ltd	C/O Arvind Kumar H. No. - 40 Ahikaura Sakaldiha, Chandauli, Uttar Pradesh	India
S1-646695246	Shivam Modern Energy Private Limited	Vill Gayra Po Eojnagar Ps Basirhat, Basirhat, Kolkata, Howrah, West Bengal	India
S1-615903919	Valley Society	4451 Telfair Boulevard, Unit 6208, Suitland, MD	US
S1-410588754	Dream Agro Private Limited	Wz 220A, Kh. No. 67/12/1, First Floor Street No 5 Sadh Nagar, Palam Colony, New Delhi, South West Delhi, Delhi	India
S1-835682577	Youth Project	NY, Hempstead, 1672 Midland Drive	US
S1-276829138	Pediatric Care	9801 Valley Ranch Parkway, Unit 1146, Irving, TX	US
S1-796816825	Red Global Limited	West Bengal, Panchagram, Badkulla, C/O: Malay Sarkar, Hanskhali, Nadia	India
S1-377252843	Fortune Solutions Private Limited	Agra Gate Chunhgi Shikohabad, Shikohabad, Firozabad, Uttar Pradesh	India
S1-435197119	Arihant Properties	Plot No.569/1400, Kuakhai Nagar, Lane-2, Bhubaneswar, Khordha, Orissa	India
S1-369720553	Station Global Co	No. 309, Shreshtabhumi No. 87, K.R. Road. Shankarapuram, Bangalore, Karnataka	India
S1-737093634	Gina Bird Resorts	37 1/2 Cleveland Avenue, Binghamton, NY	US
S1-209805544	Urban (India) Star Private Limited	Sy. No. 150/B1, Main Road, Vivekananda Nagar, Sirsi, Uttara Kannada, Karnataka	India
S1-693986340	Little Deli P.C.	2852 Cr 24, Gibsonburg, OH	US
S1-182724633	Gayla's Printing	1120 High Street, Unit STE A, Brandenburg, KY	US
S1-21691801	Liberty League	163 Rustic Street, Unit Unit 2, Rochester, NY	US
S1-881444813	Department of Housing	236 Spokane Falls Boulevard, Unit 111-B, Spokane, WA	US
S1-546177410	Zelova LLC	22 Church Street, Unit 1, Boston, MA	US
S1-662824154	Amer Annaly Inc	3662 Palmer Avenue, Bronx, NY	US
S1-770249099	Smart Legato LLC	1002 Colleen Avenue, Evansdale, IA	US
S1-185103270	Tag (India) Developwell Limited	No 16/A, Bangalore, Bangalore North, 2Nd Floor, Kkmp Building, Millers Tank Bund Road, Vasanthnagar, Karnataka	India
S1-952932719	Beed Finance Private Limited	Sai Krupa Niwas, Bhyagaya Nagar, Jogaiwadi, Ambajoai, Beed, Bid, Maharashtra	India
S1-34698027	Unique Construction Pvt Ltd	S.No. 138/1 Green Olive Fl- A/501 Fl-A/501 Nr Symboisis Hostel, Pune, Maharashtra	India
S1-218988401	Siya Photography Pvt Ltd	19-2-179/1, Tadban, Hyderabad, Telangana	India
S1-996966377	Lumin Educational Society	Bangalore North, Karnataka, Bangalore, Pradhanani, Wilshire-1, No 14, Urban Vault	India
S1-968551303	Hawk's Metropolitan Consulting LLC	5236 Lakeway Drive, City Of El Paso, TX	US
S1-977682665	Premier International Private Limited	No 6/913, 4Th Cross, Nethaji Nagar, Trichy Road, Namakkal, Namakkal, Tamil Nadu	India
S1-985760905	Lopez Value Dogecoin LLC	9849 Tiller Lane, Rockingham County, VA	US
S1-565276433	Premia (India) Services LLP	35/151, Laxmi Indsutrial Estate New Link Road, Andheri (West), Mumbai, Mumbai City, Maharashtra	India
S1-152544990	Sai Exports Private Limited	A-708 Dreams Aptts Plot No-14 Sec-22 Dwarka, New Delhi, West Delhi, Delhi	India
S1-359566165	Cardiology Center PLLC	17837 1700 Road N, Pontiac, IL	US
S1-625701810	Guntur Exports Private Limited	D.No.5-37-126, Varalakshmi Complex, 4/18, Brodipet, Opp.N Square Building, Guntur, Andhra Pradesh	India
S1-850327084	Better Lodging LLC	15857 Washington Street, Goodyear, AZ	US
S1-638848187	Capano Labs LLC	Chicago, 11440 Union Avenue, IL	US
S1-490378752	Tran Oil	IL, 519 Washington Street, Morris	US
S1-790589419	Christy Tech (India) Limited	House No 707, 2 At Sarole, Post Vanasgoan, Niphad, Nashik, Maharashtra	India
S1-311470256	Bureau of Sanitation Inc.	7980 Wagonseller Road, Green Valley, IL	US
S1-799415899	Hall Gladstone Inc	5120 29th Avenue, City Of Kenosha, WI	US
S1-851149103	Vittal Service	29/1-101 B, College Road, Agastheeswaram, Kanyakumari, Tamil Nadu	India
S1-51296542	Quantify Esports Inc	1046 Huffman Avenue, Dayton, OH	US
S1-740212604	Zayn Business Pvt. Ltd.	Chennai, Noa17, Flatnoa2, Suraksha, Venkatesansalaiperiyar Nagar, Chennai, Tamil Nadu	India
S1-728034475	Arihant Constructions Private Limited	1St Floor, Ap-09 Arjun Park, Kolkata, Kolkata, Howrah, West Bengal	India
S1-941653043	Nunez Clean Hair Studio Inc	301 English Street, Greensboro, NC	US
S1-356833714	Orthopedic Empire Medicine	VA, 22 Tiffany Lane, Hampton City	US
S1-353994754	Uday Infra Private Limited	G-10, G.F. Aggarwal Bhawan, 35-36, Nehru Place, New Delhi, South Delhi, Delhi	India
S1-790027274	Bay Pediatrics	5244 Beeman Avenue, Dallas, TX	US
S1-108246457	Quia	North Bethlehem Township, PA, 107 Sunedecker Road	US
S1-964610916	Rapid Pinnacle Ramaco	1399 Commonwealth Avenue, Unit 21, Boston, MA	US
S1-855035648	Johnson Pegasus of Portland	OR, 1120 Couch Street, Portland	US
S1-321518647	Red Chits LLP	501-A, 5Th Floor, Kotia Nirman, New Link Road, Andheri (W), Mumbai, Maharashtra	India
S1-21508196	Green Capital	12601 Shoal Creek Terrace, Beltsville, MD	US
S1-91134377	Mumbai Mills Limited	Mumbai, Nandprem, M.G Road Corner, Vile Parle East, Near Bill Collection Centre, Maharashtra, Shop No 10	India
S1-936164337	Norris Spectral LLC	3679 Opossum Creek Road, Victor, WV	US
S1-185341517	The Dent Hair Studio PC	4574 2350, Roy City, UT	US
S1-837704863	Chennai Secret	Chennai, Beta Wing, 4Th Floor Unit No. 408/2, No. 177, Anna Salai, Raheja Towers, Tamil Nadu, Chennai	India
S1-698843694	Cutillo Piedmont Rocky LLC	Santa Cruz, 548 Ocean Street, CA	US
S1-659332378	Gulf Liberty Inpoint LLC	6625 Glenlivet Court, Charlotte, NC	US
S1-422259259	Perfect Logistics Private Limited	B-28, Jaipur, Rajasthan, Jaipur, New Light Colony, Near Prem Shanti School Tonk Road	India
S1-818389760	Hernandez's Spa	5057 Macnamara Drive, Spotsylvania County, VA	US
S1-164982253	White Enterprises Pvt. Ltd.	5-Kha-22, Housing Board Shastri Nagar, Jaipur, Rajasthan	India
S1-292935703	Cozy Grill	617 Fourth Street, Watseka, IL	US
S1-660076156	Dream Agro Private Limited	180A, Sainik Farm Adjoining Country Club, Khanpur, Delhi, South Delhi, Delhi	India
S1-64263582	North Pioneer Finance Private Limited	C/O Ramesh Chand Vishwakarma Kakaharawa, Sadar, Mirzapur, Uttar Pradesh	India
S1-28542682	Green Valley Cultural Network	5085 San Raul, Green Valley, AZ	US
S1-309928886	Office of Education Clinic	2814 Irongate Place, Thousand Oaks, CA	US
S1-322278645	Tech Services Private Limited	601/C Sahajanand Complexnr New Madhavpura Market Shahibaug, Ahmedabad, Gujarat	India
S1-563321742	Couch, Mixon and East Dynamics LLC	3107 Myers Road, Unit 5, Geneva, OH	US
S1-723966103	American Montessori School Inc.	234 Twin Creeks Drive, Raeford, NC	US
S1-60356357	Robinson Silver Care Inc	115 Rivercrest Drive, Luling, TX	US
S1-911466358	Balaji Finance Pvt Ltd	First Floor, V/4, Valar Nagar, Melur, Madurai, Tamil Nadu	India
S1-1417216	Samruddhi Consulting (India) Limited	No.133, Annai Nagar, Korattur, Chennai, Tamil Nadu	India
S1-654486026	Reed's Supreme Specialists	1988 Gordon Road, Clayton, NC	US
S1-182010095	Direct Cascade Andretti LLC	16321 Round Rock Court, St. George City, LA	US
S1-559249977	My Investment Private Limited	C/O Mayank Anilkumar Sing, Chinchani District Thane, Palghar, Thane, Maharashtra	India
S1-321419943	Autism Assistance Society III	18458 Stone Hollow Drive, Germantown, MD	US
S1-238297171	Rajguru (india) Private Limited	Flat No A-086, Cozihom Co-Operative Housing Society Limited, Nargis Dutt Road, Pali Hill, Mumbai, Maharashtra	India
S1-270043704	Filia's Electrical	9791 Ridge Road, Hartland, NY	US
S1-18971888	Anand Traders Private Limited	1St Floor, Piramal Tower, Peninsula Corporate Park, Ganpatrao Kadam Marg, Lower Parel, Mumbai, Maharashtra	India
S1-9357479	Jhansi India Private Limited	House No. 1527 C3, Near Janki Puram Civil Lines, Jhansi, Uttar Pradesh	India
S1-303179863	Kanara Spaces Pvt. Ltd.	Rajasthan, Mode Tonk Road, M1-Manavashram Main Building Gopal Pura, Jaipur	India
S1-355646715	Gurudeva Memorial Trust	177 Ukhali (Kh), Gangakhed, Parbhani, Maharashtra	India
S1-141303445	North Products	104 Lokmanya Tilak Nagar Poisar Gymkhana Marg, Borivali West Mumbai, Mumbai City, Maharashtra	India
S1-915642112	Infra Aerial Chit Private Limited	173/175, Sultan Manzil, 2Nd Floor, Office No. 8, Bora Bazar Street, Fort, Mumbai, Mumbai City, Maharashtra	India
S1-845509844	Raj International Private Limited	Maharashtra, 350/337, 19.20, Hights, Wing A, Marve Road, 1603, Malad West, Mumbai	India
S1-781005250	Pinnacle Modern Floating LLC	4848 Hall Road, East Bend, NC	US
S1-170236326	13 Washington Blvd Management Corp	31 Gelding Lane, Horsham Township, PA	US
S1-913057731	Kepler Techpro (India) Private Limited	23, Chitra Vihar, New Delhi, Delhi	India
S1-918140518	Sanpada Management Private Limited	Shop No.20, Maharashtra, Sanpada, Bhoomi Paradise, Plot No. 2, 3, Sector 11, Thane	India
S1-55344266	Raj Investments LLP	6(29), C.I.T. Colony, 2Nd Main Road Mylapore, Chennai, Tamil Nadu	India
S1-233588320	Commission on Finance	924 Denslow Street, Saint Paul, MN	US
S1-410577550	Pediatric Dentistry Metro Clinic L.L.C.	405 Haven Ridge Drive, Unit 8, Winston-salem, NC	US
S1-18922388	Best Systems Private Limited	Block-G-301, Satva Shiv Elegance, Nr, Gopinath Heights, B/S, Panchamrut School, Ahmedabad, Gujarat	India
S1-981013217	Vierra and Yahn Empire	1543 173rd Street, Hammond, IN	US
S1-87649479	Navarrete and Carroll Teucrium	8514 Lighthouse Lake Lane, Humble, TX	US
S1-848202175	Seamons Intelligent Inc	1151 Burton Drive, Unit APT 122, Vacaville, CA	US
S1-11235970	Hambright Networks LLC	4883 Graham Street, Springfield, OH	US
S1-440098202	Odonnell Cambridge LLC	33 Bradford Avenue, Mansfield, OH	US
S1-906428444	Oncology Medicine Inc	711 9th Street, Etowah, TN	US
S1-399298487	Cascade	1820 Woodland Avenue, Birmingham, AL	US
S1-681598856	Prova Capital	263 Brownlie Road, Upper Merion Township, PA	US
S1-833965887	Innovative Galaxy Software	No 42 Nair Ayya Pillai St, Chennai, Tamil Nadu	India
S1-787655497	Holt Optimal Parts LLC	Vincent, OH, 39 Mcvicar Lane	US
S1-120216304	Shilpa Media Private Limited	No. 1192, 22Nd Cross, 24Th Main Road, 2Nd Sector, Hsr Layout, Bangalore, Karnataka	India
S1-556484436	Williams Choice Rmg Inc.	7520 Capulin Road, Albuquerque, NM	US
S1-732554135	Cohen Media	Cincinnati, OH, 240 Ireland Avenue	US
S1-721706825	Blue Dream International Limited	Mig Ii No. 3/37, Jamunipur Colony, Bhadohi, Sant Ravi Das Nagar, Uttar Pradesh	India
S1-846902018	Mcglade Star Fisheries LLC	1117 Bridge Street, City Of Wausau, WI	US
S1-272847149	Khari Educational Society Limited	19-3-2/C2/A7, Srinivasa Puram Near Harinadha Reddy Jr College, Tiruapti, Chittoor, Andhra Pradesh	India
S1-432073164	Fayth Fritz Lifeco Corp	481 Northboro Road, Unit 4, Marlborough, MA	US
S1-834253524	Universal Royal Infra Private Limited	36/52 West Punjabi Bagh, New Delhi, West Delhi, Delhi	India
S1-133990000	DVR Tech Care	510, 5Th Floor West Wing, Aurora Towers, M. G. Road, Camp, Pune, Maharashtra	India
S1-58506724	Best Elite Pennymac LLC	6784 Monarch Drive, Unit 1, County, WY	US
S1-897055396	ME Resorts Ltd	954 Sector 31, Gurugram, Gurgaon, Haryana	India
S1-333473481	Star Consulting Limited	6/65, Yashodhan Bhavan, Natwar Nagar Road No.4, Near Ismail Yusuf College, Jogeshwari (E, Ast), Mumbai, Bandra Suburban, Maharashtra	India
S1-740195204	Grand Starling	TN, Unit 412, Maryville, 200 Broadway Avenue	US
S1-483125372	Briones, Nicoline, M.D., M.D., P.C.	18 Hillside Road, Old Lyme, CT	US
S1-503958794	Blue Skill Private Limited	Old No. 57/3A1, New No. 619/5 N. Shanmugasundarapuram, Thiruvannamalai, Srivilliputhur, Virudhunagar, Tamil Nadu	India
S1-188176423	Chelsie Ryan Apex Digital Inc	5222 Bigelow Drive, Hilliard, OH	US
S1-471450906	Gold Finance Private Limited	B-372 Chitaranjan Park, New Delhi, South Delhi, Delhi	India
S1-650333786	WR Studio Private Limited	30-17-33/B, Varanasi Vari Street, Seetarampuram, Vijayawada, Krishna, Andhra Pradesh	India
S1-712060319	Downs Culture	Unit APT 105, 7125 Fair Oaks Boulevard, Carmichael, CA	US
S1-919094063	Jay Food Private Limited	Nirthan, Kharkhoda, Kharkhoda, Haryana, C/O Rajpal, Sonipat	India
S1-416328681	May Value Dbdr L.L.C.	RI, 2 Apple Orchard Lane, Greenville	US
S1-958725920	Shakti Industries Private Limited	06/1105, Tower 6, Malibu Towne Sohna Road, Gugaon, Gurgaon, Haryana	India
S1-962317574	Quality Coastal Calamos	OR, Happy Valley, Unit #302, 11277 Stevens Road	US
S1-298796171	RP Hennessy LLC	256 Mohawk Drive, High Point, NC	US
S1-456503698	Pioneer Commercial Union Inc	2931 Progress Park Drive, Stow, OH	US
S1-348865280	Henry Realty LLC	850 7th Street, West Memphis, AR	US
S1-919044778	Hampton Mozayyx	3885 Charlotte Creek Road, Davenport, NY	US
S1-588423785	Pugliese, Roeder & Garcia Affiliated	5210 Il 130, Olney, IL	US
S1-831090227	Urban International Private Limited	No 63/A Nethaji Road Pudur Ilaiyangudi Taluk Sivagangai Sivaganga Tn In, Sivaganga, Tamil Nadu	India
S1-242553532	Marketing Kailash Farmers Group	Ward No. 6, Kot Ka Mohalla, Chaksu, Jaipur, Rajasthan	India
S1-153830318	Noreen's Piedmont Hair Studio	240 Autumn Ridge Circle, Unit D1-D4, Spring City, TN	US
S1-378524485	Pacific Foundation III	1820 Great Oak Drive, Tucson, AZ	US
S1-662166269	Cozy Yoga	129 Chinaberry Hill, La Vernia, TX	US
S1-287772185	Continental Hub LLC	414 Franklin Avenue, Weatherford, OK	US
S1-884740207	Dream & Co	Door No:18/54, Puthenpurayil, Tk Shanmadhuran Road, Near Nucleus Mall, M, Aradu P O, Ernakulam, Kerala	India
S1-784947579	Frances, Gurley & Walker Obic Inc	6345 Davis Boulevard, North Richland Hills, TX	US
S1-80158072	Premier Printing Global	101 Eden Lane, Duluth, MN	US
S1-942651476	Mtl Sangh	F 109/B G/F, Block F Gali No 1 Mohan Baba Nager Tajpur Road, Baderpur, New Delhi, Delhi	India
S1-494734968	Vantyn Wisekey LLC	22201 26, Overton, TX	US
S1-667909168	Smart Direct Xrp LLC	41 Augustine Place, Bear, DE	US
S1-433763435	North Apparel LLC	10723 Abbott Avenue, Sun City, AZ	US
S1-153229012	The Dent Nails Partners	10438 Burlington Drive, Grand Bay, AL	US
S1-451799300	Houchin, Frank and Press Electric	2800 Riverside Drive, Unit UNIT 59, Ontario, CA	US
S1-175077420	Ingram Preferred Association LLC	920 Pendleton Way, Port Orchard, WA	US
S1-337261548	Supreme Power Pvt Ltd	G No 400, Near Bazar Peth, Vtc Chandkhed, Maval, Pune, Maharashtra	India
S1-660243284	Bradburn Beacon Agricultural	NY, 12 Manor Lane, Somers	US
S1-932763767	Trichy Academy	1103, K.P.Platina, Opp. Vanijya Bhavan, Vadodara, Gujarat	India
S1-935930929	Apex Consultancy Private Limited	Plot 692, House No 3/191(New), 3/40 (Old) Nandhi Hills, Meerpet, Hyderabad, Telangana	India
S1-338644069	Grand Atlantic Eaton	163 Rollins Road, ME, Freedom	US
S1-120761878	Sweet Educational Society	4181, Tower 4, Prestige Hillside Gateway, Infopark Road, Kakkanad, Ernakulam, Kerala	India
S1-385608858	Janashakti (India) Square Private Limited	105, Mangalmurti Sapphire, Nr Omkar School, 90 Ft Rd, Kalyan, Thane, Maharashtra	India
S1-729749673	Rinker Annaly LLC	3 Appletree Road, Bethel, CT	US
S1-163255188	Katharina's Restaurant	1845 Woodland Avenue, Woodburn, OR	US
S1-151997193	Montial Generating	Hampton City, VA, 670 Willow Oaks Boulevard	US
S1-678605455	Leque Inc.	405 Edwards Street, Epworth, IA	US
S1-598209863	Digital Business Products	1401 Wescott Street, Mount Vernon, IL	US
S1-912127840	BF Choice Rivernorth Inc	6618 Pryer Lane, Norfolk City, VA	US
S1-969584345	Ace Construction Private Limited	Shop No.2037, Silk City Textile Market Ring Road, Surat, Gujarat	India
S1-567073072	Fresh Bistro	501 Hidden Valley Road, Wills Point, TX	US
S1-765817446	Western Land	324 Shannons Road, Jacksboro, TN	US
S1-921279245	Gonzalez Landscaping, LLC	6235 Frank Avenue, Canton, OH	US
S1-32048079	Galaxy Bombay Management Private Limited	South West Delhi, Delhi, Mansih Chamber-Iv, Plot No-7, Sector-12. Lsc Dwarka 3Rd Floor, Office No. T-6, Delhi	India
S1-364861670	Young, Brown and Montalvo Ltd	38 Bellevue Road, Stoneham, MA	US
S1-302461695	TDN Herbs Private Limited	A 205, Juhu Taj Society, Jvpd Scheme, Road No 10, Near Hsbc Bank, Vile Parle West, Mumbai, Mumbai City, Maharashtra	India
S1-740600107	Tech Enterprises (India) Limited	53/4, Nehru Nagar West, Coimbatore South, Coimbatore, Tamil Nadu	India
S1-632465343	Max Consultants	H. No. 3-47-7, Plot No. 7, Near Childrens Park, Sripuri Colony, Kharkhana, Secunderabad, Rangareddy, Hyderabad, Telangana	India
S1-627864980	Cardiology Specialists LLC	124 -7 Governor Berkeley Road, Williamsburg City, VA	US
S1-785727849	Vishvam Enterprise Pvt Ltd	Pune, Maharashtra, Pune, H No. 5061 Mother Meri Soc Wagholi Awalwadi Road	India
S1-364336090	EU Secure Bitcoin	11242 Carriage Hill Drive, New Carlisle, OH	US
S1-814601377	Clear Learning Labs LLC	34 Johnson Avenue, Blairsville, PA	US
S1-416520778	Golden Gold Services	Plot No 26 & 26A Roz Ka Meo, Industrial Area, Phase-I, Sohna, Mewat, Haryana	India
S1-563272438	Sai Jain Management Limited	8/250 Mahadev Nagar, Near Hr College, Ahmadabad, Ahmedabad, Gujarat	India
S1-285278154	Twisted Ice Cream	Unit UNIT 201, MT, 700 Haggerty Lane, Bozeman	US
S1-978097437	Valley Institute	2200 Lewis Avenue, Unit APARTMENT 103, Zion, IL	US
S1-447909505	Indian Energy Limited	2027/7, 2Nd Floor, Chitra Gupta Road, Chuna Mandi Pahar Ganj, New Delhi, Central Delhi, Delhi	India
S1-105149282	Linda's Pet Care	18 Main Street, Plainville, CT	US
S1-747705086	Gujarat Realty LLP	110, Inderprastha Tower Wazirpur, Delhi	India
S1-798239792	Quality Biomedical Global PLLC	23320 122, Melvin, KY	US
S1-125687146	Lotus Developers Pvt Ltd	2Nd Floor, Thirugnana Sambandar Street, Ram Nagar North, Madipakkam, Saidapet, Plot No.42, Tamil Nadu, Kanchipuram	India
S1-342698190	St. Methodist Church PLLC	111 Cherry Street, Unit 4, Normal, IL	US
S1-204835412	Ashlee Lewis Hall LLC	2715 Hanley Road, Fl 0, Saint Louis, MO	US
S1-291767532	Swastik Estate Limited	Ground Floor Shop Plot No-9/1, Kh No 48/16 Krishna Enclave Block A, New Delhi, South West Delhi, Delhi	India
S1-208047438	H.S.R Layout Service Private Limited	No.7, 17Th Cross, 7Th Sector, H.S.R Layout, Bangalore, Karnataka	India
S1-667439846	Jain Consultancy Private Limited	3-A, Agrawal Nagar, Indore, Madhya Pradesh	India
S1-754201992	Rediex LLC	Cle Elum, WA, 380 Morning Dove Lane	US
S1-661098344	Aditya Infra Limited	3Rd Floor, Room No - 6, Jugal Asha Apartment, Charakdanga, Barasat, Kolkata, Kolkata, Howrah, West Bengal	India
S1-296523023	Lonet Intercontinental	192 Indian Mound Circle, Unit APT 1, Jacksboro, TN	US
S1-32558883	Bender Silver Carlyle	445 11th Street, Baxter Springs, KS	US
S1-822296117	Roberts Continental Lafayette Clinic	25 Yellowstone Trail, Livingston, MT	US
S1-400221022	Natural Frp Pvt Ltd	Hyderabad, Telangana, Plot No: 168/A, Mla'S Colony, Road No: 12, Banjara Hills	India
S1-858827076	Direct Constructions (India) Private Limited	Flat-9, Chembur Union Park Plot No. 13, Trilok Kapoor Marg, Opp Ashok Kumar Tower Union, Park, Chembur, Mumbai City, Maharashtra	India
S1-996892533	Keystone Chesapeake	56 90th Street, Leon, KS	US
S1-226268723	Kimberlee Johnson Bold LLC	333 Edgewood Road, Salem, IL	US
S1-347681347	Devaksh India Private Limited	2759, Gali Ram Roop, Main Bazar Subzi Mandi, New Delhi, Central Delhi, Delhi	India
S1-50344703	Surgical Care Associates Inc	430 Steeplechase Trail, Bldg 30X40, Spencer, NC	US
S1-601964813	Roopendra Media Private Limited	P. O. & Village: South Jhapardaha Domjur, Howrah, West Bengal	India
S1-690367576	Keck Equity of Midwest City	1250 Air Depot Boulevard, Unit APARTMENT 113, Midwest City, OK	US
S1-856390551	Premier Wellness International Inc	560 Halstead Avenue, Unit Apartment 3D, Harrison, NY	US
S1-685556943	RI Oak Inc	105 Arabian Circle, NC, Beulaville	US
S1-317914331	Markland, Dionne & Duval PC	1717 Harvey Lane, Denison, TX	US
S1-151727373	Rozelle Palomares Hancock Inc.	5237 14th Way, Phoenix, AZ	US
S1-106966123	Ujjaya Merchandise Ltd	C/O K.Vinodini, Kappachery, House Vijaya Flower Mil, Kannur, Kerala	India
S1-494395836	Indian Foods Limited	Mumbai City, Vedanta, 779 Makwana Road, Off Kurla Andheri Road, Marol, Andheri (, East), Maharashtra, Mumbai, 402	India
S1-644972484	Blue Ministries	1931 3rd Avenue, WA, Seattle	US
S1-968115178	Helio Trading Limited	66, Braun Field Row, 2Nd Flr. S/E, Kolkata, Kolkata, Howrah, West Bengal	India
S1-405942277	Bravo & Taylor Micro	4648 Green Forest Court, Mobile, AL	US
S1-671439641	Chrystal Acosta Choice Resources Inc	208 8 Street, Frankfort, KS	US
S1-148802034	Citadel	803 Cushing Street, South Bend, IN	US
S1-845546791	Gonzalez City LP	2227 25th Street, Anderson, IN	US
S1-463879518	Wilkerson Barclays LLC	N16474 26th Avenue, Town Of Armenia, WI	US
S1-598852387	Municipals	140 Drivers Lane, Unit 4, Gallatin, TN	US
S1-979104856	IB Builders LLP	C/O. Podarbinda Panda, Word No. 02, House No. 314, Ichhabatiguda, Orissa, Nabarangpur	India
S1-44632418	Robinson Biomedical LLC	14845 Hunters Drive, Beaverton, OR	US
S1-643886636	K/U Group Inc	3815 Saint Victor Street, Baltimore, MD	US
S1-599041433	Vaayuesh Epc Ltd	D/704, Suyog Lehar, Kondhawa Bk, Haveli, Pune, Maharashtra	India
S1-177182415	Vijay Investments Private Limited	House Number 21, Ward Number 3 Kema Marg Dl 00404 Maharajpur, Maharajpur, Chhatarpur, Madhya Pradesh	India
S1-499709068	Cure Hair Studio, Inc	1321 Alexandria Pike, Unit APARTMENT A207, Fort Thomas, KY	US
S1-427574111	Pranya Digital Private Limited	Plot No 4 And 5, Flat No 104, Block B, Kavuri Supreme Enclave, Kavuri Hills, Shaikpet, Hyderabad, Telangana	India
S1-136179667	Bluff City Eye Ridge Center LLC	484 Jonesboro Drive, Bluff City, TN	US
S1-798312676	Vision Impex Private Limited	Flat No - 003, B-23, R N B Bldg, Anand Nagar, Dahisar East, Mumbai, Maharashtra	India
S1-677172368	Polaris Financial LLC	22505 Homestead Lane, Sun City West, AZ	US
S1-717397629	Global Network Dynamics LLC	459 900, City Of North Salt Lake, UT	US
S1-34844029	Saor Assets LLC	30044 State Highway 38, Marshfield, MO	US
S1-170934192	Sears, Paola G., L.C.S.W.	614 1st Avenue, Spencer, IA	US
S1-908945602	Jones Finance Inc.	821 Vogt Lane, Unit Apartment 12, City Of Chilton, WI	US
S1-794894976	Gb (India) Education Pvt Ltd	Gujarat, A2 Suda Awas, Dumas Road, Surat, 205	India
S1-93364669	Hoff Software LLC	1053 Emily Lane, Jefferson City, MO	US
S1-370752441	Fresh Esports	7860 Wheatfield Drive, Frankfort, IL	US
S1-982267642	Eye Rocky Physicians Inc	14620 Shannon Parkway, Unit Unit 201, Rosemount, MN	US
S1-764234045	Falcone, Garza and Ye	6811 Hillmont Drive, Dallas, TX	US
S1-975800177	Midwest Capital LLC	2182 Meadowview Loop, Semmes, AL	US
S1-836404791	Aanchal Technologies Clinic	G-40 Ashok Vihar Phase-1, Delhi, North West, Delhi	India
S1-16669725	Asansol & Brothers Pvt. Ltd.	No. 33, Kh.O.1360, Kothnur Village Uttarahalli Hobli, Bangalore, Karnataka	India
S1-705845296	Vijay Buildtech (India) Private Limited	212, Tapi Arcade, Opp, Aastha Medicare, Abrama, Chorasi, Surat, Gujarat	India
S1-35316102	Macken Holding Company	2621 Preston Street, Baltimore, MD	US
S1-358359507	Best Tirupati Foundation	Dno:6-35/D, Eluru Road Ghantavari Gudem, Nallajerla Mandal, Nallajerla, West Godavari, Andhra Pradesh	India
S1-260215069	Ocean Traders Pvt Ltd	205, Mayuri Manasa, Dutch Laout, Visakhapatnam, Andhra Pradesh	India
S1-183966410	Odele Fricker Keystone All	956 Ardiano Avenue, Tontitown, AR	US
S1-848733132	Hooghly Energy Ltd	9, Kumirjala Road Mullickpara, Hooghly, West Bengal	India
S1-68028659	Buia	1703 Glenbridge Road, Bloomington, IL	US
S1-267774485	Rocky Center	35 California Avenue, Quincy, MA	US
S1-103076340	Smart Green Jersey LLC	106 Forsyth Drive, Chapel Hill, NC	US
S1-91229135	Pawan Pharmaceuticals Clinic	Bangalore, Chikkatogur, Bangalore South, Karnataka, #No 9 K No 95/121	India
S1-317354694	Brockman Music Corp	15896 State Rte 247, Seaman, OH	US
S1-556182325	Ramirez & Gray LLC	6513 Hunters Path, Cary, IL	US
S1-421464868	Upper Cascade Hall Group	57 Windsor Drive, Belleville, IL	US
S1-32868848	Interstate Atlas LLC	Unit 8207, GA, 600 Garson Drive, Atlanta	US
S1-357837082	Rappaport Open Inc.	215 Elm Street, Fl 0, Alvord, TX	US
S1-846021491	Om Finance Limited	1046/22, Thiruvalluvar Streetkaladipet Madras, Kaladipet, Madras, Chennai, Tamil Nadu	India
S1-526994697	Crestline LLC	324 Osborne Avenue, Catonsville, MD	US
S1-399389273	Inga's Family Practice	130 Degeorge Circle, Unit Unit 2, Greece, NY	US
S1-885262609	Unified Colonial Mckinley	224 Stagecoach Drive, Jacksonville, NC	US
S1-332792664	Tri-State Dental Associates LLC	3026 Center Street, Cedar Falls, IA	US
S1-879043765	Avantika Solar Private Limited	43, Anand Deep Building City Centre, Gwalior, Madhya Pradesh	India
S1-580182294	Sunrise Technologies Private Limited	Plot No.17/2 B Kashi Kunj, Adarsh Nagar Gwarighat, Jabalpur, Madhya Pradesh	India
S1-255528432	Physical Therapy Preferred Medicine Inc	110 Westchester Court, Lenoir City, TN	US
S1-386805796	Morris Diamond Airport	6313 Queen Road, Plymouth, IN	US
S1-900348060	Ironclad LLC	Portland, 15274 Moresby Court, OR	US
S1-781760071	Desert Desert Steel LLC	1382 Honeysuckle Lane, Fl 1, Chandler, AZ	US
S1-19333681	Rocky Cardiology LLC	411 Brown Street, Nicholasville, KY	US
S1-550182872	Mumbai State Ltd	133 A Ramkrishna Sadansion W, Mumbai, Mumbai City, Maharashtra	India
S1-53064564	Consultancy Research Ltd	No. 158, 8Th Main, 1St Cross, Btm Layout 1St Stage, Bangalore, Karnataka	India
S1-107975488	Redox (India) Ventures Private Limited	19, Shiva Colony, Opp. Dharsen Smarak Haribahu Upashayay Nagar Extention, Push, Kar Road, Ajmer, Rajasthan	India
S1-518796759	Marston Signature Oneim LLC	2804 Emporia Avenue, Unit APT 1309, Wichita, KS	US
S1-665436028	Cooley Animal Hospital Co	2017 Jefferson Avenue, Huntington, WV	US
S1-363891914	Soares Spacsphere	900 34th Street, Bismarck, ND	US
S1-492556063	Morris, Harris and Miller Inc	3565 Route 66, Badger, AK	US
S1-761600598	Maid Tavern	237 Irvin Avenue, Hagerstown, MD	US
S1-325654285	Sampada Constructions Private Limited	C/O Bhaga Ram, House No 1 Naiyo Ki Dhani, Gaon Rohili, Barmer, Rajasthan	India
S1-765188725	Hoffman & Collins	331 Funston Avenue, New Carlisle, OH	US
S1-260969714	Family Medicine of Mountain Home, Inc	1488 9th Street, Mountain Home, AR	US
S1-329211620	Royal Builders Limited	H. No.- 91, First Floor, Block-F, Pkt Sec-11, Near Power House, Rohini, Newdelhi, New Delhi, Delhi	India
S1-612484899	Physical Therapy Care Associates Center	1168 Mere Point Road, Brunswick, ME	US
S1-870589169	Delgado Dbdr LLC	106 Westwood Drive, Troup, TX	US
S1-452061250	Vilas Engineering Private Limited	21/4656, Ansari Roaddaryaganj, New Delhi, Delhi	India
S1-199481393	Action Engineering Private Limited	2Nd & 3Rd Floor And Terrace Of The Plot No-B-711, Sushant Lok Phase-1, Dlf Qe, Gurgaon, Haryana	India
S1-545210421	Raj Industries LLP	Near Park, Delhi, New Delhi, H.No.60 Ground Floor Shreshtha Vihar, New Delhi	India
S1-895547640	Lite Services LLP	Door No 809E, Panchami Complex Perumpilavu Po, Karikkad, Thrissur, Kerala	India
S1-991594397	Pinnacle Empire Air	135 Main Street, Unit Unit 1, Fairport, NY	US
S1-648454424	Devaksh Services Limited	H. No. 12-13, Gopal Park Krishna Nagar, Delhi	India
S1-327425253	Sanchez and Bustamante Newbury	3015 Sheridan Drive, Amherst, NY	US
S1-303755060	Seven Beverages	New Delhi, Delhi, New Delhi, T/F, Sadh Nagar, Palam Colony, Gali No-9, Wz 56A/1	India
S1-482014426	Genius Brothers Pvt Ltd	2Nd Floor, Plot No. 4, Minarch Tower, Sector-44, Haryana, Sector -45, Gurgaon, Haryana	India
S1-638016430	Vision Group	OH, Killbuck, 186 Grover Street	US
S1-92152516	Classic Logistics Enterprises LLC	WI, City Of New Berlin, 3365 Jeffers Drive	US
S1-845829210	Infinite Research Limited	H.No 8-2-293/82/J/B/60, 1St Floor Journalists Colony, Shaikpet, Hyderabad, Telangana	India
S1-383993818	Janeva Sprague Oaktree	273 Old Market Road, Burlington, WV	US
S1-101352059	Abner Metro Cargo LLC	NC, Greensboro, Unit 301, 1502 Arctic Fox Circle	US
S1-487911894	Hopkins School of Medicine	NC, Waynesville, 23 Happy Lane	US
S1-769722635	Department of Sanitation	5219 53rd Avenue, Fl 1, Lacey, WA	US
S1-217486040	White Transportation LLC	14328 Desierto Bueno Avenue, Horizon City, TX	US
S1-141031026	Rvk Solutions Private Limited	Delhi, New Delhi, 1093/48-1Asant John Church Compound Mehrauli, South Delhi	India
S1-807846704	Universal Creative Technologies	10907 Massasoit Avenue, Chicago Ridge, IL	US
S1-379642285	Biharsharif India Private Limited	Residence Of Sri Ajay Kumar Gupta S/O Late Hira Lal, Mohalla - Sakunat Kal, An, Biharsharif, Nalanda, Bihar	India
S1-29746742	Rodriguez Amc L.L.C.	348 Washington Street, IN, Laurel	US
S1-389472722	Heartland Hall	KY, 222 Emory Branch, Maloneton	US
S1-269927630	Nelson Custom Btc LLC	1025 568, Coleman, TX	US
S1-923492674	PH Empire Douglas LLC	AZ, Tempe, Unit 1324, 1001 Playa Del Norte Drive	US
S1-796469414	Gujarat Trading Private Limited	Gujarat, Ahmedabad, Ma.Meghiba Row Houses, B/H.Asharam Ashram, Gandhinagar Road, 15/B	India
S1-219801000	Colonial Invesco, LLC	7924 Farnell Way, Sacramento, CA	US
S1-763178627	Caldwell, Stephens & Morgan Brc LLC	756 Macarthur Avenue, Texarkana, TX	US
S1-209669739	United Investments Private Limited	Office No -03, First Floor, G-69 Sector-63, Noida, Gautam Buddha Nagar, Uttar Pradesh	India
S1-418033957	Barabanki System Private Limited	Barabanki, Uttar Pradesh, Civil Lines, Barabanki	India
S1-225984658	Alaine's Fitness	4117 Wetzel Avenue, Cleveland, OH	US
S1-923089955	Faridabad Tango Private Limited	F-1726, Sainik Colony, Block A, Sector 49, Faridabad, Haryana	India
S1-800657767	Ram Systems Private Limited	Sp 152, First Floor, 4Th Lane, 1St Main Road Ambattur Industrial Estate, Chennai, Tamil Nadu	India
S1-734634783	Star State LLC	711 Laurel Creek Rd, Sugar Grove, NC	US
S1-793447671	Integrated Unified Auto Repair LLC	8082 Armiger Drive, Fl 0, Pasadena, MD	US
S1-746083627	Zadyne LLC	Sacramento, 3312 Churchill Road, CA	US
S1-136329156	Baba Care Pvt Ltd	No.43, Vgn Mahalakshmi Nag, Iiird Main Road, Poonamallee, Tiruvallur, Tamil Nadu	India
S1-429312208	Uptown Seafood LLC	740 Zion Chapel Road, Hiddenite, NC	US
S1-639870859	Eye Partners LLC	MD, 1422 Broadway Road, Lutherville	US
S1-106444962	Pinki Luxe Private Limited	5/402, Krishnasthal Abheer Chs Ltd Mira Village, Ghodbunder Road, Mira Road, (E), Mumbai, Maharashtra	India
S1-414888397	Star Foundation Private Limited	Grd Floor, The Landmark, No 28, Assaye Road, Bangalore North, Bangalore, Karnataka	India
S1-842494421	Lim Family Office	3509 Tierra Fertil Drive, City Of El Paso, TX	US
S1-350094757	Cornerstone Infrastructure Concepts Corp	Raleigh, 206 Knowles Street, NC	US
S1-641639353	Aditya Jewellers Private Limited	B 41A, Vishwas Park, New Delhi, West Delhi, Delhi	India
S1-886467591	Alvarado, Harris and Jensen	5 Justin Drive, Norwalk, OH	US
S1-942704353	Foot & Ankle Center	711 2nd Street, Bryant, AR	US
S1-333095127	Halcyon Crown LLC	2149 Hill Crest Drive, IL, Highland	US
S1-354233325	West Fortune LLC	Gaithersburg, 59 Swanton Mews, MD	US
S1-458279858	Holly Abacus Inc	117 6th Avenue, Naperville, IL	US
S1-730790537	Pioneer Business Private Limited	D.No.5-5-35/54/1B, Plot No.205 Prasanthi Nagar, Idpl, Kukatpally, Hyderabad, Rangareddy, Telangana	India
S1-894049089	Swastik Marketing	1301, 13Th Floor, Peninsula Business Park, Tower B, Senapatibapat Marg, Lower Parel, (West), Mumbai, Mumbai City, Maharashtra	India
S1-921795519	Economic Development Project II LLC	71555 59, Little River, AL	US
S1-132096549	Axis & Co	1 Ramkrishna Niwasparathana Samaj Road Vile Parle (E), Mumbai, Maharashtra	India
S1-76992312	Spain Produce Corp	2342 Glenmont Circle, Silver Spring, MD	US
S1-467885239	Moravue Ares LLC	416 Trinity Lane, Reedsport, OR	US
S1-102422131	Mountain Bright Metlife L.L.C.	927 14th Street, Cloquet, MN	US
S1-507732665	Commodities Homes Private Limited	Plot No. 9 Vikalp Khand, Gomti Nagar, Lucknow, Uttar Pradesh, Lucknow	India
S1-978069776	Safe Preferred Crown	3123 Reynolds Avenue, Dallas, TX	US
S1-70461488	A/O Scuti Inc	1131 Hermoso El Sol, Alamogordo, NM	US
S1-18276231	KH Specialists	2114 422, Ranier, MN	US
S1-812823372	Mireielle's Security	10648 Michigan Avenue, Chicago, IL	US
S1-340324382	Smart Agricultural Alliance, LLC	5461 4100, Roy City, UT	US
S1-445268029	FD Digital Associates	Plot No. 71 Ishanika Town, Raypur Bhitauli, Ramnagar, Barabanki, Uttar Pradesh	India
S1-852715012	Micon & Brothers Associates	3Rd Lane Shivpuri, Katihar, Bihar	India
S1-945473328	Juliana Dekle Blue Polestar Inc	578 Hillside Avenue, Patton Twp, PA	US
S1-477515156	Aksha Trading Pvt Ltd	Gurgaon, Dlf Phase 5, Sector 43, Golf Course Road, We Work Dlf Two Horizon Centre, Dlf Qe, Haryana	India
S1-372076691	ARJ Deli LLC	13665 Highway 18, Bolivar, TN	US
S1-965524997	Campbell Property Solutions	25 Crimson View Drive, Sedona, AZ	US
S1-246360451	Prime Centurion LLC	1016 Dresden Meadow Court, Cary, NC	US
S1-330996341	Dunn Custom Chemical	2529 Trojan Drive, City Of Green Bay, WI	US
S1-773387688	Best Producer Limited	Khasea No 38 Lane No 1Dabri, Delhi, New Delhi, West Delhi	India
S1-766097167	Emerson Silver LLC	AZ, 3500 Chemehuevi Boulevard, Lake Havasu City	US
S1-967724835	Jagsakti (India) Infotech Co	Mumbai, Maharashtra, 301 Elphinstone House 17Marzban Rd Fort Opp Sterling Road	India
S1-278523742	Cherry & Co Co	202, Gurukrupa Apartments, Paryawaran Nagar, Somalwada Square, Wardha Road, Nagpur, Maharashtra	India
S1-843651840	Fry Grand Bread	901 Main Street, Bedford, IA	US
S1-540804826	Mccabe Nuclear PC	7204 17, Pollocksville, NC	US
S1-271285544	Vision Constructions Private Limited	111/B, Ptm Mill Compound, B/H Narol Court, Narol, Ahmedabad, Gujarat	India
S1-912293369	Surgical Interstate Group	1000 Walden Creek Trace, Unit 29-2G, Spring Hill, TN	US
S1-157633405	Vina Jones Quantum P.C.	730 Quarry Road, Trivoli, IL	US
S1-388041707	ED Horizon Arts LLC	Dundalk, MD, 1616 Gray Haven Court	US
S1-752146223	Vargas Trust LLC	TN, Talbott, 2412 Eva Street	US
S1-632265262	Ndr Rajdeep Ltd	Rajiv Swagruha Sahabhavana Town, Sh Bandlaguda, Hayathnagar, Hyderabad, Telangana	India
S1-57714624	Physical Therapy Apex Care LLC	4108 Charity Farm Court, Virginia Beach City, VA	US
S1-234496835	Muzaffarnagar Agro Limited	C/O Chanderpal, Vill: Sohanjni Ghatayan, Muzaffarnagar, Uttar Pradesh	India
S1-210403116	Pioneer Industries Private Limited	Zirakpur Kalka Highway Opposite Maharani Regency Hotel, Punjab, Zirakpur, Patiala	India
S1-586956467	Advanced Marine Worldwide L.L.C.	502 950, Springville, UT	US
S1-803840711	Cozy Pub!	TX, Kyle, 136 Fall Creek Drive	US
S1-242951025	Pediatric Dental Vanguard Medicine	1090 Mt Horeb Road, Oakvale, WV	US
S1-573706294	Awesome Projects Private Limited	Chennai, Tamil Nadu, Chennai, No 107 Pondy Bazzar Thiyagaraya Road, T Nagar	India
S1-5533538	Srk Traders Private Limited	Ff Kh No. 42, 43, 44, Vipin Garden Extn. Near Gali No. 34, Delhi, Plot No. G-1, West Delhi	India
S1-942252068	Polaris LLC	14637 Labrador Avenue, Fontana, CA	US
S1-74060985	Mayo Family Practice	1066 Wellington Road, IL, Waukegan	US
S1-813196491	Kline Manufacturing LLC	3260 State Rte 141, Gallipolis, OH	US
S1-888475509	Precision Frontier Estate LLC	80 Mary Catherine Circle, Windsor, CT	US
S1-574873538	Monarch	8 Bay View Terrace, Unit Apartment 2, Newburgh, NY	US
S1-34763037	Sopan Advisors	No.49, Chennai, Ganapathypuram 3Rd Main Road, Tamil Nadu, Pallikaranai	India
S1-711051679	Bright Tattoo	N10776 K, Loyal, WI	US
S1-310827934	Desert Hennessy City Of Onalaska Inc	WI, 1007 Terrace Drive, City Of Onalaska	US
S1-234129982	Samples & Sheldon	3824 Clayton Street, Baton Rouge City, LA	US
S1-897903318	Prime Sky	4 Section A Road, High Point, NC	US
S1-222348540	Associated Marketing Products LLC	14729 Las Brizas Lane, Sun City West, AZ	US
S1-424050882	Ram Foods LLP	Haryana, Cabin No.1, 2Nd Floor, Sector 16, Panchkula, Sco No. 18, Panchkula	India
S1-309685378	Shaughnessy and Brown LLC	MN, Winona, 25244 15	US
S1-79508368	Shyam Investment Private Limited	T C 84/384 (1), Enchakkal, Thiruvananthapuram, Thiruvananthapuram, Trivandrum, Kerala	India
S1-100691855	Complete Siddhi	NY, 16 Ronnie Lane, Chili	US
S1-711391288	Behnke Meridian LLC	3457 Nathaniel Brown Street, TX, Houston	US
S1-629810901	N+ Rare Inc	52 Coalstone Court, Dover, DE	US
S1-476032232	Orthopedic Clinic LLC	Gloucester County, 9601 Rowes Point Road, VA	US
S1-838701663	Allied Creative Cafe Inc	314 Church Street, Walhalla, SC	US
S1-734004067	Indo Business Pvt Ltd	24A Bagmari Road, Kolkata, Calcutta, West Bengal	India
S1-207205752	WOO Cola Inc	TN, 1416 Honeysuckle Lane, Clarksville	US
S1-914281895	Sun Consultancy Private Limited	S No. 2/3B/2, Shree Ram Appt., Devaki Nagar, Daund, Pune, Maharashtra	India
S1-779770033	Champion & Brothers Private Limited	C/O Archana Kumari Ambesh, Kumar Singh A2/13 2Nd Fl, South Delhi, Delhi	India
S1-238175541	VWQ Brookfield LLC	Unit Apartment 1, 52 Losson Road, NY, Cheektowaga	US
S1-841376780	Anand Investments Private Limited	Flat A/2, 1004, Samarth Enclave Vip Road, Surat, Gujarat	India
S1-654341375	All Engineering Pvt Ltd	S No 9 To 14Flgitt 5A 0804 Godrej Infinity 5A Haveli Pune Mundhawa Nv, Pune, Maharashtra	India
S1-440366196	First Trading	Thane, Plot No.59 Sector 11, Cbd Belapur, Maharashtra, Office No.B-313	India
S1-397122489	Kris Mcclaran, O.D.	1050 Park Avenue, Unit 710, Carrollton, TX	US
S1-739355864	Moller Cardiology LLC	1621 Laird Avenue, Salt Lake City, UT	US
S1-198974746	Cardinal Inc	170 S Common Street, Unit 501, Lynn, MA	US
S1-600604729	NX Pharmaceuticals Pvt. Ltd.	H.No.20 Tulsigardens Yapral, Secunderabad, Hyderabad, Telangana	India
S1-561341312	Balaji Investment Private Limited	Plot No. D-88 & D-90, Hyd, Telangana, Hyderabad, Jeedimetla	India
S1-901222364	Silver Grill LLC	834 A 300th Avenue County Road W, Town Of Bone Lake, WI	US
S1-18727616	Lumay Boral	1056 Belden Avenue, Akron, OH	US
S1-474687990	Vega Zeo	9401 550th Street, Colchester, IL	US
S1-952801744	New Delhi Entertainment Associates	M-53/54 Street No. 5 New Mahavir Nagar, New Delhi, Delhi, New Delhi	India
S1-137389819	Ryan Andretti	4880 King's Peak Road, Rio Rancho, NM	US
S1-595993633	ZJ Realtors Private Limited	274, G/F, Shop No-2, Masjid Moth, New Delhi, South Delhi, Delhi	India
S1-870502378	Zephium For Clinic	223 Quail Acres Drive, Stokesdale, NC	US
S1-198252993	Pelais Continental Engineering LP	1529 Morrow Street, City Of Green Bay, WI	US
S1-259886598	Memphis Technologies Inc.	1914 Lyndale Avenue, Memphis, TN	US
S1-710226045	HL Grade Corp	Unit APT 403, 2621 Emporia Avenue, KS, Wichita	US
S1-662264524	Cummings Safety LLC	West Des Moines, 404 Vine Street, IA	US
S1-434518777	Oncology Choice Health PLLC	1245 6th Avenue, City Of Wausau, WI	US
S1-98989002	Baba Gujarat Producer Private Limited	Plot No. 3A/2 P, Ida Ph 1, Cherlapally, Uppal, Hyderabad, Telangana	India
S1-253292973	Horne Precision Mitsubishi	2655 De Armond Drive, Corvallis, OR	US
S1-579478756	Zephyr, Inc	502 Flora Vista Court, Arlington, TX	US
S1-498966014	Tejam Distillery	C/O Smt Meena Devi, Naya Tola, Bahadurpur, Sampatchak, Patna, Bihar	India
S1-973304639	Good Finance	D-5, Gno 1, Khn 415, Sanjay Mohlla Bhajanpura, Near Saraswati School, Delhi, North East, Delhi	India
S1-154706683	Singh Xsolla LLC	1835 3rd Street, Gering, NE	US
S1-611365239	O 7 Green Fitness, LLC	647 White Pine Drive, Ozark, MO	US
S1-198632900	R 8 M Neuberger Inc.	9300 Perseverance Drive, Harrisburg, NC	US
S1-822338280	Interstate Fellowship	1849 73rd Street, Cleveland, OH	US
S1-806815016	Barb Moon, DDS Center	95 Broadway, Unit 2, Methuen, MA	US
S1-608665359	JE Abony	33 Besen Parkway, Airmont, NY	US
S1-906973556	Baltimore, Young and Whitfield Corp	115 Carver Lane, Limerick Township, PA	US
S1-890829541	Gujarat Producer Private Limited	Flat No 4143, First Floor Gali Shahtara, Ajmeri Gate Delhi, Delhi, Central Delhi, Delhi	India
S1-57721335	Brown and Boone Sony	215 Mimosa Lane, Rocky Point, NC	US
S1-5297540	Asset Building Fellowship LLC	NY, Lorraine, 4065 Loomis Road	US
S1-364084739	Slater and Tate LLC	314 Holly Blossom Drive, Durham, NC	US
S1-973290215	Gulf Ministries V Associates	WI, Village Of Weston, 5504 Jamar Street	US
S1-409065768	EG Advisors Limited	C-73, Kamdhenu Complex, Opp. Sahajanand College, Ambavadi, Gujarat, Ahmedabad	India
S1-744783712	Hanson Australian	1405 Gateway Boulevard, Unit 345, Forney, TX	US
S1-280910635	Inch Productions Private Limited	H.No. 4 78/1, Lokeshwaram Nirmal, Adilabad, Telangana	India
S1-415164434	Savant Trust	Salem, Chinnayya Complex, Five Roads, Omalur Main Rd, Tamil Nadu, Salem, D.384	India
S1-876550742	Miller and Hanson Inc.	6426 Overton Way, Unit 311, Charlotte, NC	US
S1-193616975	Mumbai Management Private Limited	Mumbai, 101, 1St Floor, Dol Bin S, Janmabhoomi Marg, Fort, Mumbai, Maharashtra	India
S1-654038920	Scholarship Fellowship LLC	516 Capricorn Street, Mission, TX	US
S1-550605615	2246 Church Plaza Associates	22711 Highway 169, Fort Dodge, IA	US
S1-958543863	Dental Medicine LLC	223 Hueneme Road, Oxnard, CA	US
S1-89774084	Ap Infocom Private Limited	14/307, Third Floor, Regency Appartment Johri Farm, Noor Nagar Extn., Delhi	India
S1-164446591	Indo Design Associates	Ahmedabad, Rajnagar Society, Nr.N.I.D., Paladi, Gujarat, 10, Ahmedabad	India
S1-477761993	Murray United Auto Repair	UT, Millcreek, 724 Nibley View Court	US
S1-846574110	Portland Federal Muzero	725 23rd Avenue, Portland, OR	US
S1-972150659	Goetz, Ingram and Howlett LLC	Goshen, 666 Sharon Turnpike, CT	US
S1-855854352	YSN Products Private Limited	Plot No-1745/4095, Kanan Vihar, Patia, Bhubaneswar, Khordha, Orissa	India
S1-665534311	Prater Ridge Cargo, Inc	136 Rich Circle, Franklin, TN	US
S1-465844393	Future Exports	Mumbai, 315 Damji Shamji Corporat, Mumbai, Maharashtra, Square, C Wing, Ghatkopar	India
S1-183273459	Conklin Horizon Highland LP	Unit APARTMENT  606, OK, 1521 78th Street, Tulsa	US
S1-156380173	Pacific Best Garden, Inc	363 Blue Spruce Road, Clinton, AR	US
S1-696168332	Rubio Global Etf LLC	Whitpain Township, 501 Kurt Drive, PA	US
S1-554906929	Ridge Aimei Inc.	316 White Spar Road, Prescott, AZ	US
S1-519272985	Garcia & Dawson, Inc	1016 Cote Lane, Missoula, MT	US
S1-221292843	International Builders Private Limited	A-203, Vikas Tower, Pvr Complex, Vikas Puri, New Delhi, Delhi	India
S1-620915993	Mumbai Management Pvt. Ltd.	A-6 5Th Road Midcandheri (East), Mumbai, Mumbai City, Maharashtra	India
S1-715642052	Ds Properties Private Limited	Ambika Kunj, 194D, Satin Sen Sarani, 3Rd Floor, Flat No. 31, Kolkata, Kolkata, Howrah, West Bengal	India
S1-669733316	Shivam Energy Private Limited	Barara, Haryana, City Dosarka Near Tata Agency Nh-344, Ambala	India
S1-775692598	Kalyan Creations Private Limited	Building No -5, Shop No-37, Mangeshi Paradise Nr Matoshree College, Kalyan, Thane, Maharashtra	India
S1-847307458	Global Ss Management Pvt Ltd	G.I.D.C, Shed-G 25, Gandhidham, Kachchh, Gujarat	India
S1-526485332	Star Ventures Limited	135, Prestige Royal Woods, Kismatpur, Rajendranagar, Hyderabad, Telangana	India
S1-923078753	Besontech Specialty LLC	2994 Quail Ridge, Akron, OH	US
S1-618098148	Oneal, Holoman and Ethridge	10 Hoot Owl Court, Keedysville, MD	US
S1-495351615	Raviya Solutions Private Limited	Ncc Urban One, Near Kokapet Orr Circle, Old Gandipet, Narsingi Road, Rangareddy, Telangana	India
S1-24909078	Crystal Global Lithium Inc	32 River Oaks Circle, Pikesville, MD	US
S1-148297070	Sandoval Harbors, LLC	5402 Lincoln Drive, Unit 216, Paradise Valley, AZ	US
S1-598280837	WR Internet	360 Eden Street, Buffalo, NY	US
S1-38821044	United Institute VI	TX, 413 Parsons Street, Manor	US
S1-456253258	International Projects Private Limited	Flat No. 271, F/F Dda Pul Prahlad Pur, New Delhi, South Delhi, Delhi	India
S1-293275428	Jupiter (India) (india) Group	B-14-15, Modi Tower Civil Lines, Jhansi, Uttar Pradesh	India
S1-91303667	Legend Valley Associates	No. 3/431, Chennai, Tamil Nadu, Chennai, Ganga Nagar, Madipakkam	India
S1-767945510	Elsa Gonzalez Xrp	450 Douglas Parkway, Unit Unit 110, Waukee, IA	US
S1-797372029	Orthopedic United Physicians	7401 Colony Road, Tolar, TX	US
S1-145730225	Obrien Mountain Towing Inc	2133 Partridge Place, Suffolk City, VA	US
S1-324486647	Silver Business Private Limited	C/O Ashish Chandiwal, Cts No. 2002/2 Ground Floor, Maheji Bazar, Navipeth, Jalgaon, Jalgaon, Maharashtra	India
S1-876102895	Physical Therapy Clinic	5208 Beacon Falls Drive, Fl 1, Columbia, MO	US
S1-726454300	Balaji Investments Private Limited	House No 1552 Landmark Kankiya Nagar Metro Station Ganesh Pura, Tri Nagar, Delhi, New Delhi, Delhi	India
S1-414944930	Rishiraj Partners Private Limited	C 104 Alaya Heights, Nr. Vandematram Fabula, Gandhinagar, Ahmedabad, Gujarat	India
S1-583688377	South Keystone Launchpad Inc	610 Sunset Avenue, Nixa, MO	US
S1-256655652	Asset Building Custom Fund	401 Clark Street, Franklin, KY	US
S1-504881467	Siify Talon LLC	1298 Kennebec Drive, Dawson, IL	US
S1-137848547	Nexniix Companies LLC	6 Kendall Court, Knox, NY	US
S1-664789697	Lolinet Inc	4417 174th Avenue, Omaha, NE	US
S1-330823632	Fleig Premier Rocky PC	14182 Pennock Avenue, Unit Unit 306, Apple Valley, MN	US
S1-891181764	South Choice Quasaredge LLC	856 Mason Lane, Des Plaines, IL	US
S1-703767121	Mountain Institute	5733 Spotswood Drive, Lyndhurst, OH	US
S1-300484538	Ear Nose & Throat Safe Care Group	1805 Convair Drive, Galloway, OH	US
S1-852122558	Prime Good Healthcare Private Limited	1St Floor Block B Road 14, Telangana, Hyderabad, Khairatabad, Sai Raghavendra Icon	India
S1-942782033	Sadar Bazar Consultantsprivate Pvt Ltd	J133D, Sec 63, Adani Samsara Vilasa, Sadar Bazar, Gurgaon, Haryana	India
S1-927634906	Upper Atlanta LLC	W7894 Keller Road, Town Of Evergreen, WI	US
S1-958113941	Swarnabhoomi & Brothers Private Limited	Shed No.1148, Bangalore, Westof Chordroad, Ii Stage, Opp:Avanishankarmutt, Maha, Karnataka, Lakshmipuram	India
S1-17199832	Siddhnath Trading Private Limited	Vijayawada, Andhra Pradesh, Krishna, 29-37-100, Eluru Road Opp: Vijaya Talkies, Surya Rao Pet	India
S1-166329389	Dermatology Innovative Specialists P.C.	1448 Saint Clair Avenue, Saint Paul, MN	US
S1-496495965	Lotus Life Food Private Limited	197/9, Flat No. 2L Sunshine Apts, Ambattur Puzhal Main Road, Kolathur, Chennai, Thiruvallur, Tamil Nadu	India
S1-443022811	Great Impex Limited	2-2-1130/8/A, Ii Floor Sivam Road, Opp Sbi Nallakunda, Hyderabd, Telangana	India
S1-661690541	G & A Special, LLC	1531 Mckinley Avenue, Rensselaer, IN	US
S1-871170634	Diehm Permian LP	Chesterfield County, 7806 Duntrune Drive, VA	US
S1-61487633	Mora Schmidt Creative Green	1803 Garden Avenue, Roswell, NM	US
S1-618980917	Alpha It	Maglam Aangan Villa Mahapura, Sanganer, Jaipur, Rajasthan, 133, Jaipur	India
S1-903379045	Guru Foundation Private Limited	9, A J C Bose Road, Kolkata, Kolkata, 4Th Floor, West Bengal, Howrah	India
S1-760945453	YN Development Corporation	Near Sweet Milan Hotel, G.T. Road, Bathinda, Punjab, Hari Singh Complex	India
S1-531727382	Rhoten, Truesdell and Little Select	43 River Road, New Portland, ME	US
S1-339001329	Shital & Sons Private Limited	C/O Amarnath Jaishwal Vill- Pratapganj, Jaunpur, Uttar Pradesh	India
S1-467172907	Prime Infrastructure Private Limited	36, Dakshineshwar Building, 10, Hailey Road, New Delhi, Delhi	India
S1-283231167	Juieta Ashby Duration LLC	650 Spring Oak Road, Unit 836, Camarillo, CA	US
S1-34608464	Patna Properties Private Limited	Flat No.102, Block-C, Khelari Heritage, Vishwesraiya Nagar, P.S. - Rupaspur, Bailey Road, Dan, Apur, Patna, Bihar	India
S1-960449899	Anand Exports Private Limited	201, Shanti Niketan Apartment Opp. Central Bank Of India, Navsari, Gujarat	India
S1-983946909	Division of Consumer Affairs	9279 Texas State Highway 11, Hughes Springs, TX	US
S1-128103702	Chandra (India) Network Pvt Ltd	Vasavi Residence, 2Nd Floor 2768, E Block, Sahakar Nagar, Bengaluru, Bangalore, Karnataka	India
S1-730428166	Best Infotech LLP	Gr Floor, Shop-G/7, S.N.S Interio, Near Cng Gas Station, Althan Road, Bhatar Char Rasta, Althan, Surat, Gujarat	India
S1-264081337	Arogya Health Private Limited	P N 3 Rampura Veshwar Roaddhabai Ji Ki Badi Post Sisarma, Rajasthan, Udaipur	India
S1-955130834	Flores Abony PLLC	129 Martin Drive, Manassas Park City, VA	US
S1-852064180	Pediatric Classic Clinic	36 Trent Lane, Manchester, TN	US
