source1_entity_id	matched_entity_ids
S1-965667	S2-681193310,S2-743505751,S3-775321672,S3-11291185,S3-860443364
S1-55344266	S2-249013014,S2-197070651,S3-478195123,S3-384364074
S1-343815751	S2-790675320,S2-479876582,S3-878454467
S1-656753428	S2-153058913,S2-24659151,S3-679606215
S1-102811957	S2-478959098,S2-553508714,S2-625774905,S3-728090388,S3-928796641,S3-449308785
S1-18727616	S2-755677256,S3-187831601,S3-641489370,S3-476250621
S1-318373630	S2-660036492,S3-804600254
S1-86989137	S3-274817120,S3-312496301
S1-29845983	S2-648035184,S3-588502663
S1-789009573	S2-383871912,S3-74481402,S3-576451439
S1-730934468	S2-356983532,S3-352439310
S1-7293388	S2-7028416,S2-442723188,S2-157073701,S3-523120965
S1-546142636	S2-487600131,S2-582477216,S2-392804085,S3-200008747,S3-729771680,S3-249331830
S1-274126313	S2-736616474,S2-680265918,S2-51486805,S3-925631694,S3-461175723,S3-850112871
S1-145361722	S2-120366543,S2-939389287,S3-96572514
S1-503957000	S2-994658326,S2-235117490,S2-353308450,S2-173295926,S3-858763214,S3-33665521,S3-555791452
S1-692000596	S2-580419223,S3-164220452
S1-561341312	S2-483615364,S3-619529814
S1-777597828	S2-836452886,S3-413669121
S1-282467635	S2-938895481,S3-138350041
S1-727602285	S2-976870196,S2-947230367,S2-23141904,S2-138660620,S3-204655096
S1-302869473	
S1-65263544	S2-881122703,S2-998270769,S2-180463458,S3-403476502,S3-102573485,S3-350074034
S1-840162906	S2-129529678,S3-800978181,S3-139858754,S3-762681944,S3-799520471
S1-264156494	S2-184087846,S3-562014765,S3-544213330
S1-567308588	S2-191200521,S2-964733072,S2-226928496,S3-595927967,S3-21806256,S3-764465670
S1-292935703	S2-195749344,S2-617410789,S2-516200703,S3-421403180,S3-942647343,S3-533626303
S1-439810025	S2-983636768,S3-975833735
S1-525304403	S2-815373751,S2-293401164,S3-477957595
S1-314714647	S2-968477409,S2-46909251,S3-837108914,S3-192802051
S1-616588883	S2-603899205,S3-200505774,S3-625680391
S1-72310418	S2-516305116,S2-11779506,S3-570980846,S3-731160199
S1-9962387	S2-15221089,S3-160760047,S3-13637230
S1-463669205	S2-301757320,S3-242940401
S1-116043204	S3-85523430
S1-818149988	S2-489380965,S2-178277614,S2-172270636,S3-965578558
S1-876102895	S2-358560681,S2-791711694,S3-949391374,S3-856057185
S1-262997549	
S1-730719211	S2-467798366,S2-61695240,S2-241456014,S3-951830396
S1-491795528	S2-910694348,S2-977672203,S2-707708907,S3-449254398,S3-751371369,S3-198224533,S3-746009250
S1-508022910	
S1-473377609	S3-433876173
S1-72444401	S2-973800896,S2-9053863,S2-472011237,S2-503949813,S3-505153321
S1-67172650	S2-555166797,S2-74945214,S3-251407198,S3-520282171,S3-776312267
S1-131928575	S2-316703436,S2-529222224,S3-504772212,S3-134620134,S3-849706696
S1-574308285	S2-961415907,S3-163492874,S3-875723263
S1-225984658	S2-581845376,S2-355430647
S1-842533642	S2-352625664,S3-764018977,S3-553570072,S3-429170537
S1-736418916	S2-458035790,S2-271186953
S1-439203009	S3-967165288
S1-686913759	S2-584238851,S3-247609615,S3-446980961
S1-666499407	
S1-731397769	S2-962774422,S2-184664253,S2-811548929,S3-170055411,S3-794611761
S1-518197819	S2-585132276,S2-891724637,S3-14411598
S1-957102563	S2-327669113,S2-763063986,S3-368033022,S3-944940220
S1-693111833	S2-540189532,S2-289199523,S3-736726288
S1-244810289	S2-63598201,S2-351044090,S2-506711361,S3-742580559,S3-975365926
S1-561619160	S2-453284266,S3-105824861
S1-989976700	S2-824832347,S3-231189391,S3-279440303
S1-553375105	S2-81940621,S3-150800481
S1-638848187	S2-189915219,S2-193652635,S2-720163352,S2-385237185,S2-2393709,S3-823200767,S3-860885625
S1-152222475	S2-449137844,S2-981487936,S3-933485363,S3-784413899,S3-486655756
S1-214010889	S2-911687989,S2-11418208,S3-601290834,S3-402934592
S1-161556164	S2-331524837,S2-709771917,S2-857236633,S3-729432354,S3-91054277
S1-965524997	
S1-145714579	S2-425820120,S2-372650368,S2-126729754,S2-555326071,S3-745131290
S1-136081707	S3-494852042,S3-198554090
S1-973290215	S3-925530888
S1-389414274	S2-24125756,S2-933610960,S2-149253287,S3-993901020,S3-443891409
S1-439955051	S2-647999183,S3-158696226
S1-432073164	S2-790103206,S3-520531285,S3-275007071
S1-540957762	S2-25924850,S3-103890437,S3-404440111
S1-790589419	S2-103997796,S3-46701641,S3-242226202,S3-213905796
S1-540645835	S2-718774116,S2-982374245,S3-705881096
S1-830177070	
S1-731542669	S2-939487122,S2-403134793,S3-576199259,S3-535243754,S3-988120505
S1-24234371	S2-472862697,S2-60388632,S3-669346845,S3-585251996,S3-345200400,S3-809956848,S3-864938817
S1-365634347	S2-368827389,S2-897093331,S3-105919096,S3-61389060
S1-170252930	S2-233855016,S2-844572537,S3-391969183,S3-228972158
S1-243930232	S2-950290299,S2-337942322,S3-338228632
S1-379863265	S2-4788127,S2-358206813,S3-607360095,S3-270031565,S3-840504567
S1-652339606	S2-731383297,S3-626670274,S3-946979261,S3-207339762
S1-816256578	S2-58277947,S2-772902621,S2-20898154,S2-598783662,S3-330087840,S3-545757502,S3-499852307
S1-550488938	S2-918671514,S3-772751614,S3-651095723
S1-502736054	S3-82080725,S3-537652714
S1-649259801	S2-654066445
S1-453879293	S2-166379583,S2-769320396,S2-301969165,S3-428197164
S1-927655670	S2-226884833,S3-769824375,S3-708159263
S1-26175016	S2-795484451,S3-606010619
S1-385608858	S2-635808285,S3-393804899,S3-212832942
S1-185938539	S2-456005244,S3-880695057,S3-379662508,S3-846884848
S1-654156225	S2-775493531,S2-200519662,S3-871798312,S3-855861296
S1-541270202	S2-657479988,S3-31133661,S3-425705194,S3-381852444
S1-551473015	S2-753820444,S2-6101812,S2-588779033,S3-601294315,S3-772633035
S1-894323554	S3-255052963,S3-813027057,S3-287932701,S3-634456456
S1-212509374	S2-997766473,S2-598327313,S2-682745911,S3-635162337,S3-238736316
S1-359440945	S2-683352932,S2-940771150,S3-75226047,S3-137202105,S3-20852064
S1-102422131	S2-743086829,S3-778505908
S1-862038247	S2-451274541
S1-781132420	S2-553335027,S3-439667182,S3-277822614
S1-295437535	S2-969740937,S3-651788103,S3-918259250
S1-247801289	S2-718026833,S2-752280842,S3-255051180,S3-690379551
S1-618246590	S2-955993024,S2-339477476,S2-981272489,S3-963717882,S3-901155265,S3-958161415
S1-539763792	S2-26500789,S2-912528411,S3-741223656,S3-643822684
S1-89774084	S2-198723291
S1-854952911	S2-138434584,S2-180445273,S2-598796961
S1-292900819	S2-935808193,S2-791548670,S2-285810778,S3-511058262
S1-531928114	S2-104952404,S2-127219034,S3-110146591,S3-754675415
S1-945578383	S2-158613473,S2-914824440,S2-277106942,S3-413656991,S3-434437783,S3-849412812
S1-591062600	S2-170048686,S2-478640391
S1-444476349	S2-870449054,S2-774179184
S1-652218682	S2-452604901,S2-327770765,S2-892578739,S3-203105144,S3-936092443,S3-47477041,S3-959486209
S1-929320417	S2-479796481,S2-275012701,S3-241909309,S3-384706486,S3-455011584
S1-900694722	S2-791270538,S3-755958654,S3-53196875,S3-602669802
S1-202262115	
S1-741937259	S2-767782635,S3-167906319,S3-902008087,S3-738890866,S3-196963273
S1-6107395	S2-664730773,S2-389381313,S2-472559214,S3-782470874,S3-658460246
S1-83647344	S2-951545019,S2-777713487,S3-383555916,S3-489977474,S3-248378176,S3-175231511
S1-307962633	S2-604871582,S2-22544434,S2-415653047,S2-885755783,S3-152251935
S1-971070058	S2-648948605,S2-204665869,S3-259186358,S3-997282939
S1-466277913	S2-799745101,S2-650875195,S2-600409962,S3-280749539,S3-24723125
S1-759513870	S2-806217659,S2-298789861,S2-464637188,S2-503211941,S3-757550366
S1-582619930	S2-458287334,S3-665736329,S3-267021268
S1-254440362	S2-593056234,S3-734943831,S3-418652375
S1-425631822	S2-426890506,S2-932399936,S3-577199638
S1-432931957	S2-596145832,S2-958761019,S3-981713396,S3-284924975
S1-730297501	S2-913826284,S2-498113879,S3-659628079,S3-142585297,S3-117378264
S1-891833169	S2-65554277,S2-25345424
S1-424976769	S2-18126063,S3-443109567,S3-296472077
S1-625699510	
S1-953694901	S2-798975705,S2-282116255,S3-5786446,S3-860481692
S1-604865181	
S1-793447671	S2-888569504,S2-895081043,S3-388747679,S3-325254367
S1-369720553	S2-736703322,S2-309368741,S3-439447419
S1-216137765	S2-190915441,S2-680612609,S2-410963764,S2-904465183,S3-818304481
S1-9455909	S2-646408552,S3-384632970,S3-393934040,S3-133372803,S3-609989467
S1-796816825	S2-347326271,S2-196975670,S3-896547694
S1-3006430	S2-181659751,S2-794710696
S1-922626199	S2-851752978,S3-286175400,S3-1218889,S3-564988957,S3-841777268
S1-862024840	S2-74265858,S3-187313683
S1-91229135	S2-73405606,S3-960685971,S3-776763819
S1-854284989	S2-580208171,S2-54609117,S3-676690737,S3-317013910
S1-446697179	S2-377640723,S2-922150401,S2-86619877,S3-142602324,S3-787413121
S1-996012175	S2-168466570,S2-269681023,S2-322555091,S3-153285717,S3-666964577,S3-522751192
S1-424050882	S3-37198119
S1-441851025	S2-794479832,S3-516789702
S1-894049089	S2-972003483,S3-841264731,S3-892940011
S1-683515854	S2-756250340,S2-434073238,S2-597139895,S3-145863982,S3-406939248
S1-297294757	S2-831679005,S3-802514980,S3-595893944,S3-17545461
S1-287953061	S2-423926954,S2-713716483,S3-161833863,S3-368347834
S1-635770223	S2-329661878,S2-117370496,S3-755529230,S3-52020616
S1-971813156	S3-394463058
S1-734355564	S3-111095129,S3-854314313
S1-477776195	S2-871236056,S3-723948056,S3-109807026
S1-821434436	S2-965836188,S3-869884588
S1-45260965	S3-722543767,S3-602719548,S3-339187428
S1-93741603	S2-535692078,S3-730249237,S3-981096747,S3-660744201,S3-782738358,S3-78873124
S1-472139199	S2-122544659,S3-403396329,S3-474761183
S1-247776121	S2-651967616,S2-867573251,S3-430990586,S3-422475598
S1-805056706	S2-155276085,S2-152730216,S3-538340664,S3-217277717,S3-786470510
S1-106072003	S2-699555547
S1-562378871	S2-164774900,S2-125217177,S3-361884466
S1-981013217	S2-133339848,S3-123466797,S3-967493646,S3-878103824,S3-204939280
S1-573706294	S2-20524568,S3-436229899,S3-694735964,S3-953602697,S3-626666235
S1-310827934	S2-720050181,S2-169546802,S2-186080711
S1-217362890	S2-764924647,S3-871408188
S1-879276752	S2-943394264,S3-570651750,S3-144339303
S1-921549539	S2-553145531,S3-483530074,S3-596285936
S1-906428444	S2-91790174,S2-321816304,S2-664348256,S3-932095902,S3-751767229,S3-129054940,S3-71002681
S1-505333132	S2-238550131,S3-551152157,S3-484968993
S1-88224713	
S1-136601270	S2-254817327,S3-449970897,S3-162285797,S3-311795383
S1-350234058	S3-90766911
S1-838355310	S2-351731497,S2-248722765,S2-58376459,S3-460098477
S1-155848476	S2-306873906,S2-911723717,S3-79854379
S1-156380173	S2-755422053,S2-905679603,S2-954495419,S3-713859403
S1-549559960	S2-848203707,S3-292200508,S3-231650119
S1-897282581	S2-522109781,S2-812189457,S3-747124468
S1-237739500	S3-679029492,S3-797828547,S3-148513444
S1-357837082	S2-236157315,S2-65680643,S3-245902676
S1-292603366	S2-757482340,S2-638471523,S2-805392241,S2-295843240,S3-77023816
S1-108246457	S2-463492748,S2-883950674,S3-838268095,S3-122500755
S1-727766958	S2-489771335,S3-262641232,S3-216771625
S1-719571188	
S1-646393119	S2-636746717,S3-433892033,S3-465583962,S3-886048349
S1-723966103	S2-399866773,S2-334991974,S3-73180305,S3-161755914
S1-76693096	S2-78074287,S2-160988895,S3-215540151
S1-967724835	S2-457310582,S3-682315461,S3-178777115
S1-288276341	S3-815540739
S1-887125153	S2-448398036
S1-304029686	S2-469411714,S2-948269515,S3-645171149,S3-270996986
S1-166609944	S2-429123768,S2-991673471,S3-91858577,S3-912252220
S1-178800424	S2-23183100,S3-900652028
S1-924630389	S2-143853453,S3-831568644,S3-10826619
S1-81771195	S2-338811924,S3-939808100,S3-616109
S1-403692077	
S1-745867296	S2-43113841
S1-671241040	S2-904226109
S1-557991692	S2-88682972,S3-176178171,S3-853727007
S1-8713989	S2-37189974,S3-58380591,S3-817876291,S3-588750081,S3-20459433
S1-945360052	S2-146961832,S2-768746975,S3-416879878,S3-993303669,S3-403273737
S1-555242352	S2-810626996,S2-253027494,S2-256698756,S3-884140951
S1-56911061	S2-689298806,S3-49524617,S3-632926404
S1-270043704	S2-807921453,S3-397763900
S1-477515156	S2-315095658,S2-154913443,S3-311437617,S3-979362679
S1-149024193	S2-186116098,S3-604630789
S1-625272950	S2-526399876,S3-618327131
S1-225124222	S2-686284157,S2-563632605,S3-512465987,S3-538964283
S1-754023472	S2-420202495,S3-176329043,S3-616793249
S1-302461695	S2-36747880,S3-420979078
S1-692219144	S2-974874434,S2-523089825,S3-560129335
S1-609996572	S2-40869239,S2-672443639,S2-190427009,S2-657417123,S3-262044007,S3-366128148
S1-236768477	S2-490929782,S2-765988280,S3-135901754,S3-40245970,S3-103597021
S1-86469552	S2-328039185,S3-220000395,S3-918163916,S3-479224552
S1-238175541	S2-558978413,S3-542988034,S3-905308312
S1-849670817	S2-110881580,S2-620496053,S2-414936885,S2-151920731,S3-188936373,S3-57849762,S3-32572135
S1-445868199	S2-872518576,S3-527067015,S3-924959775
S1-289512402	S2-547617311,S3-89827315,S3-145008714,S3-866244606
S1-842582339	S2-718008063,S2-332783247,S3-517179359,S3-923995241,S3-789259677,S3-84822830,S3-455248213
S1-54193164	S2-414539794,S2-434257717,S2-676269902,S3-687331533,S3-486621278
S1-508701481	S2-712560178,S2-316212039,S2-1173491,S3-444227012
S1-38836424	S2-589094691,S3-881605497,S3-112223799
S1-888185705	S3-521406491
S1-298796171	
S1-65040114	S2-66755406
S1-485414585	S2-333748173,S3-122687142,S3-730989427,S3-425803841
S1-994893973	S2-203258493,S3-360939675
S1-140763859	S2-672232195,S2-952678608,S3-912364563,S3-998314844
S1-705293979	S3-967828286
S1-618624562	S2-160477274,S2-961810110,S2-14084129,S3-441239023
S1-997802413	S2-261550171,S2-926905985,S3-317367352,S3-720276770,S3-440432997
S1-679550141	S2-876234727,S2-803016719,S3-937330852,S3-805670560,S3-712537949,S3-300368164
S1-73533983	S2-48233411,S2-99841727,S3-785488951
S1-139001469	S2-94756237,S2-44497918,S3-207399315
S1-472424906	S2-221481547,S2-814158570,S3-346286668,S3-257476923,S3-869369045,S3-386776122
S1-849274176	S2-34421487,S2-769215892,S2-780835769,S3-168674505
S1-759418496	S2-924496535,S2-971927879,S2-738948758,S2-622075002,S3-995238469
S1-776686932	S2-667655982,S2-200619743,S3-653415229,S3-675413406
S1-61094929	S2-300149849,S3-681449520,S3-899083547,S3-728538969
S1-482246278	S2-715957744,S3-576586964,S3-409374685,S3-320053472
S1-660909577	S2-290734878,S2-367610025,S2-445772691,S3-775037416,S3-49358837
S1-873415495	S2-930302127,S2-447283628,S3-264890869
S1-887286027	S2-419080910,S2-194799692,S3-879493126,S3-691429700
S1-935335906	S2-577689878
S1-115827165	S2-537593145,S3-655137558,S3-27891438,S3-494929490,S3-407678354,S3-153172012
S1-680347141	S3-315706239
S1-721605946	S2-429513205,S2-9535204
S1-478804382	S2-949124193,S2-386167994,S3-105647246,S3-123682857,S3-838160083
S1-399360980	S2-13956324,S2-347388159,S3-374508454
S1-946063787	S2-96281545,S3-255658738
S1-679981169	S2-548700789,S2-756848974,S3-559602234,S3-385446229,S3-902644030,S3-253689376
S1-852122558	S2-13742356,S2-836861185,S3-541486453
S1-654078241	S2-27298391,S2-542793063,S3-778778307,S3-45895204
S1-574271583	S2-567264163,S2-626684761,S2-308807234
S1-658984896	S2-696163364,S2-37217309,S3-702254487,S3-840280069,S3-627345153
S1-452967807	S2-890764231,S2-777341549,S2-360702286,S3-39218497,S3-296354640
S1-657325262	S2-301300035,S2-463332740,S3-76857645,S3-461081164
S1-643535950	S2-585909854,S2-401486146,S3-358233206,S3-760214219
S1-331538406	S2-796474854,S3-132376439
S1-543874807	S2-953534056,S3-34254854
S1-106444962	S2-286980458,S3-965045781,S3-563299717
S1-144239108	S2-458585786,S2-894769041,S3-763849963,S3-343516741,S3-172928912,S3-483249593
S1-30407062	S2-71016918,S3-217933567
S1-438778357	S2-486963367,S2-945217743,S3-869399325,S3-480050557,S3-877961637
S1-214603601	S2-427913641,S3-930269422
S1-251124112	S2-814927676,S3-529853039
S1-95631098	S2-396676093,S3-485547199,S3-589219360,S3-864807199
S1-6536886	S2-571765856,S3-492584127,S3-818730454
S1-936762728	S2-261521011,S3-753767840,S3-519366815,S3-694371926
S1-612170454	S2-561548830,S2-215445268,S3-593746032,S3-222750920,S3-491355510,S3-101093750
S1-574902381	S2-537298124,S3-288419509,S3-818620666
S1-635996806	S2-756480026,S2-445999214,S3-770372727
S1-266344604	S2-568551176,S2-137828681,S3-362251097,S3-912583004,S3-419735406,S3-498162929,S3-300641912
S1-105568631	S2-743200797,S3-686929711
S1-534481010	S2-585844839,S2-68982903,S2-454159039,S3-41198697
S1-107023539	
S1-785467099	
S1-39001923	S2-154102797,S3-31977274
S1-536166111	S2-997199702,S2-608893501,S3-824895734,S3-773720262,S3-441934598
S1-198632900	S2-746378757,S2-797407527,S3-538157416
S1-234200949	S2-691836232,S3-885421313
S1-632458045	S2-60917290,S2-606260225,S3-755795047,S3-359610633
S1-793444283	S2-970830420,S3-154533532,S3-247104730,S3-69332653,S3-929731081
S1-342756019	S2-86156493,S3-896407818,S3-198574741,S3-502144840
S1-542878809	S2-705264903,S3-870977650
S1-906973556	S2-778660695,S2-828310920,S3-419363003
S1-218988401	S3-149207190,S3-812648319,S3-826909818
S1-63990887	S2-965330367,S3-798582752,S3-708821241
S1-68028659	S2-47997413,S2-949097457,S3-680454969
S1-144526682	S2-657272952,S3-324803888,S3-927703485,S3-183169633
S1-521254993	S2-391342801,S2-260029909,S3-543206384,S3-112547717,S3-96785772,S3-228683231
S1-184017157	S2-55250528,S3-771795745,S3-382064174
S1-612484899	S2-211182661,S2-639169093,S3-690547751,S3-841814343
S1-315874798	S2-178788281,S2-792185760,S3-652494810,S3-22789765
S1-271831358	S3-513489826,S3-658827774,S3-165943040
S1-103101914	S2-742857142,S2-262119045,S3-464737380,S3-918907997,S3-861731389,S3-681097377
S1-739445941	S2-439082067,S2-682294868,S3-176788284
S1-818389760	S3-312995706,S3-673029335,S3-909659440,S3-840843392,S3-705061486
S1-772737756	S2-880959775,S3-73995214,S3-203926449
S1-399285508	S2-731347569,S3-74011663
S1-103117232	S2-457262539,S2-850809561,S3-396890083,S3-554090310,S3-45065978,S3-212205545
S1-60587840	S2-477249487,S2-64105353,S3-45263592
S1-984142916	S2-288445689,S3-301749053,S3-892364007
S1-882344007	S2-945518331,S3-583479480,S3-549002145,S3-742522748
S1-661697526	S2-807247864,S2-869339164,S3-305426707,S3-232517336
S1-22787740	S2-919846730,S3-337828913
S1-365033919	S2-118656392,S2-57526213,S3-549929363,S3-529091972,S3-201940235
S1-486019406	S2-908177369,S2-729883804,S3-1796850
S1-304116959	S2-662227064,S2-731163714,S3-316672413
S1-586699005	S2-253918587,S2-294026675,S2-481348736
S1-301281894	S2-730219026,S3-782875130,S3-135158431,S3-966357757
S1-21947145	S2-493042595,S3-755318884
S1-281088937	S2-996249340,S2-764689758,S3-188494008
S1-22633084	S2-680658950,S3-912074059
S1-788020043	S2-881028278,S3-810547728
S1-321518647	S2-159699565,S2-593553372,S2-419844886,S3-939463833
S1-583365562	S2-541281477,S2-459777891,S3-984436624
S1-555737979	S2-765500135,S3-793215927,S3-463357539
S1-471318994	S3-495325432
S1-756873540	S3-532576288
S1-503958794	S2-375677540,S3-236630190,S3-606690831,S3-238186629
S1-810457001	S2-688071043,S3-242149005
S1-100166899	S2-375611616,S3-548424106,S3-984114240
S1-690375126	S2-614304353,S3-467195779
S1-780523337	S2-714985130,S3-600991450,S3-89017126
S1-308262271	S2-696354721,S2-877910903,S3-866103109,S3-149565445,S3-357540678
S1-364336090	S2-182038679,S2-351356705,S2-193603638,S2-784107762,S3-919998739,S3-279130419
S1-445964147	
S1-845031035	S2-350487755,S3-40724734,S3-584285454
S1-629810901	S2-224541894,S2-211199903,S2-844618172,S3-373030684,S3-918897579,S3-162950255,S3-710615101
S1-445268029	S2-371928720
S1-543760819	S2-829732434,S3-462001538
S1-740195204	S2-159228957,S3-886873951,S3-140801111,S3-191589398
S1-804036808	S2-887593036,S3-970881689,S3-847395306,S3-539278386,S3-997522896
S1-829232083	S2-553563872,S2-219079951,S3-248865687,S3-919114016
S1-708400226	S2-11447624,S2-737021373,S2-636078522,S3-952283138,S3-654593788,S3-614607391,S3-508757891,S3-729109395
S1-987010937	
S1-629022966	S2-783840532,S3-189110145,S3-803878481
S1-604460015	S2-911268673,S3-721391475,S3-415858583,S3-671234763
S1-414440524	S2-92811564,S2-970107098,S2-425190015,S3-15852224,S3-500027332,S3-526807850
S1-392583935	S2-11653846,S3-998181795,S3-887301550,S3-235940504,S3-639422519,S3-375452813
S1-546177410	S2-648883949,S2-475365032,S3-442260626,S3-935513474
S1-528834818	S3-678185343,S3-543011232,S3-417069994
S1-913573536	S2-529933432,S2-7363092,S2-788333626
S1-958113941	S2-994219982,S2-965964281,S3-318277109
S1-414906130	S2-216562420,S3-782386729,S3-261753551
S1-274119005	
S1-994856538	S2-857959104,S2-23075265,S3-643687320,S3-657205470
S1-180353640	S2-333591506,S2-532682866,S3-415461067,S3-375486976
S1-381914282	S2-729980796,S3-944441383
S1-342623084	S3-638458303
S1-482014426	S2-40943466,S2-376486539,S3-634613862
S1-379642285	S2-691306905,S3-504998715
S1-759630170	S2-996573898,S2-103841553
S1-151299429	S2-582070018,S2-146219373,S3-939400153,S3-988252212
S1-382680258	S2-47230496,S3-247836878
S1-806616139	S2-828873290,S2-512833764,S3-380458323,S3-837289282
S1-883281842	S2-470387998,S2-667852727,S2-957935953,S2-466747962,S2-165103426,S3-271888732
S1-314686399	S2-230805573,S2-325927160,S3-497391726,S3-808877842
S1-337241318	S2-511770959,S2-541547376,S3-866595649,S3-240807196
S1-977682665	S2-816951244
S1-463038301	S2-852363557,S3-789061427,S3-269207593
S1-349683786	S2-608223,S2-983792162,S2-688450525,S2-867916104,S3-622831211,S3-945954532
S1-256360591	S2-89430911,S2-86610472,S3-540847507,S3-966978346
S1-3118239	S2-384807569,S2-184568209,S3-966155454,S3-94426820,S3-761340400
S1-157064113	S2-154047991,S2-515772498,S2-676656107,S2-732066785,S3-232709696
S1-417911003	S2-891161363,S2-115770378,S2-130680691,S3-214861211,S3-303982146,S3-946216832,S3-760876252
S1-435197119	S2-23416594,S2-976363731,S3-960556230
S1-779770033	S2-344418723,S2-834246878,S3-909567604
S1-983434572	S2-46045217,S2-431865612,S3-149886499
S1-573194865	S2-879535233,S3-266974359,S3-918036809,S3-224592930,S3-966842267
S1-47773771	S2-163907414,S3-514311755,S3-783274386,S3-515914744,S3-312828212
S1-955236847	S2-648248063,S2-209994890,S2-683061450,S2-36451247,S3-775900901,S3-330635341,S3-825674254
S1-38856492	S2-737936743,S2-739908827,S3-665929660,S3-6943995
S1-536974738	S2-187648463,S3-509162315
S1-256655652	S2-528505089,S3-414220347
S1-344951721	S2-893939251,S2-693214144,S2-872248490,S2-183527790,S3-377348825
S1-104064742	S2-878954544,S2-627699238,S2-464206083,S2-214943792,S3-917431661,S3-761084969
S1-164824018	S2-680044356,S2-653231350,S2-473831507,S3-405555985
S1-639237507	S2-461139678,S2-7687064,S3-694588157,S3-702804276
S1-342698190	S2-641536912,S3-478289654,S3-33593694
S1-685871904	S2-408726804,S2-985602105,S3-740323634,S3-834325663
S1-874660306	S2-279857860,S3-289365741
S1-973731236	S2-135390994,S2-737853111,S2-91933930,S2-331544324,S3-223359212,S3-804923215,S3-202684359
S1-644361545	S2-262917378,S3-218927372,S3-103194134,S3-926258275,S3-581612076
S1-798312676	S2-126005750,S3-243209227,S3-256208237
S1-452365054	S2-171624648,S2-489002971,S3-59980699
S1-267774485	S2-983709883,S2-30805620,S3-822082751
S1-392556227	S2-742398993,S3-974771944,S3-101232577,S3-419803661,S3-486250442
S1-944739248	S2-945201800,S2-584606321,S2-98475187,S3-248834661,S3-408294313
S1-615771798	S2-46957492
S1-170974075	S2-805174189,S2-141531043,S2-412422463,S3-992417774
S1-591389430	S2-59415589,S2-822409969,S3-232459295,S3-462020786
S1-17273223	S2-32135349,S3-883734251
S1-834253524	S3-560791095
S1-450482374	S2-489606872,S2-258729878,S3-973036878
S1-597619383	S2-118180047,S3-390171777,S3-180485796,S3-567956556
S1-280910635	S2-677295141,S2-642298659,S3-843797194,S3-283028083
S1-246404006	S2-885479012,S2-224195048,S2-394372351,S3-362974038
S1-310087226	S2-35881931,S3-19364259
S1-89209690	S2-510581586,S3-109917852,S3-326466159
S1-64045011	S2-615990414,S3-305681780
S1-421464868	S2-512630762,S2-410989478,S3-150432730,S3-917654928
S1-251261466	S2-690221283,S3-359538068,S3-549854648,S3-772097493
S1-148802034	S2-309428859,S2-773402563,S2-791701658,S2-676822828
S1-67726616	S2-585223289,S2-941102715,S2-656089177,S3-879056037,S3-43130533
S1-338630028	S3-399225883,S3-701279458,S3-252741503,S3-506724053
S1-230118833	S2-590300910
S1-147076436	S2-192765495,S3-455785972
S1-748085733	S2-586377600,S2-221970764
S1-32868848	S2-765720249,S2-158294062,S3-528706011,S3-47483283,S3-649622959,S3-760594020
S1-281769561	
S1-733034026	
S1-172144933	S2-111754431,S2-65681863,S2-761061968,S2-886255235,S3-508398739
S1-353071795	S2-963030850,S2-59119022,S3-413829741,S3-861271718,S3-548189878
S1-296476213	S2-875893829,S2-702366846,S2-186467125,S2-5802395,S3-901069196,S3-597423831,S3-84736614
S1-749530768	S3-684861383,S3-353034749,S3-524199714
S1-681402684	S2-38516840,S3-221909416,S3-764107988
S1-464933567	S2-401886669,S3-565398475,S3-354114486
S1-88552907	S2-741941433,S2-697980455,S2-134226183,S2-772737994,S3-966847463,S3-77783290,S3-287594591
S1-919324708	S2-214262620
S1-670832200	S2-907790762,S2-160838125,S3-202672069
S1-496331216	S2-198865808,S3-43022101,S3-247018126
S1-435692876	S3-13086357,S3-820658843
S1-879043765	S2-514458701,S2-570193226,S3-574091342,S3-698994457
S1-568364082	S2-872625993,S2-833147210,S3-336170976,S3-737300967,S3-215045123
S1-289688571	S2-241013252,S3-830237412
S1-103306577	S2-735335748,S2-972889340,S2-303100284,S3-848879441,S3-928095370
S1-827532896	S2-353509326,S2-256487861,S3-752811917
S1-34608464	S2-596585710,S2-775538907,S2-967432417,S2-483712676,S2-167154067,S3-240063798
S1-508803228	S2-429617431,S2-516197815,S3-600014708
S1-992497458	S2-930444154,S3-846590303,S3-686954906,S3-840999871
S1-500639767	S2-714397183,S2-142216608,S3-102229452
S1-918140518	S2-728222638,S3-98098350,S3-546992777
S1-433937014	S2-590746523,S3-340218071,S3-616400753,S3-856101406,S3-261083720
S1-75337893	S2-895463394,S2-808291368,S3-384297549,S3-834146103
S1-618676054	S2-248107822,S2-357014902,S3-841214085,S3-504013768
S1-603078992	S2-915326689,S3-643482818
S1-5720003	S2-182300286,S2-181591620
S1-595632077	S2-367369037,S3-414656911,S3-83078553,S3-517833928
S1-911911079	S2-344767037,S2-404380749,S2-41839440,S3-138946498,S3-957782509
S1-935930929	
S1-401953962	S2-745183681,S2-601322466,S2-142075922,S3-801906620,S3-569992421,S3-121288016
S1-205963340	S2-616502408,S3-500864273,S3-12314441
S1-274304457	S2-784348324,S2-214169218,S3-94988818
S1-914122601	S2-579368062,S3-121424381,S3-968774802,S3-321990646
S1-540897538	S2-348103600,S3-449949564
S1-136329156	S2-559350920,S3-518441474
S1-219801000	
S1-452396218	S2-686109769,S3-825105046
S1-394680937	S2-193773299,S2-844589916,S2-373660175,S3-740785174
S1-147651446	
S1-668675379	S3-882190068,S3-79575338
S1-335017093	S2-697716048,S2-138767226,S3-243775466,S3-787626118,S3-573600759,S3-303562385
S1-126050634	S3-389349774,S3-317752391
S1-639870859	S2-80754123,S2-10444918,S3-978876100,S3-723696483
S1-779938927	S2-513873176,S2-393866570,S3-899335159,S3-496934494
S1-750101295	S2-396573898,S2-159357817,S3-848030873,S3-176761905
S1-822338280	S2-428684481,S3-344466028
S1-605370345	S2-239805296,S2-474731285
S1-923078753	S2-720940556,S3-294269634,S3-937844506
S1-586159681	S2-818469684,S2-144605581,S3-395099143
S1-759972893	S2-396996748,S3-23590780,S3-68152179,S3-99347718
S1-595843047	S2-182431985,S2-666936974,S3-937197513
S1-40678525	S2-282681210,S2-498585240,S2-616791145,S3-151381602
S1-386659816	S2-360918469
S1-32127543	S2-786298935
S1-984233875	S2-399828902,S2-628056817,S2-376233629,S3-655782584,S3-553238033,S3-772997222
S1-585765147	S3-754763114
S1-740600107	S2-692397967,S2-303262676
S1-55140214	S2-186077038,S2-796678806,S3-937002706
S1-209805544	S2-90154375,S2-13096182,S3-95624694,S3-261416111
S1-472705054	S2-689767721,S2-372172880,S2-556469960,S3-83481918,S3-944444308,S3-616028470
S1-817863581	S2-282874881,S2-119710416,S2-117777608,S2-543529651,S3-359228059
S1-991012675	S2-714341176,S3-995433490,S3-537712341
S1-221292843	S2-715998566,S3-992425258
S1-349961763	
S1-612712472	S2-95911733,S2-638600541,S2-931116504,S2-676291617,S3-449382441
S1-164982253	S2-660138454,S3-823297897,S3-687145810,S3-279831696
S1-99560436	S2-748649852,S2-161239005,S2-229759815,S3-255448477,S3-568690999,S3-889312697,S3-201091181,S3-648796389
S1-21508196	S2-627541174,S2-728540724,S2-943951166,S2-817315055,S3-392125709
S1-514256828	S2-35894137,S2-969820490,S2-689868320,S2-318339505,S3-580593014,S3-861601466
S1-406842558	S2-258885217,S3-193026644,S3-27134803
S1-290562654	S2-807146997,S2-613903296,S2-425618538,S2-93725067,S3-65531878
S1-576290974	S2-144639200,S2-884848693,S2-678462216,S3-735569201,S3-194653364,S3-717964319,S3-384473085
S1-9357479	S3-723246327
S1-660662966	S2-381716954,S2-851470074
S1-300704461	S2-298378302,S2-823796091,S2-177388358,S3-370105121,S3-224489361
S1-939864289	S2-234310003,S3-583694572,S3-463112884
S1-982170857	S2-192786792,S2-120997611,S2-645489492,S2-910585378,S3-553154574
S1-986167625	S2-727255881,S2-214970450,S3-433642736,S3-664761747,S3-563781589
S1-58402389	S2-161413200,S2-243996492,S2-188723820,S3-134556965,S3-299665506
S1-559370831	S2-777751614,S2-850159662,S3-610770262,S3-794991901
S1-153559765	S3-927742738,S3-25113409,S3-760336227
S1-857664588	S3-534700042
S1-504346927	S2-459628833,S2-50955326,S3-685932602,S3-393818187
S1-128103702	S2-966403902,S2-851482616,S3-871366914,S3-548277727
S1-450152295	S2-596522563,S3-277749498,S3-665255247,S3-470561200
S1-975654170	S2-465781135,S3-954466332,S3-786283439,S3-716726482,S3-719351112
S1-448986054	S2-246602461,S3-200025735,S3-115802440
S1-263741395	S2-585172791,S2-791286938,S3-170040791,S3-27940543,S3-5564250,S3-299454581
S1-662998007	S2-48504936,S2-23805758,S2-739402146,S3-66202727
S1-615095658	S2-662014263,S2-131630301,S2-684377847,S2-868662831,S3-513504676
S1-825671680	S2-665085322,S2-837508674,S3-657071449,S3-647956963
S1-330823632	S2-890309169,S2-302757010,S2-94675247,S3-214864126,S3-149103045
S1-874657200	S2-963021476,S2-767874442,S3-382804178,S3-648772836
S1-291767532	S2-426820245,S2-929268186
S1-314308289	S2-468248748,S2-230438494,S2-158817880,S3-490635080,S3-448645616
S1-369991325	S3-795006016
S1-814956519	
S1-687081247	S2-140513543,S2-60441808,S3-865456564,S3-399942107
S1-695404178	S2-923633397,S2-585697744,S2-495762298,S3-142775867,S3-736391862
S1-107644916	S2-623540619,S3-171196518,S3-513280273
S1-854707534	S2-484858216,S2-19061664,S2-665904786,S3-505467050,S3-726605294,S3-566541577,S3-760389625
S1-756208495	S2-28085819,S3-834467984
S1-253292973	S2-888394598,S2-982808427,S2-388810556,S3-634391041
S1-936929111	S2-669777765,S2-372782548,S3-760387607
S1-980858330	
S1-340324382	S2-881304282,S3-863696444
S1-218573855	S2-804318885,S3-783012218
S1-996931439	S2-88043651,S2-6800391,S2-212426305,S3-10652127
S1-600218080	S2-115251127,S2-617300800,S2-621893719,S2-113610014,S3-569572548
S1-791341686	S2-595214349,S3-197533896
S1-777086241	S2-996424384,S3-103918380
S1-299746071	S2-921445352,S3-89805260
S1-74060985	S2-493859209,S3-219851288
S1-291419333	S2-352538774,S2-573444333
S1-188176423	S2-107024728,S3-653384292,S3-779968161
S1-370752441	S2-965695908,S3-406008092
S1-451055396	S2-684009643,S2-365897378,S3-547377336,S3-79016951
S1-50344703	S2-320212810,S2-311237158,S3-131437648
S1-668188842	S2-637322640,S2-408584621,S3-717541835
S1-162257554	S2-15513994,S2-230516090,S2-406725056,S3-840183265,S3-179178766,S3-491038561
S1-608665359	S2-944467858
S1-846021491	S2-69212114,S2-105514021,S3-189038428
S1-408652294	S2-441686547,S3-517364994,S3-529340311
S1-631847737	S2-877224188,S2-607668575,S3-51679970,S3-199652378,S3-719695700
S1-627027654	S2-440897587,S2-815616820,S3-636847368,S3-359795187
S1-606388895	S2-645714387
S1-866990988	S2-620990365,S3-857314118,S3-568895292,S3-318931968
S1-771118608	S2-959047416,S3-950684070,S3-319615062
S1-860376386	S2-478616453,S3-767728003
S1-197930566	S2-621408109,S2-524184937,S3-438144626
S1-761600598	S2-67079618,S3-964363321,S3-560940436
S1-831199885	S2-659145912,S2-702849238,S3-143767277
S1-425128718	
S1-922458942	S2-21549661,S3-206207320
S1-8412929	S2-153555569,S3-66104711,S3-76037,S3-501325834,S3-859802729,S3-631801431
S1-116886309	
S1-535157975	S2-410527706,S2-589870668,S3-490752047,S3-427437049
S1-467885239	S2-758204514,S3-588314722,S3-280034056,S3-36034191
S1-115576618	S2-532157362,S2-627881801,S3-660400984
S1-73266388	S2-894725743,S3-928505846,S3-612037826,S3-448329295,S3-685521228
S1-38821044	S2-615758197,S3-772667869,S3-681867395,S3-941808371,S3-575237780
S1-209020026	S2-323634366,S3-224150842,S3-785280015
S1-416520778	S2-68476347,S3-367341170,S3-283001366
S1-949414566	S2-972323996,S3-688483120
S1-529176555	S2-531201579,S2-387358142
S1-188492472	S2-67744537,S2-799357183,S2-910449626,S3-267352789
S1-687764551	S2-650830885,S2-315237071,S3-655821647,S3-813646410
S1-711614050	S2-820385444,S2-343697224,S3-366341675
S1-825545128	
S1-486029704	S2-917292842,S3-39440877
S1-517243718	S2-948791610,S2-62326821,S2-109795050,S3-13978070,S3-318626968
S1-306934395	S2-984277796,S2-273504355,S3-656700332,S3-282025737
S1-653552833	S2-668289696,S2-783527981,S3-225065620
S1-944869323	S2-276440490,S2-884845385,S2-418844166,S3-334869431,S3-218984238
S1-334069535	S3-480391326
S1-29746742	S2-785309384,S3-852012262,S3-335089481,S3-253184675,S3-135187746
S1-5533538	S2-706533547,S2-276765363,S2-106728038,S3-37791750,S3-535394334
S1-501813247	S2-967190928,S3-132843487
S1-477761993	S2-950357721,S3-906903526,S3-450790031,S3-395949527,S3-555608669
S1-545760313	S2-960543587,S2-788652507,S3-285751716
S1-754115297	S2-141520530,S2-342313242,S2-950107864,S3-169307173,S3-662493130,S3-782097676
S1-941297000	S2-470678859,S2-959041507,S3-793826049,S3-371356482,S3-316256321
S1-921279245	S2-284141243,S2-904973226,S2-840539663,S2-794175299,S3-219884695
S1-233588320	S2-142179700,S3-157478034,S3-785396649
S1-787758125	S2-955863783,S2-46899672
S1-814601377	S2-192948129,S2-603071611,S3-618422773,S3-146156664
S1-839645965	S2-762775244,S2-845548172,S2-892848533,S2-513227544,S2-244529864,S3-588955896
S1-9750168	S2-169129232,S3-997618515
S1-427574111	S3-976778991
S1-859741230	S2-701552511,S2-82950624,S2-525047840,S3-860666663
S1-582413421	S2-92483612,S3-820816614,S3-581418137
S1-764843325	S2-940814321,S2-213494336,S3-593000003
S1-146281653	S2-284572475,S2-693752950
S1-299367178	S2-250009064,S3-595539211
S1-620915993	S2-935748931,S2-68748027
S1-812361268	S2-142550479,S2-879728336,S2-167775591,S3-451536720
S1-310678505	S2-983468481,S2-738796553,S3-249776047,S3-146240257,S3-821161819,S3-198887797
S1-698843694	S2-672622638,S2-587367423,S2-791224898,S3-467508233
S1-851816270	S2-303844166,S2-97945211,S2-971508704,S2-778042390,S3-122668024,S3-434415957,S3-22379704
S1-163297392	S2-263512694,S3-745909398
S1-357133147	S2-451818839,S2-715902572,S3-494488267
S1-631571111	S3-116759796,S3-197493039
S1-109267757	S2-416653059,S3-311710872,S3-150871188
S1-711428258	S2-245114693,S3-254382046,S3-805276123
S1-656171162	S2-329280608,S2-554086853,S3-598089068,S3-161935749
S1-602144510	S2-32696802,S2-64000798,S3-170921246
S1-264743471	S2-556023215
S1-982267642	S2-992248431,S2-256175555,S2-602005427,S3-107219627
S1-44632418	S2-131484951,S3-592559974,S3-237208661,S3-383358016
S1-593326306	S2-639224330,S2-113210517,S3-799312472,S3-876895423
S1-255528432	S3-562163935,S3-344784053
S1-559249977	S2-312080751,S2-885011702,S3-318612684,S3-314527984,S3-611197926
S1-587750075	S2-79401328,S3-510365084,S3-851944476,S3-787800027,S3-402274047
S1-665436028	
S1-662824154	S2-541623816,S3-516691014,S3-39763882
S1-727537332	S2-930075453,S3-802052664,S3-451998234,S3-33718072
S1-152979696	S2-397145365,S2-265886457,S3-839447204,S3-780004361
S1-248481368	S2-604702011,S3-11628008
S1-790418226	S2-838803597,S2-555216051
S1-96602127	S2-340954111,S2-595962612,S2-848899456
S1-275648424	S2-66871982,S3-497820554,S3-8705456
S1-296784642	S2-875419699,S3-278624779,S3-299560952
S1-40930902	S3-695458327,S3-634958662
S1-851066384	S2-468104600,S3-780681907
S1-606034416	S2-27391982,S2-121122975,S2-964197508,S2-697967787,S3-335243331,S3-380091899
S1-881444813	S3-810563758,S3-506905314,S3-414560012
S1-911301077	S2-457329921,S2-650845359,S2-148448999,S3-440460688,S3-21593436,S3-859852429,S3-611257184
S1-330914939	S2-478116399,S3-645384746
S1-491658200	S2-477831819,S2-865814128,S2-593136216,S3-78071645
S1-231519650	S2-504051668,S3-113238993,S3-760772403,S3-286238001
S1-529579280	S2-202673829,S2-85704077,S3-174911348,S3-334805244
S1-125321906	S2-25639527,S2-164506058,S2-629547835,S3-808419709
S1-798155629	S2-55612482,S3-496088530,S3-32734770
S1-107415535	S2-253738970,S3-33434908,S3-443569546
S1-908308724	S3-311928554,S3-704734711
S1-339001329	S2-671103041,S2-768994904,S3-832685026
S1-211367912	S2-664801713,S2-783711549,S3-318653684,S3-146737822
S1-936281943	S2-649962343,S3-97077846,S3-360821584,S3-686648670
S1-110019767	S2-580283633,S3-190713221,S3-590706723,S3-249389346,S3-693730121
S1-840278172	S2-260518390,S2-536756969,S3-920630019,S3-240882584,S3-399113202
S1-731124817	S2-411338229,S2-198710612,S2-143542414,S2-288695920,S3-618974293
S1-883807828	S2-302483068
S1-645040170	S2-536979278,S2-940628451,S3-626248913,S3-216037511
S1-605002576	S2-186809265,S2-306446692,S3-170668442
S1-882213843	S2-605350174,S2-556071304,S3-331380926,S3-490701147,S3-659330414
S1-333095127	S2-939541229,S2-515440137,S3-137643640,S3-154520937,S3-500338301
S1-27444152	S2-353041794,S2-608520307,S3-578691751,S3-153670200
S1-895408600	S2-201642660,S3-436640710,S3-197068966
S1-574927457	S2-255982806,S2-176395527,S3-132997079,S3-31525893
S1-556100254	S2-674436409,S2-224459632,S2-691557503,S3-661388697,S3-145875523
S1-117744619	S2-432813370,S2-843480325,S3-47914938
S1-259506508	S2-990174532,S3-140415792
S1-713796415	S2-401853744,S2-193428522,S3-60753683
S1-328844051	S2-602059625,S3-973323595
S1-314488659	S2-816049810,S3-973375401,S3-558165253,S3-955934436,S3-542661888
S1-134143616	S2-528500563,S3-536754838,S3-218370044,S3-393867082
S1-486832571	S2-990205848,S2-9946485,S3-489611001,S3-826361314
S1-747705086	S3-744364228,S3-475153717,S3-563120359,S3-541988174
S1-721771976	
S1-280977513	S2-614682602,S3-84682694
S1-448410374	S2-37955881,S3-624492556,S3-134112277,S3-88272704
S1-420343429	S2-581508866,S3-22679509,S3-318314233
S1-503320165	S2-115299522,S2-987128638,S3-205808498
S1-84659108	S2-934248672,S3-705278416
S1-10153258	
S1-423333394	S2-124089263,S3-9583143
S1-804421593	S2-536841026,S3-304810545
S1-507257254	S2-420623386,S3-822600556
S1-549678101	S3-417652549,S3-397179168
S1-356156624	S2-231324061,S2-648417226,S3-607033114
S1-81834207	S2-646074015,S2-5819745,S2-972217409,S3-607032775,S3-766258428,S3-946767503
S1-91619266	
S1-62908850	S2-236438196,S2-237581495,S3-621549777
S1-550241319	S2-517942008,S2-645242049,S3-946904809,S3-633714961
S1-317054463	S2-650692524,S3-647736576,S3-425127525
S1-456318790	S2-164513100,S2-64373652,S3-400472893
S1-566830111	S2-561839697,S3-837929682
S1-754942845	S2-153940033,S2-933629691,S3-936122926,S3-469442740
S1-416328681	S2-746981982,S3-58008060
S1-919044778	S2-461530160,S3-935193372,S3-541981258,S3-891426172
S1-392534068	S2-28637907,S2-331210980,S2-585345673,S3-120235703,S3-333747934,S3-244402817,S3-878670505
S1-879858737	S2-502858002,S3-40474223,S3-996828785
S1-715910928	S2-308004681,S2-149210354,S3-418007144,S3-84037995,S3-321196339
S1-801041518	S2-755156637,S2-381416319,S3-561525141
S1-30038696	S2-789253940,S3-281274446
S1-141869436	S2-890829176,S2-34841648,S3-840224213,S3-712300355
S1-258997441	
S1-359602210	S2-874895686,S3-781186038
S1-263067907	S2-977267465,S2-880134181,S3-847400465
S1-691899933	S2-923049403,S3-144618016,S3-381918366
S1-687325312	S2-8209541,S2-653898284,S2-814097790,S3-398246612,S3-530154957
S1-122117256	S2-17788444,S2-944410674,S3-827432411,S3-539757170
S1-140026915	S2-636873183,S2-260030079,S3-859710598
S1-31231440	S2-39899659,S3-75691042,S3-839920094
S1-510015581	S2-774342455,S2-625956475,S2-364939288,S2-860079971,S3-51365845,S3-441798128
S1-153830318	S2-293521491
S1-729749673	
S1-906068598	S2-725951273,S2-93613095,S3-604524300
S1-730421519	S2-168434244,S2-957901807,S3-47095147,S3-4878588,S3-820356424
S1-378581442	S3-102862017,S3-174266035,S3-286358614
S1-722701300	S2-178407692,S2-704365325,S3-946525856,S3-40456423
S1-638404069	S2-712226410,S2-589525381,S3-149523209,S3-76850260,S3-692156317
S1-336753892	S2-928281443,S3-654854802
S1-742910577	S2-254030250,S2-179053407,S3-610257711
S1-248553612	S2-753126294,S3-687333594,S3-543326630,S3-435735048,S3-510803474
S1-536705186	S2-224295030,S2-21159881,S2-989304265,S3-773814228,S3-440859724,S3-912402724,S3-652164990
S1-209125573	S2-542114316,S3-943115434,S3-340182668
S1-440098202	S2-959982692,S2-628034994,S2-731980362,S3-165145600,S3-478017698,S3-20863846
S1-721706825	S2-803204014,S2-115505642,S3-158671290
S1-949992319	S3-764398603
S1-406527214	S3-731303952,S3-628778121
S1-499847912	S3-26873
S1-800891124	S2-243933853,S2-904209578,S3-277197938
S1-905733846	S2-454766210,S3-961784321,S3-949496226
S1-879207596	S2-476270581,S3-232810221,S3-354937842,S3-425703002
S1-394928776	S2-250503970,S2-746934996
S1-914167808	S2-94913737
S1-326389695	S2-818441961,S2-865039571,S2-55663426,S3-437094585
S1-299773245	S2-288938228,S2-72392493,S3-605063,S3-594387888,S3-460127726,S3-337941716,S3-987918562
S1-931804994	S2-185157905,S3-535253805,S3-272193615,S3-367683292,S3-497301111
S1-677172368	S2-455322436,S2-636844110
S1-85137538	S2-855600642,S3-958763670,S3-885068828
S1-372076691	S2-632867681,S2-481154221,S2-995577312,S3-214403211,S3-472086350,S3-197451937,S3-590782264
S1-833492633	S2-42996984,S2-964075237,S3-163537924,S3-529805102,S3-531303240,S3-184297142
S1-858622944	S2-318019614,S2-273183055,S3-6622476,S3-985541586,S3-896475984
S1-222601052	S2-566324986,S2-739130654,S2-656738656,S2-719405305,S3-615011604,S3-608751203,S3-237270186
S1-734004067	S2-303432917,S3-473563219
S1-891181764	S2-106705001
S1-874440306	S2-335539757,S3-400590710
S1-763465273	S2-884393987,S2-560614089,S3-874758149,S3-195035619
S1-542407941	
S1-152434149	S2-63363631,S2-787567869,S3-34404362
S1-486855159	S2-415339378,S2-974539274,S3-275263119,S3-751404504
S1-520706871	S2-905169888,S2-413724070,S3-319839427
S1-536019970	S3-123671602,S3-965259743
S1-96997570	S2-496973361,S2-834222947,S3-876501369
S1-880957636	S2-726214188,S2-701595180,S3-818935411
S1-475037609	S2-454875880,S2-571443346,S2-777135419,S3-387598114,S3-133060203
S1-852358881	S3-482684780
S1-679867766	S2-229196987,S2-758749983,S2-281940270,S3-474416661,S3-76428438,S3-892969960
S1-982742576	S2-122293268,S3-354146222,S3-77602954
S1-305166561	S2-929718535,S2-278720929,S2-353659963,S3-809239576
S1-583688377	
S1-51296542	S2-56749791,S3-805573698,S3-714404412,S3-222534112
S1-40559296	S2-594219145,S3-579754263,S3-962179095,S3-74165963
S1-20792002	S2-362703065,S2-295737560,S2-326931376,S3-26205361
S1-480846247	S2-911377728,S3-766098119,S3-148912384,S3-790000346
S1-644978390	S2-126303102,S2-423068379
S1-276296929	S2-618793748,S2-15486976,S2-916920341,S3-895076340,S3-481989377
S1-919245976	S2-754120612,S2-472729944,S2-817774627,S3-274148494,S3-825968276
S1-942782033	S2-912549699,S3-544254330
S1-44708593	S2-931918143,S3-462399411
S1-556182325	
S1-100691855	S2-917000928
S1-425587153	S2-340857416,S3-289001960,S3-658576300,S3-574136968
S1-539879230	S2-83796020,S3-945547250,S3-127246506,S3-117651018
S1-714135249	S2-188362327,S3-431623235,S3-805220251
S1-803840711	S2-421877625,S2-959565091,S2-67276082,S3-615435748,S3-974074755,S3-237581199
S1-942651476	S2-404336292,S2-587125017,S2-130406206,S3-998260049,S3-178368018
S1-962502954	S2-219493301,S2-945814520,S2-473750715,S3-613911138
S1-540804826	S2-13506245,S2-791074851,S2-800441985,S2-371499536,S3-775127986,S3-155307481,S3-353164143
S1-448651589	S3-122675419,S3-695634096,S3-92161055
S1-655628490	S2-861288400,S3-828345775
S1-626336589	S2-96767082,S3-360367188
S1-715642052	S2-282245687,S2-484970278,S3-915513085,S3-265229734,S3-697360003,S3-478297600
S1-234496835	
S1-320925655	S2-870963310
S1-81604461	S2-396601800,S2-183990320,S3-623750751,S3-107670339
S1-986414977	S2-510349301
S1-685095028	S2-955194084,S2-442000424,S3-850420510
S1-340380905	
S1-538197345	S2-576015089,S2-866510554,S2-358334073
S1-496404957	S2-50620641,S2-26705740,S2-667639545,S3-294219520,S3-386507165
S1-295878272	S2-284844649,S2-28814628,S3-481637349
S1-907553730	S2-813588229,S2-161077029,S2-707792550,S3-242183118,S3-15575692,S3-606226483
S1-323491438	S2-184567407,S2-429190957,S3-716187951,S3-355574022
S1-534715135	S2-555245115,S3-219919955,S3-978345366
S1-722025822	S2-353074563,S3-82567677,S3-795519438,S3-931974778
S1-490372842	S2-774512583,S3-365385967,S3-292754865,S3-33485222
S1-580102536	S3-579966411,S3-490575909,S3-183835167
S1-463257976	S2-670329366,S2-678934892,S2-732237174,S3-551402577,S3-896493681,S3-738583244
S1-939256086	S2-484631081,S2-889401184,S3-740641815,S3-612946076
S1-616204137	S2-717788807,S2-681121574,S2-402580807,S3-2449058,S3-434478782
S1-431795211	S2-492112983,S3-528351062,S3-41862132,S3-488720107
S1-563321742	S2-283921051,S3-12900504
S1-19082136	S3-95823295,S3-249476597
S1-972150659	S2-254493956,S2-280781825,S2-698053961,S3-243552176
S1-266915010	S2-58142389,S3-999559043,S3-770926116
S1-397427685	S2-387786042,S3-398843342
S1-19333681	S2-808051429,S3-501394085,S3-620728078
S1-333197153	S2-840702589,S3-355195745,S3-282954322
S1-911466358	S2-221669172,S2-527043966,S2-293737127,S3-414840349
S1-260969714	S3-426502438
S1-632265262	S2-941287343,S2-450678191,S2-424941212,S2-379934742,S3-229537117
S1-499709068	S2-468060172,S3-396036864
S1-979504798	S2-162514311,S3-323153954,S3-870973153
S1-702646732	S2-92474657,S2-910778185,S3-596916334
S1-998852346	S2-755653607,S3-460524360,S3-816335024
S1-190941677	S2-441958415,S2-170049056,S2-481372376,S3-855660375
S1-327804795	S2-493559490,S2-678186030,S2-771966746,S3-419298136,S3-836465899,S3-103717866
S1-526994697	S2-482596262,S3-22888520,S3-31537060
S1-362453370	S2-981050444,S2-282401555,S3-599301293
S1-840168502	
S1-100435874	S2-549987988,S2-968284439,S2-296929337,S3-11698664
S1-347983357	S2-556487753,S3-739419713
S1-601216880	S2-875817551,S2-29567102,S3-480384444,S3-788995272,S3-979331318
S1-200244116	S2-409944984,S3-205680705
S1-629424568	S2-625957024,S2-166711048,S3-773795060,S3-882228578
S1-970368826	S2-80594177
S1-82555969	S2-69853777,S2-324819925,S2-214469026,S3-492023278,S3-404336040,S3-728020700,S3-957637960
S1-659561054	S3-634343666,S3-266898052,S3-748653938
S1-185103270	S2-61995289,S2-929660238,S3-696420429,S3-416864114
S1-928412953	S2-157557028,S2-574183114,S2-775511888,S3-870527398,S3-989015878
S1-705525324	S2-838504365,S3-271035358,S3-632600724
S1-470014470	S2-248964590,S2-326349956,S2-75724158,S3-666042041,S3-593206303
S1-861667938	S2-241528425,S2-513668482,S2-935755998,S2-769572188,S2-404064384,S3-112981675
S1-335500164	S2-705590363,S2-980267458,S3-801928717,S3-960176261
S1-411807455	S2-502626198,S3-359616357,S3-15569040
S1-746372199	S3-627882432,S3-286825203
S1-637872165	S3-774890252,S3-226497953,S3-446697895,S3-958748038
S1-101600459	S2-141941838,S2-640299814
S1-635343813	S2-6748964,S2-93854125
S1-183966410	S2-888487723,S3-406605946,S3-1912331
S1-671006742	S2-730529305,S3-543789245,S3-436848619,S3-582990591
S1-835908410	S3-530806677,S3-474839660,S3-916664479
S1-139922907	S2-97573234,S2-764333577,S2-268652103,S2-263823792,S2-215590224,S3-227473623,S3-910337938
S1-24830339	S2-179377918,S2-905868389,S2-704827625,S3-218012958,S3-579632029
S1-757724109	S2-539942617,S2-597857710,S3-955075928,S3-931996272,S3-140433585,S3-356556655
S1-652634785	S2-15356529,S2-156365780,S2-284852614,S3-330999015
S1-348059257	S2-97518761,S3-282798516,S3-68572708,S3-904019084
S1-845159413	S2-292770080,S3-242604428
S1-632481143	S2-566335701,S3-14926072
S1-298371744	S2-335101704,S2-81894707,S2-502426341,S3-140879538
S1-159951883	S2-406945354,S2-831323446,S3-814888495,S3-196193290
S1-716830359	S2-795817041,S2-306163710,S3-762649005,S3-737589534
S1-526762509	
S1-576496637	S2-759236253,S3-850207408
S1-574218245	S2-68639184,S3-153544726,S3-116158717
S1-721911045	S2-490587824
S1-962317574	S2-657888531,S2-889617729,S2-640358428,S3-536993638,S3-981004877
S1-848202175	S2-86529924,S2-739863328,S3-487999908,S3-514433041
S1-545946302	S2-460136490,S2-653851340,S2-196701374,S2-598443398,S3-634002678,S3-336045709,S3-188402953
S1-846574110	S2-219205789,S2-35869050,S2-974966449
S1-531191907	S2-878161980,S2-552159062,S3-36080389,S3-579684056,S3-326960591,S3-979488453,S3-329089902
S1-259886598	S2-241692910,S2-958080077,S3-154679265
S1-302336782	S2-891713032,S2-180407638,S3-234107334,S3-302517578,S3-419997704
S1-70446231	S2-163745768,S2-952686908,S3-863201138
S1-359694049	S2-569799498,S3-848208073,S3-56019973,S3-564723361,S3-272234102,S3-630594320
S1-527489699	S2-448263591,S3-160908827,S3-162975777,S3-492580601
S1-688253956	S2-298755393,S2-308860945,S3-390286010,S3-164014538
S1-766097167	S2-148659005,S2-507107044,S3-658057883
S1-691806118	S2-708457005,S2-802444266,S3-920414119,S3-132585579,S3-93658850
S1-117022003	S2-873726894,S2-69024638,S2-154128314,S3-935652040,S3-398388697,S3-381651665
S1-613162935	S2-78754231,S2-10353130,S3-394530034
S1-66645690	S2-913604865,S2-513268507,S3-108342955,S3-753519206,S3-233985497,S3-569531124
S1-180269792	S2-521119697,S2-595423389,S3-619030731
S1-10222665	S2-494483805,S2-358886055,S2-464688602,S3-435742722,S3-599611593,S3-759580237
S1-147296014	S3-158602031,S3-279551486,S3-905988569,S3-29869365
S1-470047952	S2-276065115
S1-379443057	S2-223472446,S2-857137996,S2-861811551,S3-536729265,S3-607995997
S1-361577594	S2-338742859,S2-566324992,S3-108723757
S1-60996509	S2-851498372,S2-783110346,S3-28735712
S1-739129616	S2-645233952,S2-128042662,S3-208542679,S3-987990761,S3-342489548
S1-618610915	S2-554057854,S2-585844822,S3-469929228,S3-283252002,S3-689183567,S3-147522977
S1-628152085	S2-686852580,S2-5057633,S2-815370923,S2-607011078,S3-344501020,S3-950852269,S3-431936246
S1-326503462	S2-369301285,S2-542161463,S3-613695736,S3-591784703,S3-820579230
S1-839661205	S3-532540055,S3-200853205,S3-309891655,S3-382067340
S1-274115163	
S1-170922609	S2-30323534,S2-377880538,S2-126431344,S3-48894859
S1-66222580	S2-293488622,S3-774901361,S3-456047717,S3-937818645,S3-600441546
S1-315356120	S2-703898335,S2-779125768,S2-33497495,S2-340179731,S2-760866012,S3-786778534,S3-842643087,S3-435884783
S1-911423430	S2-25848132,S2-844152001,S2-517457087,S3-485689074,S3-4236747
S1-701324010	S2-675926597,S3-651955337,S3-62706451
S1-738693243	S2-165151602,S2-171020914,S3-490315823,S3-480955339
S1-871170634	S2-126438440,S2-368302501
S1-630422386	S3-136184348,S3-568305051
S1-567646611	S2-650112509,S3-336147145
S1-59400420	S2-131759909,S3-506035776,S3-288603151
S1-159244193	S2-89766210,S3-928399955,S3-811628566
S1-83175335	S2-358011228,S2-456179166,S3-197819419
S1-918868247	
S1-601964813	S2-318081072,S2-754475709,S2-379021395,S2-597440071,S3-533341528,S3-619087485
S1-605334018	S2-343364600,S2-459446221,S3-988767294,S3-257861664,S3-92440994
S1-53064564	S3-157576986,S3-924313736
S1-300289723	S2-775973920,S2-511478461,S3-918851466,S3-110082597,S3-393899216
S1-618980917	S2-850014355,S2-53549553,S3-960495195
S1-538937261	S2-887264343,S3-262946612
S1-62135230	S2-65225897,S2-478618542,S3-610302955
S1-194342714	S2-867202068,S2-486951321,S3-246897647,S3-149982256
S1-120761878	S2-182140812,S2-787062733,S3-380137640,S3-320173521,S3-158362294
S1-686254337	
S1-425371264	S2-141268210,S2-602764339,S3-809109031,S3-652147890
S1-978635177	S2-876465630,S3-981024688,S3-856957244,S3-22176430
S1-11613169	S2-550441254,S3-694354284,S3-190781848
S1-894107060	S2-87150096,S2-135986845,S2-386420519,S3-628171482
S1-972928064	S2-153404729,S3-848221265,S3-793628788,S3-515296015
S1-196935438	S3-629460525,S3-79337982
S1-957782740	S2-616495682,S3-499852081,S3-353828820
S1-953545521	S2-491312605,S2-480409113,S2-178012926,S3-451217093
S1-833391908	S2-495340863,S3-136432537
S1-794390130	S2-950264267,S2-10712655,S3-950926863,S3-400671472
S1-347825718	S2-491500280,S2-398512842,S3-550999520
S1-662166269	S2-936770341,S2-468409428
S1-400465176	S2-368532205,S2-993497404,S3-15163201,S3-871477485
S1-575426738	S2-865884503,S2-704497129,S3-805397667,S3-232020626
S1-758391186	S2-36287475,S2-890471377,S3-492023313,S3-882957674,S3-756219369,S3-289709110,S3-730252044
S1-222067339	S2-275032426,S2-25373708,S2-761224400,S3-552235350
S1-964610916	S2-481476074,S3-32516337,S3-843743799
S1-218861069	S2-298507312,S2-851316528,S2-867368761,S2-899594989,S2-399075342,S3-600813695,S3-244247174
S1-713405718	S2-979692389,S2-496110983,S3-108395188
S1-764841010	S2-140384695,S2-816643563
S1-706626109	S2-675626969,S2-83684607,S2-104536229,S3-702628271,S3-207352670,S3-737091559
S1-191912983	S2-255221524,S3-910150137
S1-958101110	S2-424044629,S3-630613642,S3-350691734
S1-742698020	S2-37817886,S2-156343480,S3-438411861,S3-802376144,S3-273892489
S1-56735529	S2-43666839,S2-78391410,S2-826301918,S2-329263365,S2-840824262,S3-911015570,S3-849996571,S3-453570944,S3-41151611
S1-646423328	S2-981186279,S2-211414877,S3-219447913,S3-169401038,S3-84732027
S1-732554135	S2-259406263,S2-758061583,S2-695365363,S3-322982800,S3-354884840
S1-752146223	S2-966593953,S2-710985571,S3-143186976,S3-501148604
S1-524423134	S2-768525936,S2-195954440,S3-196642637
S1-311470256	S2-44225039,S3-79511769,S3-939238548
S1-988131510	S2-317701142,S3-773448579
S1-57714624	S2-229315248,S2-817680963,S2-332155353,S3-481567589,S3-90094050,S3-171101124
S1-968599654	S2-308636331,S3-413476035,S3-363754411,S3-867868464
S1-466946916	S2-195860143,S3-363654973,S3-207663255,S3-196203427,S3-572646134
S1-941786684	S3-988977282,S3-377211461
S1-445781061	S2-760368297,S3-242868157
S1-754201992	S3-562945328,S3-307771908,S3-507824513,S3-978615013,S3-835305931
S1-999727381	S2-587282380,S2-428088630,S3-114291004,S3-727441379,S3-704708018
S1-805495186	S2-756829895,S3-847095616,S3-724027537
S1-517951979	S2-974345181,S3-668913289
S1-879877635	S2-585791900,S2-794448353,S3-710198434
S1-193616975	S2-790988267,S3-680533986
S1-534329905	S2-665427984,S2-915479416,S3-835781194,S3-27718561
S1-175107669	S3-398190267,S3-782806304
S1-349849273	S2-272999161,S2-657468955,S2-947199280,S2-164297098,S3-253961631,S3-140354156
S1-9095876	S2-572789911,S2-617842496,S2-504227714,S3-451616196,S3-558130484,S3-162496
S1-745362992	S2-253989982,S2-253261515,S2-273229139,S3-84438846,S3-149014041,S3-964920674
S1-486691681	S2-295385905,S2-392069015,S3-634522055
S1-659169271	S2-773586635,S2-8687647,S3-49229800,S3-213622647
S1-999104734	S2-852757806,S3-332258316
S1-677577431	S2-974181350,S2-734471678,S3-703348450,S3-491929753,S3-302208337
S1-73302833	S2-106407695,S3-114580836,S3-55960630
S1-217654601	S2-340874994,S2-908257933,S3-644256772
S1-829717901	S2-695410257,S2-615727718,S3-95564658,S3-119617103,S3-664346858
S1-710226045	S2-264950793,S2-636556548,S3-914912847,S3-15119012
S1-513111924	S2-179907528
S1-171563258	S2-6534624,S2-125381550,S3-638186255
S1-785847106	S2-870329083,S3-450453776
S1-880481915	S2-178524001,S3-35517149,S3-523551054
S1-52492661	S2-31495493,S3-829584217
S1-941785626	S2-897432639,S2-367664209,S2-500931426,S2-36613397,S3-935886167,S3-819459908,S3-398017181
S1-746431699	S2-796827721,S2-223366006,S2-514659945
S1-848733132	S2-172078571,S3-939501842
S1-189357115	S3-769847752,S3-199528786
S1-120617741	S2-846265472,S3-807519706
S1-68338967	S2-570031212,S2-727252488,S3-573435026,S3-940996862
S1-336009083	S2-857379212,S3-596536013
S1-391748024	S2-981502170,S3-931979924,S3-939973399
S1-83813770	
S1-943288218	S2-333573122,S2-882098944,S3-679435099,S3-732345636,S3-668335366,S3-644942374
S1-241930922	S2-354364438,S2-590459236,S3-390042545
S1-175412549	S3-960625785,S3-237059590
S1-437773929	S2-617362893,S2-743963884,S2-383414600,S2-289628853
S1-679639491	S2-667878231,S3-650529792,S3-172911416,S3-623908486
S1-939281901	S2-378890560,S2-407041470,S3-373174224
S1-566265142	S2-714678884,S3-498027490
S1-679591102	S2-888559862,S3-303647926
S1-635596322	S2-626539213,S3-924861216,S3-860841950
S1-61434219	S2-521757954,S2-760656425,S2-962293088,S3-634532546,S3-327843903
S1-142523012	S2-960740002,S2-801348645,S3-660567879,S3-731241695
S1-756695349	S2-509982372,S3-804068072,S3-511136319,S3-859468357
S1-314356755	S2-499124223,S2-260046754,S3-464357542
S1-283231167	S2-427018280,S2-48085722,S3-142224736,S3-806749540,S3-929508095
S1-288309120	S2-354069811,S2-381833281,S3-531282962,S3-873666689,S3-154349300
S1-8697128	S2-850239131,S3-921297772
S1-79744963	
S1-973717755	S2-940499387,S2-929626937,S3-143365683
S1-797119847	S3-475433608,S3-286396688
S1-798071102	S2-534031952,S2-461202461,S3-100334786,S3-23247872,S3-85201670,S3-187317992,S3-144804925
S1-891104891	S2-70664594,S3-563700590,S3-985936168
S1-580182294	S2-591627777,S2-264178850,S2-739396621,S2-472291503
S1-406536115	S2-256818119,S2-237573324,S2-612890232,S3-432578060,S3-939803101
S1-709219556	S2-618328166,S2-249846802,S3-751715287
S1-841341588	S2-684723010,S3-357945440
S1-732235636	S2-526938032,S2-826074362,S3-760522384,S3-883024975
S1-511978825	S2-708631181,S2-325051442,S2-268341642,S3-447940261,S3-720950939
S1-940084634	S2-67623965,S3-369580391
S1-178022840	S2-950851985,S3-755249439,S3-968500624,S3-533467663
S1-453313801	S2-522655618,S2-985471600,S3-200544971,S3-591257319
S1-994039051	S2-315653214,S3-333281482,S3-294322740,S3-8431405
S1-361085942	S2-721920607,S2-348789468,S3-268604879
S1-914459278	S2-319782753,S3-823575012
S1-870548412	S2-953485582,S3-749630201
S1-583703088	S2-797842707,S2-358100404,S3-69232777
S1-274316133	S2-187718680,S3-931037793,S3-803099487
S1-29547169	S2-575089556,S3-468090717,S3-800462422,S3-30650329,S3-800396544,S3-751486499
S1-560952743	S2-149268351,S2-396362929,S2-428665001,S3-435261219,S3-389392497
S1-369779168	S2-140948076,S2-134717137,S3-33693027,S3-951946118,S3-99716494,S3-358270111
S1-194830077	S2-303668407,S3-302146051,S3-423095477
S1-553350361	S2-271980322,S2-919462873,S3-616153055,S3-285423050,S3-897956488,S3-658261076
S1-377252843	S2-156843496,S3-643001634,S3-49965116
S1-906789520	S2-716843757,S2-38112311,S3-357004924
S1-455872239	S2-441041858,S2-176836093,S3-841930615,S3-955991873
S1-715217190	S2-898382609,S3-132093280
S1-474626038	S2-568523642,S2-918275371,S3-674962725,S3-182391927,S3-852787460
S1-610149670	S2-601177655,S2-809918482,S3-588852284,S3-339503285,S3-744911212
S1-76602165	S2-339281937,S2-991804428,S2-270150045,S3-721460028
S1-986669870	S2-726966483,S2-480672999,S3-933668196
S1-804634352	S2-710082259,S2-123907445,S3-989717999,S3-66780748,S3-813455390
S1-203861212	S2-432248548,S3-183439272,S3-544375735
S1-973533604	S2-229434487,S2-817468357,S3-506001026,S3-902050100,S3-84870616
S1-798604530	S2-414631356,S3-509940827
S1-494395836	S2-779201418,S3-335260407
S1-453593204	S2-366480050,S2-600433503,S3-999512002,S3-826131644
S1-18971888	S2-417768434,S3-67697924
S1-897055396	S2-742008124,S2-441800316,S3-182506884,S3-731535843
S1-601336919	S2-108814408,S2-45822293,S2-429146600,S2-132853642,S3-833396700
S1-411106161	S2-699547865,S3-30137551,S3-92525769
S1-492556063	S2-149998070,S3-267232859,S3-508446803
S1-141021770	S2-584188845,S3-914889007
S1-122060440	S2-436744512,S3-420518246,S3-768524310,S3-327002773
S1-912293369	S2-359813615,S2-559208649,S2-152813133,S3-296087081,S3-156062812
S1-851149103	S2-474000668,S3-106536945,S3-639757628
S1-58506724	S2-270737897,S3-871044143,S3-937822767
S1-408524771	S2-663515809,S3-105927172,S3-496916427
S1-357052363	S2-870138153,S3-116674359
S1-685556943	S2-705043101,S3-751911047,S3-834878565
S1-787655497	S2-177838488,S3-928195263,S3-252824672
S1-250284344	S3-801025607,S3-87081501
S1-837264242	S2-76961843,S2-288988475,S2-254503072,S3-936718471,S3-231894450
S1-340373484	
S1-433763435	S2-801896271,S2-878702003,S3-162375529,S3-536768540
S1-862176518	S2-565201713,S2-790474846,S3-21995160,S3-759897642
S1-399389273	S2-119531372,S3-394109257
S1-13723036	S3-542465868
S1-107874030	S2-72878853,S2-309680592,S2-294319913,S3-74303029,S3-844414405
S1-67875104	S2-230896970,S2-175295118,S3-273930130
S1-386984673	S2-58499622,S2-987599033,S3-271489206,S3-170824470
S1-431962796	S2-624690197,S3-707494753,S3-325898797
S1-908839362	S2-155798618,S3-657350219
S1-105149282	
S1-568345776	S2-194686710
S1-663580467	S2-962297781,S3-558308793
S1-974079392	S2-962086204,S3-289616704,S3-116170018,S3-860332033
S1-29750109	S2-333582922,S3-448131949
S1-545477423	S2-760239131,S3-723727639
S1-726175679	S2-636109237,S2-682080483
S1-424019450	S2-62228480,S2-667484024,S3-529567800
S1-76628511	S2-264482953,S3-485526850,S3-415957549
S1-32616262	
S1-389169117	S2-489333793,S2-534908467,S3-336995039
S1-220734585	S2-792858779,S3-101257463
S1-663819576	S2-610645786,S2-92209075
S1-489672036	S2-553123573,S2-326860504,S3-786114882
S1-932763767	S2-792293248,S3-124479077
S1-502645044	S2-266502013,S2-204635595,S2-745292311,S3-895144762,S3-244951176,S3-288809186
S1-17683652	S2-722328867,S2-353071292,S3-633550380,S3-505025450
S1-694901837	S2-286550495,S2-503426166,S3-322052338,S3-579886578
S1-712060319	S2-757646024,S3-981330311,S3-302591201
S1-702250751	S2-113916599,S3-188281988,S3-66481299
S1-432476479	S2-686669918,S3-784786990,S3-996735784
S1-418422898	S2-258856612,S2-312912208,S3-702926863,S3-484152295
S1-385021765	S2-274087751,S2-295105522,S2-962878052,S3-225049378,S3-906621291
S1-52561080	S2-731613639,S2-183480113,S3-224639238,S3-602585424
S1-445985594	S2-961077041,S3-121301441,S3-836163079
S1-137750545	S2-95830434,S2-500995216,S3-277411616,S3-943244761,S3-282619594,S3-786131703
S1-562201661	S2-624614681,S2-692542191,S2-114803651
S1-816099628	S2-551913215,S3-395951554
S1-98551801	S2-185074445,S3-826830974
S1-25801510	S2-675257135,S2-581258162,S2-394006831,S3-484758283,S3-861049851
S1-741677549	S3-628349494,S3-796140773
S1-704070992	S2-483893032,S2-18894308,S2-553777495,S3-629022248,S3-670016217,S3-674050325,S3-435938668
S1-713104855	S2-225890501,S2-387565236,S3-974667905,S3-995168006,S3-436893675
S1-223620731	S2-590226331,S2-938681600,S2-795263604
S1-221907886	S2-38688788,S3-449785099
S1-69427521	S2-590596212,S3-341689388,S3-422615615
S1-28154358	S2-664728816,S2-208132087,S2-707990084,S3-323166100,S3-41238621
S1-611365239	S2-717855416,S2-422695651,S2-721027414,S3-794017438,S3-465013588,S3-278434941,S3-229265699
S1-49436184	S3-189053366,S3-260019834,S3-9176755
S1-249500264	S2-584710226,S2-333993769,S2-899127254,S3-742910690
S1-897987810	S2-231916506,S2-963225537,S2-970558176,S2-890800626,S3-75652378,S3-126939583,S3-158141378
S1-930982377	S2-143599753,S3-269778843
S1-833740927	S2-437207676,S2-626562963,S3-120965772
S1-372172873	S2-818097853,S2-195753628,S3-805702580,S3-899812702,S3-566083295,S3-966325464
S1-72391394	S2-728596084,S2-82623949,S3-880465968,S3-707217981,S3-368844908
S1-209669739	S2-517008954,S2-510071279,S2-10419116,S3-63461182,S3-960291511,S3-893883761,S3-462315460
S1-645749442	S2-953054054,S2-389109329,S3-272533834
S1-561782996	S2-525084410,S2-318424404,S3-493973808,S3-652906569,S3-896690900
S1-284938229	S2-34169267,S3-949307490
S1-531427084	S2-745746990,S2-637943179,S3-277495535,S3-45492899
S1-165299545	S2-858914354,S2-80605195,S3-519408017,S3-583852979
S1-52408416	S2-25877014,S2-560983337,S2-906878816,S2-647908949
S1-742314572	S2-476766681,S3-136117045,S3-371937537
S1-275082729	S2-709229771,S3-94384565,S3-496062998,S3-210526658
S1-793898732	S2-432633902,S3-618160862
S1-870080491	S2-366783290,S2-873074982,S3-943308113,S3-129245292
S1-850327084	S2-232344097,S3-296935932,S3-423339537
S1-227142362	S2-699953766,S3-299405811
S1-230304885	S2-678257100,S3-803025017,S3-662694126
S1-619255846	S2-850163306
S1-675723075	S2-793400417,S2-206427695,S2-548828457,S2-347254835,S3-366008966,S3-620506383,S3-669717966,S3-248004130,S3-268128310
S1-509915091	S2-741073906,S2-206397183,S3-747218226,S3-406006403
S1-240811681	S2-496688276,S2-628827081,S3-899799208
S1-670633969	S2-283628629,S2-108667769,S2-97160356,S2-981694912,S3-941718437,S3-661700266,S3-905827796
S1-333473481	S2-600670425,S2-401746735,S2-867823269,S3-941114873
S1-347681347	S2-182442192,S2-55048694,S2-763529982,S3-233393721,S3-743676487,S3-857809131
S1-390027045	S2-529224257,S3-977515715,S3-683008637,S3-793315936
S1-899348117	S2-900544727
S1-805520274	S2-488228059,S2-716143977,S3-461274543,S3-536694349,S3-815975408,S3-968125369
S1-578232612	
S1-405073506	S2-257571964,S3-158967372
S1-840853418	S2-424653241,S2-723336783,S3-898812301
S1-446866664	S2-328550378,S2-769361973,S3-681456289,S3-458968879
S1-363314193	S2-34107264,S2-300856793,S3-343498582
S1-528855670	S2-570596765,S3-997201737,S3-121880924,S3-339819176
S1-635844422	S2-750963151,S3-578979828
S1-199481393	S3-38284685
S1-7725992	S2-673375384,S2-576043194,S3-299386793,S3-775159280
S1-730790537	S3-148936781,S3-887814001
S1-325203801	S2-180538042,S3-574528483,S3-949849619
S1-529581101	S2-576786123,S2-961992420,S3-520265095
S1-853458557	S2-483905304,S3-175700049
S1-915141559	S2-411750557,S3-142815286
S1-775694766	S2-933267880,S2-808498076,S2-781408168,S3-214073006,S3-80241325
S1-892560990	
S1-646695246	S2-757991848,S2-181199933,S3-39410856
S1-930484297	
S1-408159183	S3-151516767
S1-578420286	S2-953517273,S2-565656930,S2-471256842,S2-104999424,S3-752550033,S3-732186337,S3-549771130,S3-311272976
S1-20525067	S2-117928803
S1-148297070	S2-635164078,S2-667441102,S3-910971265,S3-961530273
S1-698332185	S2-368647577,S2-73716587,S3-731050347
S1-598852387	S2-394350671,S2-947962409,S3-46093263
S1-918648567	
S1-226964528	S2-188295837,S2-74003616,S2-625675086,S3-560636619,S3-709974281,S3-180885195
S1-202022419	S2-78561659,S2-585146793,S3-649008089
S1-238297171	S2-803000418,S3-461437029,S3-648817398
S1-88621243	S2-748630471,S2-430289783,S3-105526331,S3-493949262,S3-952850428
S1-271285544	
S1-21691801	S2-23273229,S3-581274155,S3-740439417,S3-742867732,S3-972241629
S1-250899588	S2-870322280,S3-539870164,S3-755224957
S1-816670244	S2-298615086,S3-965722166,S3-495858843,S3-140791845
S1-320200542	S2-130343102,S2-974154490,S2-681029364,S3-687264977,S3-474046935
S1-796110247	
S1-473219328	S2-483715290,S2-782334499,S2-82758885,S3-217805568,S3-355443810,S3-161906939,S3-677195410
S1-146845100	S2-341455263,S2-753806369,S3-313688012
S1-508366378	S2-390785658,S3-427949550,S3-32616034,S3-726332228
S1-558332287	S2-332044470,S3-612600212
S1-329211620	
S1-588423785	S2-185081294,S2-136337889,S3-697058666,S3-723781248
S1-780436723	S3-552403069,S3-316016655,S3-570276198
S1-599041433	S2-949313428,S2-990368206,S2-119042428,S3-294127173,S3-193752208
S1-736674898	
S1-350643100	S2-970464476,S3-796919240,S3-976572283,S3-130011921
S1-237850150	S2-884345692,S2-105005587,S2-489402473,S3-99526941
S1-822296117	S2-845727023,S2-104959839,S2-758079562,S2-908357728,S3-46835995,S3-873506813,S3-500266786
S1-987187835	S2-498417211,S3-712230345,S3-908427663
S1-154706683	S2-97952668,S3-956720600,S3-441166834
S1-496495965	S2-693394606,S3-153132570
S1-807519062	S2-619707851
S1-701273513	S2-800777375,S3-313596996,S3-309537130
S1-576045669	S2-927415812,S3-44892810
S1-959437645	
S1-750578680	S2-898766479,S2-622129340,S3-541152402,S3-4235402,S3-791450689,S3-539807283,S3-834727250
S1-598209863	S3-483544978,S3-756914817,S3-839415131,S3-602647728
S1-79508368	S2-383477253,S2-181737978,S2-610412410,S3-836363091,S3-270428969,S3-219349972,S3-402560707
S1-637478090	
S1-766890897	S2-33617065,S2-57753303,S2-644029227,S3-35962365,S3-885787619
S1-379957392	S2-742191837,S3-560662609
S1-183273459	S2-903275528,S2-428192409,S2-421779701,S3-172770504,S3-359723359
S1-5445099	S3-440751071
S1-55880119	S2-606258540,S2-460498193,S3-604001263
S1-341886281	S2-902333100,S2-241388357,S3-622694988
S1-290115538	S2-440465851,S3-764708025,S3-136820302
S1-535207976	S2-307585723,S2-389857306,S3-724111784,S3-452576524,S3-355504058
S1-11627159	S2-81915747,S3-280241076,S3-18304832
S1-214118007	S2-302439355,S2-255298605,S2-563734938,S2-644912732,S3-209932059,S3-255860495
S1-630924557	S2-362511176,S2-715124794,S3-501910454,S3-632033968,S3-399194379,S3-714469937
S1-833965887	S2-62676897,S2-854103400,S3-873737710,S3-973716231
S1-447909505	S2-559513310,S3-660561828,S3-168282683,S3-191301379
S1-993066335	S2-323364948,S3-258932040,S3-66614888,S3-282672163
S1-81232954	S2-233282085,S2-142985092,S3-706582447,S3-866744642,S3-3028754
S1-711391288	S2-134617427,S2-645160327,S3-918732906,S3-629815734
S1-873588939	S2-706634627,S3-214153458,S3-767505238
S1-575492986	S2-947197090,S2-947771878,S3-6773816,S3-756378905
S1-67933723	
S1-574938676	S3-262541518,S3-315901419
S1-975764194	S3-624258071,S3-73092007,S3-669563164
S1-968551303	
S1-862536717	S2-99674420,S2-962714223,S2-874872611,S2-951114418,S3-86524778,S3-102471781,S3-647227147
S1-193928185	S2-278233591,S2-380283155,S2-866687990,S2-819298917,S3-20160290,S3-180606404
S1-443453371	S2-866939007,S2-312955702,S3-121589951,S3-312793116
S1-337333581	S2-955600052,S3-586515511,S3-914926798
S1-341097282	S2-586058342,S3-88068506,S3-854238995
S1-206286193	S2-762179881,S3-963388262,S3-438668798,S3-654606133,S3-263209224
S1-740212604	S2-420998751,S3-726787553
S1-725624964	S2-870203725,S2-608777173
S1-858827076	S2-395612540,S2-220379526,S3-835268925,S3-256643598
S1-845942312	S2-134825219,S2-981905440,S3-809360202,S3-152120854
S1-160458458	S2-139197522,S3-766216425,S3-79919505,S3-995201363
S1-10092319	S2-304368900,S2-431537309,S2-626515634,S3-693934269,S3-246983425
S1-434518777	S2-984400939,S3-809753616
S1-429312208	S2-51571569,S3-902571451,S3-886369860
S1-768161501	S2-360632696,S2-573981337,S3-106780901
S1-345572634	S2-558088510,S2-248400933,S3-908933433,S3-399196593
S1-786422330	S2-273018349,S2-824950736,S3-67504906,S3-9971669
S1-147812030	S3-856308574,S3-979957280,S3-839474938
S1-908540335	S2-961059116,S2-914697691,S3-997591017,S3-568722701
S1-665534311	S2-94128188,S2-392710896,S3-383215255,S3-810735262,S3-212280743
S1-510104716	S2-859923729,S2-533280675,S3-441653673
S1-996966377	S2-641682102,S3-620558804,S3-639077389
S1-734491724	S2-663609490,S2-230186117,S2-821386903,S3-31606753,S3-67128727
S1-418041254	S2-978844901,S2-521213362,S3-749850265,S3-431950810
S1-234472071	S2-216446358,S2-558404608,S3-143928971
S1-87632283	S2-459154053,S3-52554613
S1-367231027	S2-672059801,S3-483774644,S3-31256465
S1-807846704	S2-680948357,S2-884570279,S2-308557227,S3-574022960,S3-447569907,S3-259942661
S1-390496883	S2-914777518,S3-948078530
S1-540270259	S2-952611042,S2-608109236,S3-872067574
S1-438417025	S2-384109249,S3-163197989,S3-890893554
S1-54918117	S2-179871223,S2-626967195,S3-458126061,S3-138257740,S3-254035959
S1-837437279	S2-190515359,S3-182531873,S3-645105583,S3-962734580
S1-962756518	S2-369793877,S3-266443005,S3-407430198,S3-780417104,S3-646446124
S1-447115949	S2-888289814,S2-514214943,S2-122612997,S3-433611173,S3-540145146,S3-85311066
S1-361130212	S2-309573501,S3-352671023,S3-778346067,S3-118900462
S1-405544735	S2-474064475,S2-259107219,S2-582371029,S2-495426490,S3-246480970
S1-218419423	S2-411124139,S2-345352427,S2-933314273,S3-797149487,S3-625791600
S1-141031026	S2-249176440,S3-578443771,S3-634661965,S3-193279748
S1-852775221	S2-289490782,S2-630518358,S2-435123543,S3-322974564
S1-950028092	S2-590745600,S2-982852990,S3-709647846,S3-188402099,S3-106559042
S1-575158793	S2-889279675,S3-900204886
S1-927467834	S2-644040359,S3-609886809,S3-665669309
S1-886467591	S2-495255333,S2-56559503,S3-677398233,S3-697840479
S1-996067774	S2-820726884,S3-434722760
S1-677375737	S2-11019801,S3-81320941,S3-509388758
S1-839147305	S2-887165055,S3-804091064,S3-34799181,S3-775700958
S1-261903409	S2-492589350,S3-344613341,S3-931877179
S1-765100468	S2-586903867,S3-173590020,S3-666069931
S1-87649479	S2-147441067,S2-477392674,S2-352158207,S3-613134917,S3-257873223,S3-168164699
S1-145730225	S2-754577419,S3-23927082,S3-807820335
S1-388086251	S2-348709202,S3-89179537,S3-299166362
S1-549733066	S2-364772715,S3-109694854
S1-180956762	S2-70563551,S2-112614659,S2-482548994,S3-861882523,S3-998572374,S3-360993193,S3-162342558,S3-899318682
S1-697097365	
S1-123886742	S2-811854308,S2-21458643,S2-540005643,S2-471540697,S3-203911406,S3-84389480,S3-93509158
S1-840215952	S2-863520246,S2-455917230,S3-994822320,S3-798702223
S1-996892533	S2-927673271,S2-100171087,S2-978317841,S3-253950029,S3-847844822
S1-184480100	S2-46633702,S2-946342497,S2-183459199,S2-760154152,S3-501432202
S1-321959386	S2-785327358,S2-168645266,S2-255746643,S3-170105031,S3-354557238,S3-694814916
S1-661293113	S2-549452883,S3-220185394
S1-196616325	S3-142013655,S3-432919001
S1-883039566	S2-768299397,S3-9767709,S3-234888038
S1-842713848	S2-572945289,S2-553426664,S3-960694980
S1-508688351	S2-302742914
S1-991226123	S2-234928803,S2-771943159,S2-105345061,S2-277874678,S3-952060287
S1-976833083	S2-972290940,S2-485650486,S2-615807232,S2-478551321,S3-754281403,S3-307044828,S3-442028647
S1-127575256	S2-357768067,S3-957699670,S3-56301013,S3-559434817,S3-478293486
S1-197043916	S2-589488299,S3-593898656
S1-755326947	S2-899854654,S2-399167041,S3-788271788,S3-893190803,S3-323550477
S1-548949826	S3-424792804,S3-789457400,S3-384858260,S3-440412143
S1-286461722	S2-493068616,S2-33579769
S1-845572771	S3-262342910
S1-594221098	S2-698097375,S3-158250471,S3-97786191
S1-888799356	S2-532756260,S3-474645905,S3-659126396,S3-242187551,S3-146718733
S1-635555544	S2-915857752,S3-237656454,S3-998628231,S3-263905404
S1-271675443	S2-796992574,S3-990640183,S3-586312431,S3-241326686,S3-529532694
S1-340160815	S2-624863102,S3-554186594
S1-276829138	S2-717357544,S3-567201866,S3-958680756
S1-189859324	S2-530218068,S3-403095224,S3-393546592
S1-567495216	S2-310224806,S2-459258703,S3-640838346,S3-823799724
S1-75530363	S2-246269272,S2-58692481,S2-404278881,S2-121022075,S3-422170930,S3-794488019,S3-576028320,S3-164059533,S3-229576564,S3-164841418
S1-806815016	S2-865865518,S2-858456580,S2-484012650,S3-948994860,S3-366228834
S1-607552423	S3-145711845,S3-134887355,S3-672011612
S1-228837425	S2-823259364,S3-375863304,S3-332127298
S1-588807892	S2-396262660,S2-672098473,S3-11866638,S3-700943465,S3-477450348,S3-672857578
S1-447720575	S3-589326167
S1-203630413	S2-788795133,S3-733903477,S3-211385159,S3-303320006,S3-137174211
S1-924979846	S2-388168390,S2-264201301
S1-643886636	S2-489606015,S3-438010154,S3-761247472
S1-872827436	S3-917992797
S1-389472722	S2-201728117,S2-524577737,S3-610502798,S3-777858845,S3-176872341
S1-305839020	S2-451174013,S3-875651698
S1-149604234	S2-695286555,S2-751812319,S2-890606962,S2-954434103,S3-777215781,S3-131367350
S1-572982287	
S1-805070666	S2-282454868,S3-903151143,S3-172933032
S1-419725381	S2-428736038,S3-191013738
S1-903118861	S2-417313631,S3-465613400,S3-742465907
S1-734634783	S2-980651759,S2-501384396,S3-114698228,S3-986526946,S3-560405954,S3-998276041
S1-792973213	S3-877593497
S1-44932001	
S1-18276231	S2-109237386,S2-672529193,S3-942853474
S1-419447652	S2-196665073,S2-45426382,S3-462984596,S3-423651682,S3-743613948,S3-914989658
S1-218348141	S2-541343369,S2-153688631,S3-533944799,S3-740702791
S1-706708685	S2-541619282
S1-697302545	S2-597136350,S2-325969572,S3-690526042,S3-949184545,S3-913220157
S1-82820917	S2-52115458,S2-301790605,S3-854555958
S1-142832040	S2-154782356,S2-833795478,S2-716794091,S3-845174745,S3-593700131
S1-229102605	S2-792126269,S2-476503147,S3-899440088
S1-383449539	S2-30487996,S2-533539868,S3-947760259,S3-85542089
S1-285278154	S2-734978259,S3-237400015,S3-730775138
S1-297494205	S2-930926987,S3-66834296,S3-277158755
S1-638599801	
S1-443684341	S2-53245717,S2-680209744,S2-64925672,S3-197986329,S3-694606583
S1-101364006	S2-190939420,S3-423557351,S3-83821874,S3-240365314,S3-548836402
S1-511793537	S2-618166011,S3-132387524,S3-464168374,S3-49257609
S1-163255188	S2-257882811,S2-776962496,S3-142248351
S1-6034061	S2-875808887,S3-237030121
S1-885742978	S2-420476298,S3-101405370,S3-949325070,S3-975806917
S1-944445121	S2-894686069,S3-596259758,S3-240664021,S3-516310432,S3-127657435
S1-481281376	S2-53725717,S2-785119733,S2-395208292,S2-475059977,S3-969351732,S3-691181296
S1-204835412	S2-443765893
S1-363999259	S2-34479751,S3-779762275,S3-988753194,S3-919915381
S1-613531436	
S1-295539809	S3-870878300,S3-906504735
S1-418033957	S2-265574064,S3-553369530
S1-181786498	S2-986799548,S3-653040877,S3-672241600,S3-459162102
S1-210849781	S2-562117280,S2-845708664,S2-820221567,S3-649907207,S3-895784814,S3-210870050,S3-240268161
S1-674726407	S3-933740979,S3-890244770,S3-825675510
S1-440522027	S2-501509999,S2-102637868,S2-426319104,S3-558593104,S3-268053777,S3-692361163
S1-216641290	S2-548360714,S2-335549531,S2-149602738,S3-765807910
S1-654341375	S2-283658925,S3-440643413,S3-293489176,S3-891337544,S3-946374401
S1-296672331	S2-492688125,S3-595387092,S3-351017910
S1-456503698	S2-490506079,S2-897378699,S2-767322313,S3-902397557,S3-466665214,S3-611985006
S1-364084739	S2-142856811,S3-835546497,S3-91447278
S1-279723180	S2-511295695,S3-572676414,S3-125761711,S3-501856374
S1-997248343	S2-817148911,S3-368367114,S3-984462654
S1-812302708	S2-164047080,S3-117391635
S1-17148778	S2-841383785,S2-786952906,S2-232575239,S3-873274627,S3-664763541,S3-843603802
S1-313861075	S2-913293698,S2-812437011,S3-163956438,S3-962570033
S1-260786295	S2-148507622,S2-263623499,S2-308771257,S3-126821570,S3-460934251,S3-499502191,S3-584785197
S1-726454300	S2-452398756,S2-586392578,S3-430221088,S3-410074860
S1-174971429	S2-951665374,S2-744557298,S2-228797659,S3-532637110,S3-285983876
S1-110799801	S2-704248746,S2-605579926,S3-826212487,S3-652940997,S3-67625058,S3-660999644
S1-627864980	S2-591386223,S2-645351123,S3-556428932
S1-937665695	S2-325177361,S2-969898980,S2-214755547,S3-935183445,S3-462660679,S3-151130234
S1-755012374	S2-991378225,S2-596816537,S2-352641607,S3-558743972,S3-432986964
S1-197205293	S2-175963404,S2-95770729,S3-721677516,S3-951077340,S3-34743900,S3-140032490
S1-632465343	S2-471008179,S3-264050182,S3-971733612,S3-521472289,S3-531875237
S1-552925165	S2-763387255,S2-428439868,S3-171181187,S3-536425351
S1-988816252	S2-877875891,S2-129661142,S3-168287570
S1-683445650	S2-355213503,S2-979287754,S2-344760135,S3-682844274,S3-857416287,S3-686540984
S1-986953974	S2-680677312,S2-838378248,S3-12048174,S3-840371375
S1-30544668	S2-641070239,S2-536915243,S3-736884660
S1-359566165	S2-741060453,S2-846535978,S3-441658376
S1-106326930	S2-766998880,S2-518892482,S3-83453994,S3-205393192
S1-838701663	S2-554582487,S2-581021904,S3-340159230
S1-823349040	S2-756763349,S3-914027398,S3-326270100,S3-340963302
S1-862882702	S2-527775130,S3-775812412,S3-103791636
S1-3884076	S2-907342282,S2-802775845,S2-542789124,S2-388799217,S3-508081329
S1-449512950	S2-199153673,S3-293950764,S3-478595671,S3-271233499,S3-262759409,S3-366011730
S1-743851752	S2-883201361,S3-115263858
S1-655243944	S2-881386306,S2-639668840,S3-70783129,S3-289893897,S3-455912056
S1-185551815	S2-946710970,S2-978066138,S3-561229924,S3-324612419,S3-316763075
S1-364398767	S2-84047380,S3-37727120
S1-683788263	S2-779063504,S3-501078612
S1-869162161	S2-614588466,S2-833859053,S3-798980766,S3-792944836
S1-253390548	S2-545238670,S2-474130449,S3-282119271
S1-150681360	S2-820677859,S3-560930929
S1-558402641	S2-231169879,S2-761035582,S2-100811277,S2-727830050,S2-181042089,S3-303016749,S3-190885301,S3-60231321
S1-847214446	
S1-953282797	S3-886569652,S3-606374443,S3-684911733
S1-660188596	S2-444477063,S2-318995185,S3-244521491,S3-880156806,S3-301183152
S1-859429554	S2-785652957,S2-699504354,S3-392287026,S3-448489694
S1-38151369	S2-592231891,S2-454075545,S2-598818764,S3-246188883
S1-361309015	S2-960271974,S3-483911284,S3-680686585,S3-654847738
S1-405141919	S2-155071678,S2-892052286,S2-316585256,S2-469207582,S2-754856819,S3-711334462
S1-314155272	S2-511832664,S3-698373689,S3-119231992
S1-271250984	S2-6200882,S2-856908584,S2-783104453,S3-66691507,S3-255483430
S1-239617846	S2-967603377,S2-334369893,S2-899881269,S2-852091300,S3-219076952
S1-591117448	S2-319537803,S2-748343967,S3-989334473,S3-494923863,S3-424918050,S3-639941129
S1-991594397	S2-108478159,S2-806682727,S2-411718047,S3-855730393,S3-638629281,S3-929786408
S1-438022215	S2-527915576,S3-731632399,S3-545473447,S3-942333032
S1-657625699	S2-257177811,S3-149947395,S3-537345031
S1-888749298	S2-156573872,S2-20605961,S2-904176125,S3-837063223,S3-474721351,S3-177804936,S3-409605253
S1-198252993	S2-755395223,S2-391372948,S3-765092692,S3-974574002
S1-303755060	S2-387384986,S2-839533786,S3-263539658,S3-45167101,S3-390866058,S3-683755169,S3-592595813
S1-23738024	S2-808000911,S3-515656304
S1-844896591	S2-362218588,S3-11966366
S1-64313862	S2-153266455,S2-528336433,S3-890176700,S3-404117574,S3-417944728,S3-371690697
S1-256318607	S2-49740667,S2-453324003,S3-43830153,S3-370873067
S1-249541059	S2-414293572,S2-325320003
S1-185426989	S2-793011878
S1-277568549	S2-611615974,S2-636577186,S3-463158707
S1-512420483	S2-813933994,S2-419872865,S2-948188985,S3-746342714
S1-933243929	S2-944067695,S3-702610584,S3-676958804,S3-376176676
S1-989924267	S2-941206792,S2-973482655,S3-262595741
S1-260697425	S2-517613867,S2-539276252,S2-212680983,S3-296178566
S1-539096570	S2-94231703,S3-307476331,S3-890640332
S1-720744509	
S1-239315048	S3-580377379
S1-895547640	
S1-900348060	S2-717137506,S3-917254103
S1-143612983	S2-155659208,S3-339207403
S1-877425879	S2-287158980,S3-560847801
S1-955130834	S2-242505530,S3-842677909,S3-503994357,S3-934891659,S3-292752341
S1-56115126	S2-221974061,S3-123283768,S3-350017164,S3-681485906
S1-362756764	S2-191718962,S2-175422550,S3-445799227,S3-65379571,S3-117595477,S3-931325695
S1-621690113	S2-21068434,S3-5616089,S3-190819231
S1-215130873	S2-928069250,S3-255655577,S3-459429657,S3-503642904,S3-407438629,S3-220445233
S1-382285965	S2-627813753,S3-810042714,S3-510168555,S3-570561291
S1-532573978	S2-278953837,S3-571994922
S1-2871277	S2-331665362,S3-485579613,S3-150112268
S1-689556484	S2-20053923,S3-966645637,S3-200115173
S1-299157870	S2-301202228,S2-129726428,S3-877623355
S1-309592095	S2-622473644,S3-340434939,S3-29402375
S1-586648451	S2-736227598,S3-833874215
S1-606109978	S2-850087112,S2-814891313,S3-960645266,S3-175823786,S3-558509835
S1-660243284	S2-735779782,S2-372731556,S3-954191794
S1-211942360	S2-155715739
S1-288398730	S2-473253338,S2-468826467,S2-268918749,S3-506651055,S3-480630754
S1-350702402	S2-510790074,S3-697102575
S1-261726983	S3-6712284,S3-517852687
S1-244344237	S2-366737140,S2-461222022,S2-915452866
S1-953056518	S2-952103719,S2-807081094,S2-905408840,S3-774739645,S3-550422314
S1-451799300	S2-368872775,S2-999620810,S2-960775935,S3-608612753,S3-775963577
S1-688023713	S2-243195651,S3-344687879
S1-995567337	S2-503324206,S2-901114014,S2-458359635,S3-170999506,S3-479229877,S3-825340470,S3-340550769
S1-275306807	S2-224977782,S2-836548500,S3-128140288,S3-54841345,S3-491987278
S1-937356823	S2-333278601,S2-59753567,S3-41801400
S1-271750591	S2-311406898,S2-219142757,S2-449215695,S3-689310784,S3-525702632
S1-631398737	S2-138503514,S2-292073075,S3-204787938,S3-108578381,S3-70489303
S1-60238486	S2-254185550,S3-825828743,S3-437412670,S3-801491022
S1-456706799	S2-567268382,S3-65937531,S3-623506473
S1-714258980	S2-870741576,S2-873162942,S2-604734765,S3-799756486,S3-701519948,S3-903740309
S1-711051679	S2-729269227,S3-754499092
S1-337261548	S2-5927771,S2-328974840,S2-994988897,S2-708215676,S3-909912637
S1-764746653	S3-803270467,S3-390989711
S1-385380749	S2-553955627,S3-684473632,S3-676660654
S1-491798927	S2-327325549
S1-704919417	S2-213498782,S2-47908472,S3-399003251,S3-366776196,S3-184554630
S1-414814376	S3-964612349,S3-875401182
S1-646841494	S2-527759308,S3-375050071,S3-852542824,S3-899227168
S1-815825222	S2-143130262,S2-780196044,S3-376718227
S1-19402182	S2-654781658,S3-209538657,S3-137262896,S3-932558598
S1-422760145	S2-346821440,S2-5091094,S2-445229762
S1-958475533	S2-896056665,S2-275468072,S3-583057994
S1-107384007	S2-618593764,S3-401087545,S3-731434111
S1-289063504	S2-561852107,S2-573315978,S3-530380574
S1-513910451	S2-662695411,S2-347431129,S3-40019438,S3-668598076,S3-787360935
S1-288359061	S2-865685728,S3-522915055,S3-876007532,S3-247437316
S1-663859385	S2-824915561,S2-257470549,S3-225239949,S3-279730346
S1-550605615	S2-256901057,S3-997897080,S3-199795606
S1-914995687	S2-263672282,S2-476254969,S3-524918348
S1-813704961	S2-623318081,S3-937622638,S3-147071369,S3-783237326,S3-569946471
S1-76992312	S2-486100035,S3-41215078,S3-58059265
S1-829826991	S2-124499933,S2-936272125
S1-171004818	S2-638246233,S3-501819545,S3-781921669
S1-420593966	S2-518162869,S2-118455,S2-610502640,S3-785011566
S1-632256194	S2-914055714,S2-36918650,S3-466033546,S3-528266727
S1-118170039	S2-707314550,S2-892114297,S2-143890308,S3-495353752,S3-646688361,S3-256563506
S1-332792664	S2-822562373
S1-545563302	S2-285248484,S3-607824449,S3-961183327
S1-221790674	
S1-480591442	S2-432313044,S3-758280839,S3-42372857,S3-346071531,S3-810940843,S3-829119803
S1-587701026	
S1-382674282	
S1-715167399	S2-914065316,S2-993232634,S2-21125523,S2-711893864,S3-588094386
S1-438811218	S2-57664490,S2-837535475,S2-525313782,S2-647143947,S3-436985986,S3-717653834,S3-161601431,S3-291285469
S1-969298915	S2-143010982,S2-656092082,S2-714017267,S3-468624678,S3-547481334,S3-524131862,S3-264959823
S1-594056803	S2-17186006,S2-96233253,S2-193721867,S3-349647936,S3-348113766,S3-573142048
S1-52223771	S2-257847617
S1-289148559	S2-625374950,S2-645073511,S2-587353255,S3-974358206,S3-866289633
S1-414888397	S2-705169915
S1-474687990	S2-578461425,S3-673404083,S3-69317766
S1-23704128	S2-506467091,S3-3713015
S1-347219845	S2-369921699,S2-643005961,S2-752659485,S3-557707413
S1-316755315	S2-467580943,S2-930854295,S3-582211728
S1-798238581	
S1-590581569	S3-166520602
S1-270210707	S2-446586519,S2-254123178,S3-141962130,S3-533159643
S1-393400566	S2-682543348,S3-749207358,S3-281547142
S1-972363721	S2-332656881,S3-429708803,S3-135640692,S3-596525583,S3-120561476,S3-743592424
S1-795206279	S2-859156493,S3-302584736,S3-644733968
S1-965125191	S2-154283555,S2-42901373,S3-407154943
S1-686465524	S2-611559625,S2-397148750,S3-295269979,S3-745131039,S3-190427174
S1-835190617	S2-693975570,S3-116126302,S3-214893101
S1-28326227	S2-637375307,S2-911641427,S3-899710946
S1-730029142	S2-94210128,S3-146395993,S3-204119410,S3-105907186
S1-23121390	S2-370446482,S2-308999312,S2-768917392,S3-10354140,S3-923546424
S1-550003654	S2-89430782,S2-264228518,S3-573619551,S3-402205899
S1-269658432	S2-438785898,S3-433584153
S1-371874635	S2-311808,S2-137073961,S3-684456756
S1-21526648	S2-884716368,S2-721222230,S2-2303053,S3-321432576,S3-162829800
S1-296806571	S2-665828584,S2-421551407,S3-906475287,S3-237799760
S1-296030195	S2-560718770,S2-788237473
S1-744783712	S2-69809314,S3-539643887,S3-650359512,S3-812581265,S3-71317695
S1-860358582	S2-122178984,S3-630743152
S1-327425253	S2-419383065,S2-668893486,S3-223481552,S3-535780115
S1-435517917	S2-547669744,S2-911184923,S3-186963329,S3-477441433,S3-928181781
S1-583880304	S2-329486779,S3-163327193,S3-180585258
S1-796712254	S2-459307402,S2-335244971,S3-795267102,S3-326915441
S1-518796759	S2-821014349,S2-848239347,S3-743961223,S3-43718616
S1-598280837	S2-603783354,S2-997788747,S2-363582508,S3-691363960
S1-785537161	S2-25673892,S2-186529334,S3-420224008,S3-512273446,S3-556156225
S1-388041707	S2-420068334,S2-925973259,S2-897500272,S3-336889640,S3-967466322,S3-381452167,S3-858977968,S3-335870065
S1-323893092	S2-215447588,S2-659857101,S2-54336273,S3-623130641,S3-917842642
S1-551659339	S2-877811901,S3-342963691,S3-362903786
S1-283218479	S2-856017692,S2-19262137,S2-257866123,S2-236544027,S3-442202413
S1-230674983	S2-609696853,S3-5705304,S3-814188931,S3-354388939
S1-166872806	S2-846670553,S2-464251966,S2-440440387,S3-235590378
S1-4974978	S2-811415282,S3-703137889,S3-947193982
S1-470667990	S2-797403279,S3-664975636,S3-501559207
S1-177470509	S2-434303601,S3-210978167,S3-967319236
S1-399887735	S2-923220785,S2-828069829,S2-109086635,S3-941357643,S3-948271193
S1-561159498	S2-867570877,S2-227425363,S3-126343886
S1-41090804	S2-606670367,S2-589615634,S3-929273485,S3-951554137
S1-329998550	S2-578461984,S3-290431952,S3-887779434,S3-301456917,S3-751678364
S1-687946604	S2-95561702,S2-935053742,S2-75866380,S2-318811089,S2-495193460,S3-570782386,S3-796356744
S1-644810595	S2-731797821,S2-335966608,S2-463738423,S3-710201923,S3-424259975
S1-632138364	S2-914186327,S2-950271964,S3-195699284
S1-910787107	S3-758042154,S3-430878442,S3-675108511
S1-309685378	S2-187098723,S2-915935929,S2-523989567,S3-804793368
S1-485642352	S2-147852121,S3-319078308
S1-794894976	S3-964543982,S3-101305304
S1-954241367	S2-203046583,S2-24186152,S3-576720659,S3-268950997,S3-585055380
S1-79877232	S2-487564314,S3-889256189
S1-808238383	S2-708123082,S2-782487083,S3-146937828
S1-705083256	S3-189320525,S3-441844060
S1-914281895	S2-713475210,S3-4436052,S3-324001964,S3-884542532
S1-775692598	S2-745930641,S3-260308941,S3-336628784,S3-681105799
S1-109593962	S2-199917158,S3-118565228,S3-523567654
S1-604590062	S2-332413621,S2-929098440,S3-709460752,S3-541767936,S3-637767074,S3-234199367
S1-896179442	S2-927828064,S3-277152022,S3-765321409,S3-117507735
S1-170538959	S3-821601911,S3-337845390,S3-374174773,S3-513145262
S1-971293452	S2-120183362,S2-150396530,S2-230029641,S3-968522510,S3-514953309,S3-99497076
S1-183290515	S2-319387779,S2-128403509,S2-972691228,S2-640793308,S3-852024502,S3-979898428
S1-567125574	S2-150838296
S1-831953030	S3-751033856,S3-163673487,S3-140145316
S1-890139006	S2-489534737,S3-405481204
S1-748107569	S2-367005874,S2-785304586,S3-397665878,S3-275446284,S3-974622214
S1-164446591	S2-118448580,S2-605028266,S3-28812685,S3-616736405,S3-837822725
S1-397122489	S2-223923735,S3-708508423
S1-18922388	S2-858071683,S2-851208599,S3-568220636,S3-728999429
S1-734993216	S2-227773482,S3-475290153
S1-151727373	S2-916425328,S3-375029478,S3-628820040
S1-430336728	
S1-208097391	
S1-995897123	S2-776738316,S2-617424918,S2-586169786,S3-436781388,S3-994760261
S1-194652691	S2-295222153,S2-823066630,S2-4768472,S3-846185905
S1-975479429	S2-207141909,S2-772066403,S3-289579400
S1-500023233	S2-732649321,S3-372603125
S1-402241052	S2-144951700,S2-907297271,S3-247153679
S1-669733316	S2-656627616,S3-186173791,S3-778227148,S3-530466133
S1-763486690	S2-824362337,S3-681053352,S3-462180193
S1-400650322	S2-84228308,S2-362764851,S3-641745839,S3-122677436
S1-333734493	S2-165390446,S2-44858199,S3-408343510,S3-799140083,S3-99254349,S3-391793511
S1-13459471	
S1-881426134	S2-611577665,S3-752608566,S3-120532975
S1-654486026	S2-407376794,S2-273385574,S3-497843871,S3-27219952,S3-18233005
S1-644319783	S2-658391185,S2-652669800,S3-678832069
S1-758949647	S2-319135557,S2-411058561,S2-753472575,S3-19464306,S3-186646694
S1-359309953	S2-945631907,S3-904247464,S3-226658528,S3-863989577,S3-203863134
S1-300598855	S2-65111536,S3-471125389,S3-94498484
S1-287227864	S2-81349741,S2-965188650,S3-530185172
S1-734821261	S2-618942370,S2-387449332
S1-210403116	S2-868339761,S3-888368892,S3-665216275,S3-905989859,S3-790627623
S1-990354457	S2-355057676,S2-978556719,S3-636105112
S1-353656325	S2-100083276,S2-680584679,S3-257070939,S3-909062859,S3-798785554,S3-303057445
S1-746083627	S3-727097419
S1-794501274	
S1-180407398	S2-321662087,S2-90986584,S3-735360999,S3-80542553
S1-286680045	S2-717823377,S3-476888842,S3-43980577
S1-931473811	S2-486109226,S2-428942233,S2-160842684,S3-754797224,S3-196196445,S3-354348131,S3-467883790
S1-17199832	S2-245401721,S2-343187904,S3-525553958,S3-493298354
S1-203260456	S2-733640695,S2-214427379,S2-822585016,S3-984842983,S3-653214758,S3-204537761
S1-410577550	S2-469412047,S2-988228571,S3-916484684
S1-332182002	S2-19936046,S3-37990194
S1-196576160	S2-708684745,S2-797498751,S2-159002314,S3-676392304,S3-593183433,S3-180926047,S3-598799455
S1-326577657	S2-88471049,S2-193041163,S2-765028847,S2-746019177,S3-793740032,S3-769947589
S1-420925507	S2-203160203,S3-18388563,S3-38088350,S3-75671102
S1-100109534	S2-456305658,S3-173726535,S3-834817305
S1-668968195	S2-846483605,S3-566780260,S3-397506284,S3-591859354
S1-670965363	S2-708332504,S3-26861465
S1-617436415	S2-930061810,S2-907281612,S3-835885556
S1-289542061	S2-785819524,S3-438438825
S1-75051784	S2-270311859,S2-202455727,S2-821910792,S2-21368578,S2-150691203,S3-406664734
S1-246360451	S2-388684631,S3-263347582,S3-622374923,S3-505157875
S1-760667963	S2-262221319,S3-989118574,S3-802167044,S3-863665592
S1-554498365	S2-325413796,S2-94625584,S2-367939947,S3-831567377,S3-982680419
S1-864404672	S2-704688975,S2-100301277,S3-748146965,S3-117182313
S1-606008468	S3-190212614,S3-322554909
S1-503559143	
S1-224916084	S2-47006306,S2-74541854,S2-963477625,S3-656753442
S1-325654285	S2-862023482,S2-55851558,S3-449024377
S1-569530967	S2-129089216,S3-258623917,S3-612664776,S3-235054036
S1-295307019	S2-292042144,S2-44975623,S3-562777362
S1-660076156	S2-586585325,S2-361562650,S2-963169406,S3-851382760,S3-914714358
S1-136179667	S2-311156638,S3-655028378,S3-896508433
S1-779071666	S2-894447711,S3-99240562,S3-254099983
S1-892768886	S2-868688772,S2-182206960
S1-61487633	S2-614148899,S3-985424324,S3-918534022
S1-223236467	S2-974172228,S2-332689889,S3-686921043,S3-316383902,S3-834644032
S1-11302207	S2-462497845,S2-885753406,S2-317371776,S3-757395085,S3-494568989,S3-547274579
S1-529016248	S2-839563753,S3-131782931
S1-958358002	S2-413978746,S2-352616267,S2-404279811,S2-191236765,S3-969092823,S3-406420449,S3-129906398
S1-920128741	S2-987982086,S2-144132128,S3-550998505,S3-344389255,S3-553920357
S1-468092067	S2-17443562,S3-598808382,S3-156749086
S1-575212832	S2-474635774,S2-391296287,S3-90202042
S1-808056305	
S1-432454578	S2-879366632,S2-920111289,S3-889762752
S1-374373873	S3-402781263,S3-771698089
S1-946866802	S2-613083960,S3-829632435
S1-132150599	
S1-372785677	S2-572372835,S2-876953964,S2-680222924,S3-16280215
S1-366921483	S2-837651273,S2-177731812,S2-28792662,S2-695405112,S3-673386629,S3-454215634,S3-944723161
S1-212316920	S2-661901231,S2-242916019,S3-868285804,S3-43016311,S3-131254209
S1-261082046	S3-648050238
S1-680439252	S2-153174604,S3-518345768,S3-947707900
S1-43044582	S2-933142582,S2-85124305,S2-400667124,S2-956915023,S3-108366387
S1-192757112	S2-29099690,S2-97554123,S2-344356876,S3-850800659,S3-362275708
S1-522799506	S2-700249706,S3-956044844,S3-425048411
S1-562736157	S2-135659916
S1-123985580	S2-376776736,S2-751835408,S3-793727438,S3-684229745
S1-294514712	S2-523234440
S1-96886690	S2-386674236
S1-600604729	S2-142974942,S2-456742792,S2-659111294,S2-666899392,S3-571032681
S1-343612376	S3-919573636
S1-153938300	S3-501648829
S1-124298898	
S1-921642430	S2-875992988,S2-893139347,S2-814125378,S3-962492340,S3-4568126,S3-859469570
S1-523182155	S2-762265123,S2-737977439,S3-738526276
S1-661098344	S2-515979427,S3-182260348,S3-618252646
S1-404998558	S2-861488294,S2-389422952,S3-885764812,S3-512682692
S1-852030997	S2-841621186,S2-907480604,S2-359549629,S2-227019177,S3-830838530,S3-499497315
S1-115683921	S2-301482093,S2-65501746,S3-961668196,S3-553245897
S1-3892247	S2-169252352,S3-343324038
S1-987375275	S2-328532430,S2-401313862,S2-494775875,S3-275798620,S3-459105416,S3-107882656
S1-659175866	S2-405356055,S2-677006055,S3-235520529,S3-52430000,S3-387776647
S1-30217767	S2-774649998,S2-840565535,S2-661475178,S2-374959935,S3-610052988,S3-846370131
S1-35757603	S2-551453076,S2-836589646,S3-435254251,S3-690859996
S1-176194512	S2-126037988,S2-753330615,S3-540862469,S3-735674792,S3-475071565
S1-245985596	S2-404428651,S2-149727998,S2-912804964,S3-110660731,S3-746175571,S3-379939148
S1-100365400	S2-282273778,S3-169471428
S1-416305841	S2-613147012,S2-450039518,S2-388168609,S2-637797628,S2-387985230,S3-480206960,S3-573150853
S1-703735371	S2-782475326,S2-519149050,S3-12136301
S1-131190690	S3-80911626,S3-988033921
S1-743789700	S2-920534670,S2-426964356,S3-867273669,S3-855056798
S1-11448513	S2-273809839,S2-827354151,S2-492161984,S3-680882349
S1-756955445	S2-384142265,S3-397915695,S3-962839753
S1-788294122	S3-738448705,S3-867884532
S1-667909168	S2-749762842,S3-482054757,S3-629796468,S3-488874514
S1-244608607	
S1-318977844	S2-180948207,S2-406376135,S2-465455755,S3-891911954,S3-661599918
S1-554140203	S2-79905752,S2-749350291,S2-552422813,S2-755137461,S3-242802389
S1-129416502	S2-378289511,S2-618660779,S3-121505041
S1-278943754	S2-176034363,S3-608619498,S3-23940923
S1-926707859	S2-969988349,S3-824205685,S3-459385899
S1-708508898	
S1-364429122	S2-593322453,S3-197477088
S1-428981437	S2-268697328,S2-853967561,S2-884366351,S3-168564211,S3-148406273
S1-388446115	S2-274401413,S3-949603456
S1-994203877	S3-699869973,S3-484374385,S3-269171353
S1-716451136	S2-31343065,S2-749779212,S2-487852953,S2-62477417,S3-642244334,S3-601709706,S3-167001092,S3-915954872,S3-596772585
S1-132767242	S2-236578462,S2-275696593,S2-580427846,S2-33211040,S3-180224560
S1-982984603	S2-707166657,S3-562632671,S3-956618327
S1-264679680	S2-48546260,S3-854421430
S1-562986502	S2-305435436,S2-282163876,S3-98698640,S3-732972839,S3-46019063
S1-638016430	S2-907130522,S2-942607725,S3-626807772,S3-692188678,S3-229554313,S3-288696915,S3-555575622
S1-773387688	S2-248366814,S2-796632929,S3-577325097
S1-575674667	S2-627011482,S2-996681108,S3-458357878,S3-445544579,S3-546086368,S3-726748119
S1-783518091	
S1-672951415	S3-70625626,S3-753197196,S3-130668390,S3-349392161
S1-222734131	S2-487025480,S3-914897360,S3-656229637
S1-120396535	S3-342122461,S3-879206063,S3-8617717
S1-648376479	S2-229623554,S3-87215067
S1-177241641	S2-701819480,S2-172475646,S2-505086652,S2-149766288,S3-22324102
S1-790965203	S2-52191434,S3-232387152
S1-719255010	
S1-149092361	S2-168909057,S2-709740064,S3-584248867,S3-49879895,S3-210358031
S1-545210421	S3-704566174,S3-379172679
S1-125935238	S2-494484844,S2-372633350,S2-514851211,S3-303186082,S3-824212237,S3-293639214
S1-681160793	S2-891856879,S2-395532965,S3-987734207,S3-515561648,S3-558764097
S1-849233313	S2-162837948,S2-890140326,S3-887028740
S1-598228526	S3-53928330,S3-806965338,S3-307896404
S1-720511261	S2-230935368,S2-888152272,S3-810965798,S3-264208857
S1-364861670	S2-672665299,S2-461855967,S3-700153581
S1-661690541	S2-457149368,S2-956512250,S2-197434960,S2-284721663,S3-139680162,S3-441705552,S3-749773417
S1-535178949	S3-32235811,S3-140017259
S1-407704425	S2-681006858,S2-310565366,S2-249523036,S2-641001986,S3-275258640
S1-283013172	S2-1975467,S3-485104561,S3-204998929
S1-62178354	S2-596137442,S2-956848973,S3-205228257,S3-737837764
S1-178903663	S2-282581671,S2-871758223
S1-940680747	
S1-641639353	
S1-779425860	
S1-997650748	S2-679944918,S2-944663459,S3-555745179,S3-404228470,S3-369069793
S1-315682359	S2-260280311
S1-256116349	S2-88675908,S3-337636728,S3-781959126
S1-214959549	S2-135033678,S3-55367576
S1-500395708	S3-663116419,S3-37518225
S1-378749556	
S1-14448673	
S1-738071841	S2-216003245,S3-656325628
S1-539655547	S2-109390476,S3-839254878
S1-904641792	S2-243764861,S2-810813977,S2-414256753,S2-30198793,S3-173746424
S1-86254898	S2-869427180,S3-333452624
S1-633829247	S2-265281205,S3-68802328
S1-338644069	S2-653614735,S3-187791369
S1-741128363	S2-484303030
S1-958543863	S2-886947928
S1-952244178	S2-914560498,S3-340597601,S3-630331250
S1-723078987	S2-340236468,S3-249522768,S3-844089007,S3-650471645
S1-28453582	S2-72442936,S2-146579726,S2-273367337,S3-979369233,S3-638530782
S1-868945111	S2-576523285,S2-429309696,S3-803740106,S3-936148707,S3-765863355
S1-507732665	S2-71746113,S3-858617832,S3-709740534,S3-358977768,S3-178624588
S1-476874826	S2-91880900,S2-783289295,S2-931392519,S3-911018340,S3-378539016
S1-819347180	S2-251794267,S3-611073721,S3-218350669
S1-335994787	S2-946964997,S3-863775920,S3-164758676
S1-194550645	S2-839447794,S2-439314898,S2-52502518,S3-22196773
S1-293275428	S2-31153959,S2-432053598,S2-397252955,S3-347499556
S1-343690942	S2-102246008,S2-318066962,S3-593190209
S1-384090359	S2-361578186,S2-856379117,S3-837915003
S1-381900880	S2-295737112,S3-211394937,S3-957028842
S1-915642112	S2-402715888,S2-91009340,S3-403169986
S1-109932442	S2-792984398,S2-478270527
S1-443022811	S2-331707463,S2-808156553,S2-763847715,S3-342201717
S1-782585260	S2-217960968,S2-597840910,S3-81522073,S3-301222761,S3-973843500,S3-718485781
S1-261704835	S2-712978464
S1-742696221	S2-875998753,S2-21704936,S2-457495721,S2-126247024,S3-609776940,S3-232874027,S3-417138619
S1-696908232	S2-254201282,S3-811836089
S1-287772185	S2-487481698,S3-362886446
S1-625874531	S2-769217657,S2-279286807,S2-781836094,S3-62560436,S3-182890574
S1-650390016	S2-422716036,S2-230318262,S3-320715619,S3-866311700,S3-878079181,S3-922077992
S1-727381193	S2-724149294,S3-163987059,S3-295270051
S1-727686013	S2-244152687,S2-389881714,S2-986940248,S3-232519749,S3-343979962,S3-391121684,S3-562383456
S1-926626262	S3-36044583
S1-674046857	S2-666516126,S2-91923098,S2-302038434,S2-344455692
S1-86766910	S2-531908062,S3-638759317
S1-900353897	S2-830060932,S2-278013484,S2-379199913,S3-425631105
S1-13355188	S3-410923822,S3-943452243,S3-384571781,S3-802702369
S1-267071757	S2-72196607,S2-367237866,S2-167880419,S3-304299787
S1-493243219	S3-824823298,S3-735348122,S3-137892345
S1-59474645	S3-617276276,S3-180857360
S1-174171861	S3-227575059,S3-494163345
S1-92068166	S2-493242665,S2-788076584,S3-630972075,S3-606189543,S3-705419214
S1-33745503	S2-220028154,S3-774556416
S1-544153034	S2-13235949,S2-918884783,S3-641597990
S1-165937999	S3-87467790,S3-766423819,S3-716931273
S1-576056148	S2-426683016,S2-244199728,S2-557031545,S3-334379933,S3-501425410,S3-587086752,S3-662003974,S3-606497358,S3-633717330
S1-102500336	S2-836664456,S2-37718357,S2-597516267,S2-16417764,S2-539821042,S3-239861443,S3-86548047
S1-613595380	S3-862471137
S1-919094063	S2-396879800,S3-774430010
S1-458279858	S2-313022838,S3-861212698,S3-206182753
S1-841376780	S2-485960600,S2-902955597,S2-193715408,S3-285613238
S1-129783257	S3-683078820,S3-31969399
S1-198786916	S2-460906835,S2-228950353,S3-174982925
S1-310160836	
S1-846416101	S2-609727102,S2-571902529,S3-6510857,S3-397161331,S3-956458727,S3-560424886,S3-798919448
S1-101933359	S2-610676249,S2-883646361,S3-550755616,S3-489839174,S3-574743686,S3-193783608,S3-688495250
S1-701363835	S2-360078924,S2-377233912,S3-863667215,S3-674473693,S3-683899870
S1-176307346	S2-742970538,S3-2106122
S1-575272596	S2-23844841,S2-871842149,S2-273284707,S2-644236550,S2-142047567,S3-812895334,S3-870664415
S1-178252371	
S1-180440335	S2-701972268,S3-278161857
S1-729777698	S3-981590643,S3-96877441
S1-973613897	S2-702038236,S2-18824946,S3-376512712,S3-875866915,S3-430225486
S1-482767162	S2-953458366,S2-868551337,S3-543737975
S1-525076766	S2-416349575,S2-955764413,S3-57576202,S3-882464297,S3-168360862,S3-441397123
S1-159265354	S2-327393683,S2-685302821,S2-792721992,S3-794453469,S3-945212187
S1-66670978	S2-110025488,S3-714699451
S1-476229978	S2-777355389,S2-769476897
S1-321648485	S2-276463791,S3-264604047,S3-932082996,S3-772750581
S1-595584379	S2-90794520,S3-623406014,S3-73875129
S1-185491325	S2-563314886,S2-65755767,S2-775062568,S2-277316319,S3-661297563,S3-946165958
S1-220467518	S2-634226364,S3-564067092,S3-869469862
S1-813196491	S2-563177618,S2-886127710,S3-964463197,S3-943512242
S1-331782121	S2-162959227,S3-477032572
S1-117568069	S2-795255485,S3-774478709
S1-867636377	S2-739033454,S2-492007733
S1-489879219	S3-695864518
S1-985760905	S2-319316823,S2-693241474,S2-186919003,S2-115062951,S3-405354702,S3-439554105,S3-200963631
S1-367981822	
S1-396880873	S2-589481940,S2-474381391,S2-826731871,S3-956492835
S1-434099993	S2-950450589,S2-999431918,S2-349198774,S3-880074882
S1-221671666	
S1-855854352	S2-144852028,S3-677980514,S3-681336942
S1-729963974	
S1-959134934	S2-94442442,S2-22391750,S3-165309032
S1-147061516	S2-992724373,S2-889970085,S3-532384147,S3-377394682
S1-812323348	S2-425669908,S2-908228412,S3-439462603
S1-630488273	S2-429732333,S3-732719184,S3-902040254,S3-383447201
S1-931070977	S2-610846413,S2-782436948,S2-185075524,S2-276568653,S3-996138535,S3-44931684,S3-119547665
S1-8369493	S2-716108154,S3-877173482,S3-97991495
S1-71236461	S2-913718589,S2-228522832,S3-664584782,S3-891775601
S1-386805796	S2-782252993,S2-873615384,S3-383563605,S3-998103985
S1-414566417	S2-82785475,S3-926073794
S1-500971244	S2-195867308
S1-64970768	S2-656021890,S3-840286757,S3-1273534
S1-603849401	S2-442447011,S3-136081082,S3-907775422
S1-132277685	S2-493319953,S3-249790459,S3-323908394
S1-994437498	S2-421613665,S3-498056371
S1-205642784	
S1-494744463	S2-139298231,S3-160794523,S3-266332355
S1-723690266	
S1-396992341	S2-521178663,S3-735302856
S1-320676568	S2-43587955
S1-741048456	S2-60922642,S3-36964922,S3-214413605
S1-496258616	S2-672308533,S2-73315583,S3-518640125
S1-722885349	S2-983677642,S2-708154736,S3-858620682
S1-728759210	S2-911286375,S2-648596577,S2-133200793,S2-122003248,S3-712870504,S3-704512634
S1-827122880	S2-660515300,S2-96288944,S3-233305147,S3-377823013
S1-117525650	S3-230664101
S1-219765772	S2-73475891,S2-359968183,S3-363685397,S3-985947781
S1-415164434	S2-572185194,S2-586847051,S2-732748707,S3-847760454,S3-675749624
S1-119709427	S2-475237686,S3-603491072
S1-204552244	S2-489125381,S2-593117235,S2-202813015,S3-379025755
S1-298888351	S2-671785527,S2-171053933,S3-393779577
S1-217486040	S2-875781575,S3-681823866,S3-333899249,S3-367346935
S1-619804628	S2-530209279,S2-748833051,S3-643385836
S1-105764764	S2-267872800,S2-913937007,S3-738731348,S3-984259538,S3-859771044
S1-251291044	
S1-781972397	S2-543739668,S3-700726232
S1-521027263	S2-373305722,S2-787197096,S3-237293493,S3-647253067
S1-852064180	S2-312573764,S3-508824062
S1-632569241	S2-942349288,S3-118192964
S1-869086057	S2-63952229,S3-301678304,S3-844054592
S1-704247768	S2-401909745,S2-761174695,S3-934085598
S1-264081337	S2-842619117,S3-933367133,S3-471202233
S1-978845068	
S1-302592333	S2-783696437,S3-679165376
S1-21753446	S2-296172929,S2-184847379,S3-313085386,S3-496744851
S1-243476946	S2-361636702,S2-847251746,S3-767477894,S3-530233750
S1-852715012	
S1-569837313	S2-498393002,S2-500733349,S2-661035493,S3-802017525
S1-1417216	S2-29318389,S2-830253339,S2-654270066,S3-978856236,S3-129693697
S1-431175894	S2-52014716,S3-378746918
S1-106966123	S2-236522713,S2-224711873,S2-278888692,S2-619602212,S3-560100668
S1-696168332	S2-35700569,S2-139056641,S2-332084372,S3-958295378
S1-814793410	S2-873556187,S2-392145339,S2-17194923,S3-534253649,S3-656312289
S1-107975488	S2-35385665,S2-364021667,S3-976838152,S3-402873903
S1-399298487	S2-18002875
S1-606820035	S2-643038520,S3-398602633
S1-916718480	S3-160258651,S3-90646248
S1-576321397	S2-868127388,S3-225003722,S3-728037600
S1-11723896	S2-852857124,S3-964203738
S1-805566443	S2-523509616,S2-1951465,S3-332170817,S3-185064247
S1-31959681	S2-663329794,S3-981871469
S1-273093097	S2-278023340,S2-382715444,S3-450130062,S3-479239684,S3-510122982,S3-465706051,S3-125201939
S1-69873923	
S1-378524485	S2-475161347,S2-285260766,S2-252623679,S3-801884419,S3-375696821,S3-405535028
S1-729213488	S2-566099391,S3-610231308
S1-452328758	S2-294426720
S1-350094757	S2-196038492,S2-728849723,S3-591562825,S3-350132199
S1-390838754	S2-287660910,S3-43104736
S1-175077420	S2-21068811,S3-893727119,S3-450601273
S1-695942298	S2-671903958,S2-846121989,S3-541247257
S1-859171839	S2-734885736,S3-494516830
S1-349490818	S2-77700517,S3-236141340
S1-47912482	S2-536237085,S2-916564250,S3-393651638,S3-963789716
S1-760571322	S2-353092135,S2-536558272,S3-541467279
S1-641196862	S2-873614553
S1-313700530	S2-381851696,S2-593024747
S1-620129069	S3-632093625,S3-637235644
S1-443084206	S2-573483308,S3-914728336,S3-329144357,S3-84617890,S3-539485699
S1-563272438	S2-708413362,S3-342273571,S3-793024718
S1-132096549	S2-349478062,S3-752796495
S1-93364669	S2-818354061,S2-997142043,S2-10529349,S3-179199829,S3-894339631,S3-931161797,S3-737529592
S1-100324612	
S1-832050262	S2-856926544,S3-673592452
S1-350799036	S2-660791587,S2-504124615
S1-562175396	S2-884638973,S3-586454408,S3-563393560,S3-196413883
S1-175961840	S2-778846012,S2-32892146,S2-196840499,S2-132710191,S2-98426633,S3-344479834
S1-769132981	S2-228603660,S2-50503000,S2-138669293
S1-202756080	
S1-226268723	S2-310298765,S2-145877571,S2-777481159,S3-416110899
S1-636957501	S2-688848091,S2-916695069,S3-449603725,S3-304851288,S3-871549310
S1-141017168	S3-177986687,S3-233035925,S3-837067038
S1-818138854	S2-176420298,S3-977017584,S3-162382514
S1-650871450	S2-94421348,S3-81804477,S3-960717783,S3-242913124,S3-379209441
S1-220123647	S2-266437162,S2-767535321,S2-504612567
S1-713777959	S2-509488005,S3-280354428,S3-478897442
S1-831090227	S2-297054511,S3-9648333,S3-261533299,S3-830970141
S1-565373599	S2-94388063,S2-563691319,S2-187309079,S3-412182189
S1-805559134	S3-992482227,S3-865686833
S1-954451343	S3-164877461
S1-902422050	S2-715707300,S2-830791024,S2-469944644,S3-502045988
S1-401673985	S2-688413823,S2-179691566,S2-587535977,S2-957452972,S2-268182758,S3-504321699,S3-630421669
S1-836117858	S2-622161281,S3-424713380
S1-971401943	S2-367259550,S2-385360519,S3-33840993,S3-342416705,S3-133067760
S1-320563578	S2-737562930,S2-330209305,S2-301224351,S3-128292067
S1-926777120	S2-914514330,S3-640440086,S3-201486043
S1-204791742	S2-289010987,S2-717582147,S2-101004099,S3-797040409,S3-684974903,S3-971484155,S3-181744081
S1-568735313	S2-223965575,S2-796657884,S2-440253638
S1-473112445	S2-539749938,S3-84017453,S3-756068109
S1-275239484	S2-961403572,S2-810206705,S2-570931402,S3-339316236,S3-578716006
S1-659332378	
S1-993896174	S2-926616562,S3-51509016
S1-248333413	S2-209299113,S2-908575164
S1-469424334	S2-852619238,S2-886774968
S1-316106555	S2-989860697,S2-791564793,S3-676048929,S3-812740888
S1-666374733	S3-847484231
S1-606804763	S2-199887157,S3-184947134,S3-669278669
S1-658885004	S2-941044225,S2-747831792,S2-61592759,S2-77747369,S3-391261306,S3-943938430,S3-849187368
S1-206849540	S2-958517432,S3-661210870
S1-180206717	S2-984091186,S2-73706324,S3-809337662,S3-479389074
S1-589372424	S2-213646588,S3-460072749
S1-381813432	S2-455505337
S1-579433542	S2-465989096,S3-686983112
S1-811121697	S2-180545749,S3-846152971,S3-29902361
S1-498966014	S2-126306852,S2-80522620,S2-131741448,S3-176062886
S1-714992493	S2-584234198,S3-591915115
S1-823532500	S2-220475937,S2-135935174
S1-98441852	S3-453715759
S1-493138996	S2-437688723,S3-74170819,S3-555204476
S1-387650052	S2-240501546,S3-373777380,S3-662773831,S3-824921372
S1-848721241	S2-64387501,S2-401290539,S2-716741637,S3-592056148,S3-710279508
S1-877394249	
S1-305730898	S2-748776564,S3-894888087,S3-314933954,S3-190037912
S1-136001689	S2-212792653,S3-271777941,S3-758390309,S3-825594402,S3-316312767
S1-437921408	S2-16548012,S3-947666185,S3-7132224
S1-596612689	S2-240200643,S3-246232168,S3-34190575,S3-853594839
S1-710149190	S2-60796846,S3-868919904
S1-70043295	S2-561874334,S2-444059466,S2-587062138,S3-755461019,S3-467746072
S1-431556347	S2-647344027,S2-491567454,S3-632515875,S3-340324162
S1-416613506	S2-566513991,S2-584328428,S2-857323110,S3-47965311
S1-143510112	S2-790943015,S2-906075995,S2-820850032,S3-973711701,S3-170636886
S1-265169103	S2-200722899,S3-600114866,S3-585501543
S1-879564913	S2-949842822,S3-269317300
S1-214119211	S2-528473005,S2-170100406,S3-991936179,S3-828723558,S3-250069925
S1-163869375	S2-196132237,S2-32145026,S3-512007172
S1-576995684	S2-171162744,S3-481979745
S1-373651039	S2-733487275,S3-770012109,S3-6170524
S1-480158538	S2-146953775,S2-497910085,S2-121226226,S2-16480423,S3-660484580,S3-107836483,S3-520873660
S1-911672680	S2-21210516,S2-21686764,S2-488041389,S3-786005686,S3-289353728,S3-646768022
S1-891275716	S2-123544206,S3-634767346
S1-248463846	S2-471425283,S2-563109118,S2-181016662,S2-39205723,S3-716419381
S1-353886587	S3-699593858
S1-682523825	S2-245614499,S3-116499830,S3-119279436,S3-770248457
S1-65565586	S2-292335754,S3-378298943
S1-471450906	
S1-579807935	S2-418325426,S2-152587575,S2-558130562,S3-393843374
S1-688123789	S2-705086978,S2-136255079,S3-637617497,S3-673494256
S1-23856434	S2-779619606
S1-76468161	S2-49077923,S2-784343391,S2-496121180,S3-644849657,S3-214537213,S3-318885431
S1-463879518	S2-663087238,S2-702119559,S3-463930276,S3-589421387,S3-215405289
S1-70372721	S2-88000814,S2-826586318,S3-354783202
S1-13081301	S2-581195112,S2-167816813,S3-507108482,S3-30937553
S1-479832626	S2-202628267,S2-599419816,S3-507463477,S3-747016064,S3-120203723
S1-298123204	S3-882638615
S1-64423771	S2-311522067,S3-417573672,S3-346285454,S3-508261785,S3-906325759
S1-576615436	S2-770551476,S2-991339277,S2-162844502,S3-511970870,S3-90151132
S1-33679216	S3-603605205,S3-341514770,S3-980203975
S1-956902396	S2-627122143,S2-538287040,S2-215715773,S2-992350163
S1-581867733	S2-108968176,S3-403135036,S3-959132349,S3-506683334
S1-465930062	S2-81873953,S2-932694216,S2-799108105,S3-973889303,S3-812119910
S1-566009366	S2-209081816,S2-840990980,S3-58878467
S1-348865280	S2-61184877,S2-492314370,S3-904264803
S1-527664763	S2-581346778,S2-344968856,S2-579829375,S3-207113343
S1-813444083	S2-188794062,S2-39999297,S3-961847038,S3-712664261,S3-628270451,S3-287780537
S1-298182947	S2-74020850,S3-382178342,S3-639808276
S1-137375780	S2-116206447,S2-972140571
S1-647303857	S2-175362050,S2-508111862,S3-711838591
S1-993636915	S2-803657153,S3-72189219,S3-551555433,S3-754539339
S1-237177847	S2-619979022,S2-665077604,S3-538637647
S1-702804238	S3-189869077,S3-619363866,S3-299553089
S1-527791341	S2-262598821,S3-720573436,S3-167667711
S1-888475509	S2-138492196,S3-196044535,S3-538579749
S1-781005250	S2-948258039,S2-201612636,S3-392411120,S3-117307154
S1-801055021	S2-311942190,S3-175162804,S3-697844198
S1-18789095	S2-180986210,S2-920664858,S3-395103707,S3-439411737,S3-719562587
S1-234129982	S2-785572148,S2-902016558,S2-498532183,S3-569877066,S3-135298867,S3-367346325
S1-801894442	S2-431077642,S3-905129283,S3-362205013,S3-573715420,S3-41558583
S1-440366196	S2-107024797,S3-243030748
S1-235455145	S2-202473952,S2-970858301
S1-601655225	S2-107802615,S2-339078765
S1-915765272	S2-532804173,S2-547014881,S3-115923063,S3-641997798,S3-151930111
S1-347639856	S2-549696851,S3-74869075,S3-355445032
S1-966822462	S2-712962694,S3-238816271,S3-665328612,S3-162645049
S1-905269811	S2-872846190,S3-69492250,S3-739345030,S3-274149100
S1-556484436	S2-425630714,S3-172831454,S3-208073447
S1-334980441	S2-758852089,S2-968605696,S2-412064355,S3-208714416
S1-104486190	S2-381380141,S2-205947852,S2-575226821,S2-931939814,S3-32748707
S1-945473328	S2-202218021,S2-908692025,S2-533632907,S3-594460851,S3-422233654
S1-757132829	S2-232759658
S1-472004421	
S1-532220334	S2-778745347,S3-345612812
S1-747676958	S2-622640221,S3-299061703,S3-133214974,S3-802064274,S3-527574696,S3-759740808
S1-974262486	S3-439274906
S1-394509887	S2-207899676,S2-254869670,S2-686931655
S1-174513984	S2-147852145,S2-198118654,S2-586294286,S3-647367408,S3-335074611,S3-37760584
S1-511599958	S3-106289459
S1-496893663	S2-249110872,S2-185895975,S3-978093617
S1-843651840	S2-158799464,S3-569967564,S3-872206053
S1-842983493	S2-859918264,S2-149280986,S2-878151338,S3-503637833
S1-581802697	S2-973135818,S2-185305938,S3-940671059,S3-707710690,S3-636448374
S1-523271818	S2-163556599,S3-74888273
S1-662264524	S2-947598134,S3-723471386
S1-690367576	S2-717603217,S3-714435563
S1-665710461	S2-787616883,S3-737853821
S1-978097437	S2-766916642,S2-767769254,S3-337612926
S1-614222428	S2-358995715,S2-237538068,S3-413862879
S1-598548390	S2-766597833,S3-468334870,S3-259631390,S3-20049063
S1-950473771	S2-47199545,S2-568664164,S3-888313475
S1-530500005	S2-458603365,S2-137188804,S2-529051857,S2-565031183,S3-68505008,S3-673332972
S1-885325753	S2-862529360,S2-820279250,S3-367808282,S3-988493975,S3-779474405,S3-966459797
S1-902708255	S2-297260264,S2-963130023,S2-600238415,S3-555103400
S1-74742448	
S1-954611473	S2-532397913,S3-176892573,S3-713297392
S1-695566958	S3-658465955
S1-501181840	S2-460607254,S3-170063188
S1-835682577	S2-69145459,S2-428654181,S2-223129090,S3-41824266,S3-731792989,S3-285418917
S1-352848280	S3-262172210,S3-279686791
S1-298441391	S2-931477478,S3-863782298,S3-797442876
S1-208047438	S2-173147740,S2-317500096,S3-734357656,S3-458035620
S1-820876279	S2-295162549,S3-20180609
S1-375311170	S2-976425057,S3-179894156,S3-599281267,S3-772578569,S3-716978285
S1-117328785	S2-822679099,S2-525489560,S3-404008912,S3-716614363,S3-833300471,S3-474064493,S3-58825519
S1-792681001	S2-350421241,S3-826592553,S3-912565906,S3-736959169,S3-348550473
S1-157633405	S2-875700797,S3-399344484,S3-151632575
S1-412935387	S2-813546452,S2-584256168,S2-975980104,S3-284369258,S3-973162007,S3-504702911
S1-627921015	S2-110754687,S3-28369726
S1-101298543	S2-565666769,S3-670708501,S3-31854475
S1-466051402	S3-471067734,S3-472949110,S3-587774101
S1-28542682	S2-129210428,S2-938206107
S1-201953835	S2-884418256,S2-807723118,S3-557707615
S1-529098208	S2-793101818,S3-714524753
S1-404204072	S2-680891733,S2-43818188
S1-982823520	S2-173156791,S3-741161558
S1-332709346	S2-828652360,S3-424003356,S3-900969148,S3-377712774,S3-15823747
S1-836404791	S2-893553107,S3-235930540,S3-416615631,S3-259593105
S1-366543540	S2-967088358,S2-114703422,S3-209530583,S3-543815490,S3-342385349
S1-927439441	
S1-606490135	S2-113725807,S2-830535902,S3-48912264,S3-194051544,S3-922279479
S1-312136906	S3-696927801
S1-785727849	S3-814603321,S3-835066339
S1-773140953	S2-885672178,S2-483237483,S3-319996523
S1-153229012	S2-638623146,S3-41529237
S1-479756373	S2-118602294,S3-801617101,S3-40858779,S3-236962953
S1-96500646	S2-753839215,S2-881421594,S2-896306915,S3-217623115
S1-374447696	S2-654135426,S3-309165181,S3-624426398,S3-302565185
S1-383391664	S2-353019495,S3-592225176,S3-881923966
S1-939215291	S2-283005186,S2-781490289,S2-323159300,S2-77173862,S3-788944164,S3-337912937
S1-38607383	S2-861311017,S2-396636251,S3-829545996,S3-962035502
S1-41872427	S2-112188199,S2-32895558,S3-832114393
S1-38401919	S2-174426494,S3-446331963,S3-947969237
S1-24909078	S2-206003725,S2-653590801,S2-645534252,S2-708992431,S3-827056677
S1-653436323	S2-243364070,S2-400776766,S3-635706570
S1-31839210	S2-643031882,S3-884030278,S3-263642356
S1-746550858	S2-58614475,S3-660154408,S3-482260743
S1-314440550	S3-147266876,S3-711610537
S1-738727483	
S1-979104856	S2-317852063,S2-867322406
S1-276415360	S2-167330871,S3-132205778
S1-635448401	S2-223142163,S3-784528363
S1-956213693	S3-71079214,S3-54081551
S1-278550044	S2-778600991,S3-152578668,S3-844838199,S3-416330454
S1-441609621	S2-484830115,S2-277282216,S2-755852221,S3-555113951,S3-562907988
S1-37759110	S2-253862202,S3-943488904
S1-791350673	S2-835790118,S2-688732792,S3-323586841,S3-693312308
S1-171232743	S2-586300855,S3-520844780,S3-636690699,S3-590337572
S1-171124248	S2-558889270,S2-822505182,S2-599261076,S3-474566894,S3-237463750,S3-87928683
S1-185568304	S2-968692387,S2-898712204,S3-611477223,S3-473016328
S1-440953421	S2-736311502,S2-21778740,S2-7690725,S3-342506729
S1-618045630	S2-312736790,S3-439602396,S3-400112629,S3-200436913,S3-185601874
S1-870041797	S2-698850882,S3-40782240
S1-788518299	S3-550080604
S1-739355864	S2-618690812,S3-967061473,S3-921574871
S1-526816916	S3-234902120,S3-759034853,S3-83138401,S3-883121692,S3-772328280
S1-565276433	S2-627056836,S3-160274744
S1-840961764	S2-308741469,S2-618341747,S2-613080913,S2-326313763,S2-86221723,S3-697564549,S3-440321527,S3-519933551,S3-192731870
S1-57830465	S2-952544530,S2-567265094,S2-846162940,S3-746180025
S1-975800177	S2-577214220,S3-516539832,S3-884767275
S1-668474448	S2-149980945,S3-183642705,S3-343898068
S1-547434022	S2-669829953,S3-82812772
S1-956803340	S2-643594148,S2-213597678,S2-191046860,S3-961837168,S3-369221262,S3-996259644
S1-153715376	S2-696002686,S3-231732826,S3-897303834
S1-537495518	
S1-952932719	S2-648932766,S2-203041918,S3-796418865
S1-688389912	S2-370470598,S3-386681119
S1-40048409	S2-262380805,S3-371647352
S1-582403027	S2-350423426,S3-50281450
S1-520442821	S2-27792003,S2-665432609,S3-384831933
S1-755216136	S2-513066988,S3-112877390,S3-112285144
S1-239188103	S2-554042438,S2-745661355,S3-69434462
S1-348413877	S2-463767135,S3-231584653,S3-788984089
S1-490378752	S2-586956481,S3-82006428
S1-763112366	S2-789030883,S2-567505912,S2-109166365,S3-529383130
S1-936164337	S2-641813636,S2-879538738,S3-406434366,S3-365793934
S1-864038052	S2-525893677,S3-566812966
S1-52566267	S2-933109582,S2-889337118,S3-647090227
S1-476032232	
S1-487911894	S2-217745088,S3-470579133,S3-911748221,S3-51840177
S1-991109664	S2-27154574,S3-878978637,S3-564435196
S1-468559725	S2-320247123,S2-373105906,S3-231046856,S3-753450015,S3-150245187
S1-176022234	S2-995825940,S3-995159937
S1-413151292	S2-237730241,S2-328038184,S2-804798394,S3-949589123
S1-353994754	S2-306335530,S2-234363804,S2-174900579,S3-657086920
S1-429417491	S3-840558966,S3-395700654,S3-849769935
S1-845507859	S2-24496898,S2-680902222,S3-105925672,S3-600133640,S3-201026405
S1-941653043	S2-647445724,S2-352266554,S3-828009897
S1-613517393	S2-649519831,S2-664447396,S2-593664813,S3-655306599,S3-945806165
S1-915961918	
S1-882186266	S2-722091186,S2-638116913,S3-621655725,S3-156608689,S3-883982333,S3-863007883
S1-57998859	S3-398609186,S3-338141668,S3-33140885
S1-312171728	S2-141073438,S3-975372012
S1-317354694	S2-558622992,S2-694047574,S2-401787251,S3-582266581,S3-470943744
S1-664789697	S2-240372768,S3-89941603,S3-863092726,S3-204778581
S1-969584345	S3-925620213
S1-222955052	S2-334018836,S2-11361412,S3-410982794,S3-289135034,S3-579604979
S1-906604225	S2-395187585,S3-496674117,S3-470369544
S1-150132393	
S1-313139340	S2-323000513,S3-960084769,S3-734974195,S3-130029428,S3-922759700
S1-993210803	
S1-910913872	S2-926866471,S3-536028452,S3-465429773,S3-613726370,S3-73108411,S3-333704415
S1-330794274	S2-926804713,S3-205672754
S1-874715867	
S1-232040435	S2-811469771,S2-422633167,S3-738266354,S3-476544451,S3-289243835
S1-76884022	
S1-844636298	S2-375565708,S2-277199763,S3-229755628,S3-835763713,S3-881180939
S1-327223430	S2-164945569,S2-643237198,S3-140729962
S1-345973888	S3-259486894,S3-138572269
S1-969359084	S3-785521957,S3-117429563
S1-270346740	S3-109023350,S3-582652910
S1-409065768	S2-593764079,S2-444567548,S3-588030447,S3-988342119,S3-429443907
S1-338263105	S2-246961560,S2-641884413,S3-244439668
S1-865509540	S2-52957374,S2-652967093,S3-569119983,S3-778502678,S3-415148073,S3-839768578
S1-951159035	S2-417819840,S2-875950440,S3-723985585,S3-836271457
S1-155277378	
S1-872171138	
S1-875123974	S3-3022854
S1-947134124	S2-285479972,S2-515430954,S2-507682207,S3-467610013
S1-332633797	S3-971354514,S3-679742767,S3-120094780
S1-650989164	S3-899739007,S3-129744782
S1-968743706	S2-323668979,S2-510293145,S3-313950358
S1-11235970	S2-436126168,S3-98487193,S3-543738124
S1-556351196	S2-911810263,S3-268177805,S3-877177434,S3-249567259
S1-276765548	S2-987292664
S1-80657975	S2-112314486,S2-280302100,S3-495220504,S3-100554983
S1-258952627	S2-586915875,S2-66281652,S2-642325710,S2-859048902,S3-748955969
S1-840069842	S2-214108604,S3-451720811
S1-268584924	S2-887072677,S2-744988206,S2-216027519,S3-961840895,S3-132198530
S1-151997193	S2-161214099,S2-670665108,S2-413813783,S2-709840313,S3-817619426
S1-928804494	S2-409402615,S3-417833700
S1-554906929	S2-671757029,S2-721854500,S3-937165299
S1-206569853	S2-246893714,S2-650042785,S2-298174647,S3-902889499,S3-384745949
S1-893695207	S2-522964122,S2-721917107,S2-814421229,S3-832843490,S3-639631814
S1-367678985	S2-842042266,S2-45739229,S3-296592595,S3-80643363,S3-424887909,S3-320283778
S1-717956928	S2-374710414,S2-124432095,S3-450434727,S3-371718109,S3-844321658
S1-440998037	S2-338402503,S2-160738909,S2-431055358,S2-624488252,S3-89209299,S3-210955274
S1-379149603	S2-891580821,S3-449251224,S3-348455254
S1-960449899	S2-943749349,S3-697231331,S3-467985871,S3-925889676
S1-761661692	S2-802765784,S3-491843054
S1-667439846	S2-501387381,S2-8949728,S3-791690064,S3-355463754
S1-34188140	S2-890472559,S2-973234692,S3-957989589,S3-557832594,S3-157465541
S1-22904457	S2-458831613,S3-806995747
S1-688983753	S2-545675957,S2-884291634,S2-595565148,S3-775205573,S3-13387829
S1-741895099	S2-415273143,S3-685158959
S1-16253430	S2-509770246,S3-431862884
S1-267682501	S2-102234956,S2-6065943,S3-515933286,S3-474020962
S1-121956177	S2-557735871,S3-672710118,S3-88490459
S1-736788724	S2-923629757,S3-248716346
S1-693256026	S2-530134764,S2-879721226,S2-906826507,S3-788157737,S3-471536556
S1-780227346	
S1-38241942	S2-568676161,S3-262913036,S3-10104411
S1-199554784	S2-605498104,S2-916911106,S2-425339415,S3-870311893,S3-785387667
S1-289962618	S2-718193362,S3-919438962
S1-920620020	S2-646895637,S2-103716158,S2-847764795,S3-251558527
S1-987094042	S2-616365780,S3-518879286
S1-973304639	S2-178208297,S3-911270872
S1-995858858	S2-486001660,S3-460259281
S1-679028455	S2-719110768,S2-295086067
S1-269190111	S2-796754110,S2-84228909,S3-579069621,S3-783909124,S3-659590613,S3-242935744
S1-73544343	S2-217009442,S2-990352886,S2-207245469,S2-117683236,S3-260045209
S1-618098148	S2-362055922
S1-297991452	S2-170871388,S2-94455164,S3-934773930
S1-34940329	S2-835449021,S2-903023022,S3-338926309,S3-951652837
S1-856111350	S2-75148785,S3-856986375,S3-359679199
S1-939343016	S2-521624902,S3-752265087,S3-744619276
S1-590392911	S2-923345876,S2-959597922,S2-943166437,S3-850711887,S3-734816586
S1-872354662	S2-288645216,S2-76049916,S2-363218449,S3-64718385,S3-375804730
S1-456900390	S2-245917164,S3-337696255,S3-547897382,S3-127674718
S1-928756142	S2-468838308,S2-800707841
S1-182010095	S2-313251099,S2-607519508,S3-173949390,S3-81129918
S1-147531129	S2-25871513,S3-963793298,S3-106797188,S3-647867088
S1-956726685	S2-612026656,S2-405900046,S3-479204903,S3-481162373,S3-79811407
S1-102206723	S2-580299414,S2-932550817,S3-848461213
S1-162920360	S2-797895855,S2-712456328,S3-692622379,S3-438326057
S1-34844029	S2-873326689,S3-21672920
S1-901640603	S2-133479863,S2-843136718,S2-500773865,S3-363664033
S1-80158072	S2-844052040,S3-925106995,S3-155578350,S3-331948925
S1-393540392	S2-26932880,S2-314399871,S3-734354535,S3-856478591
S1-249653998	S2-430985420,S2-48987082,S2-450781943,S3-336394108,S3-946399748
S1-858025906	S2-435744016,S2-660584710,S3-115667289,S3-708717083,S3-832738864
S1-251080561	S3-475161094,S3-81126200
S1-942252068	S2-685895475,S3-162084580,S3-25868056,S3-730397995
S1-466963472	S2-883537549,S2-534444137,S2-24944329,S3-960798549,S3-205046672
S1-312141786	S2-252241563,S2-632535685,S2-265917620,S2-336403390,S3-758348908,S3-147758634,S3-877384461
S1-467172907	S2-144130825,S3-557552533
S1-126664737	S2-158040977,S2-326284857,S3-629198262,S3-175650281,S3-254714941
S1-245218012	S2-93963979,S2-242862215,S2-705511620,S3-698274146
S1-912645081	S2-571419532,S3-820970537,S3-7897903
S1-710309449	S2-987415196,S3-523486542
S1-684738092	S2-826899308,S3-96975774
S1-845829210	S2-933843292,S2-236474599,S3-135843918,S3-842729013
S1-449777693	S2-549458386,S3-681395695,S3-852550870,S3-659688504,S3-740201362
S1-958297307	S2-753140238,S2-180499790,S3-103154542,S3-278439020
S1-661100755	S2-706073190,S2-87633679,S2-385913611,S3-905747755,S3-870434389
S1-510640586	S2-431727928,S2-754450081,S3-243061544,S3-45739167
S1-66750495	S3-922974947,S3-753311946,S3-215888527,S3-183793805
S1-16669725	S2-146482866,S2-646878957,S2-296025218,S2-982333667,S3-557455730,S3-88052787
S1-763368386	S2-709985464,S2-888478173,S2-722357104,S3-186288637,S3-417087034,S3-882659726,S3-981129593
S1-137019696	S2-939910395,S3-217918032,S3-407818176
S1-791263821	S2-22658616,S3-195093056,S3-834523308
S1-820183068	S2-886059595,S3-996455401,S3-668780965
S1-958725920	S2-400224703,S2-365579790,S3-57203445
S1-875282110	S2-499157661,S2-156558238,S3-84938772,S3-503725867,S3-798131388
S1-907412145	S2-740142356,S2-75362421,S2-466038137,S3-156461474,S3-897110563
S1-847307458	S2-803648232,S3-509854488,S3-954442288,S3-592781193
S1-958383057	S2-212095185,S2-111571581,S2-241119354,S3-75736684,S3-264224599
S1-517767364	S2-350873171,S2-47455501,S3-456940507
S1-34698027	S2-783389260,S3-16939046,S3-623971926,S3-975650664
S1-774021325	S2-302419065,S2-15792908,S2-15255056
S1-383410847	S2-602452572,S2-646252185,S2-213160343,S2-89565742,S3-775861858,S3-660283156
S1-962469068	S2-758458061,S2-308997749,S2-453145966,S3-410228161
S1-488343063	S2-863923611,S2-576134614,S3-562039598,S3-183405618,S3-730555480
S1-786154505	S2-765132294,S2-378000587,S2-266047688,S3-982624068
S1-32048079	S2-881452813,S3-134350666
S1-297037917	S2-272937180,S2-170522322,S3-485771535
S1-85129189	S2-135197506,S3-879251388
S1-611095267	
S1-681058092	S2-855825608,S2-764234996,S3-79016449
S1-173690404	S2-334416395,S3-232264120,S3-404927684
S1-986516034	S2-853483077,S2-759812507,S2-952118763,S2-825092928,S3-5379716,S3-588063432,S3-577172914
S1-609879461	S3-993693216,S3-857167994,S3-551793521,S3-552791999
S1-283762760	S2-868414988,S3-195020413
S1-969243928	S2-40451082,S2-369647429,S3-29610628,S3-641917269,S3-792459302,S3-412676114
S1-426174033	S2-948096957,S3-219832061
S1-523632949	S2-658153348,S2-858637848,S3-465784216,S3-847906297,S3-847443790
S1-64183137	
S1-952116333	S2-111083927,S2-157593681,S3-634091821
S1-330996341	S2-155175654,S3-12434441
S1-107452900	S2-703456589,S3-559088411,S3-177747919,S3-86525443,S3-96949810
S1-797372029	S2-772203835,S2-5690433,S2-845746087,S3-615250048
S1-723604233	S3-212043753,S3-531856045
S1-783786202	S2-909464994,S2-229177568,S3-642583889
S1-370447359	S2-365692796,S2-642686964,S3-698074344,S3-592689178
S1-384495382	S2-224782387,S2-442716998,S2-103927734,S3-267287394,S3-31415032,S3-769607337
S1-781760071	S2-253667490,S2-281854101,S2-627854841,S3-417128360,S3-194211483,S3-383057808
S1-681598856	S2-948662239
S1-549136348	S2-436118035,S2-606861999,S3-845557579
S1-177182415	S2-559311001,S3-737356733
S1-317914331	
S1-468108859	S2-232011077,S2-609803413,S2-717855349,S3-545783894,S3-882765892
S1-49997314	S2-883449415,S3-565006230,S3-534903702,S3-324993052,S3-314346773,S3-828812504
S1-870502378	S2-906145096,S3-793689583,S3-90426399
S1-475561146	S2-140452114,S3-843015808
S1-28076299	S2-374002259,S3-738541795
S1-683366305	S3-421364462,S3-782424200,S3-386543376,S3-291914263
S1-362114529	S2-802393665,S2-299860691,S3-992039774,S3-334028237
S1-102206737	S2-977766064,S2-457147999,S3-363240648
S1-34763037	S2-996036447,S2-490957355,S2-865772337,S3-451455184,S3-704438857,S3-355522854
S1-633912801	S2-144668767,S2-932927575,S2-253829421,S2-855448309,S2-751301430,S3-524351885,S3-41032396
S1-992926925	S2-574062507,S3-421721689,S3-447280367
S1-574873538	S2-670489422,S3-263141318
S1-650333786	S2-531956182,S2-87794293,S2-827267259
S1-62507795	S2-168515639,S2-898031752,S3-364218342
S1-844947042	S2-995768599
S1-279269272	S2-609651674,S2-617470054,S3-295083651
S1-735611791	S2-788264251,S2-621614129,S2-552147199,S2-247630151,S3-337654425,S3-85765139
S1-332389192	S2-833378080,S2-513794392,S2-667206235,S3-348612440
S1-256361953	S2-856310930,S3-380315751
S1-737093634	S2-759907112,S3-307090935,S3-993035924,S3-241142938,S3-855784899,S3-11333743
S1-525115854	S2-187325103,S2-711069517,S3-725474686
S1-765188725	S2-232090117,S3-983992584,S3-494552743
S1-220448941	
S1-739035466	S2-292722313,S2-661604845,S3-250624358,S3-278760307,S3-768720619,S3-821209762
S1-870589169	S2-536049718,S3-251527334,S3-923735541
S1-697332200	S2-522628160,S2-913383201,S2-616790882,S3-832599561,S3-42117384,S3-999714226
S1-133990000	S3-83196601,S3-59985449
S1-902801260	
S1-368607084	S2-490796738,S3-726417667
S1-986263644	S2-904702809
S1-203757633	S2-564058539,S3-902112308,S3-315574887,S3-673780219
S1-403726853	S2-56217942,S2-611732521,S2-67044718,S2-724916285,S3-736607435
S1-191211002	S2-254812068,S3-13786758,S3-819171567,S3-365792894
S1-218380071	S2-255280346,S3-29568732,S3-766605261
S1-810819030	S2-102642396,S3-5124189
S1-480754757	S2-667921032,S3-357691624
S1-887756512	
S1-667136487	S2-658686991,S3-132310925
S1-793433762	S3-759716392,S3-756744260
S1-280992258	
S1-638354776	S2-551919037,S2-508748892,S2-509152186,S3-731105086
S1-946213326	S2-878615521,S3-300666895,S3-940767405
S1-462399576	S2-30071921,S3-916994876
S1-674129778	S2-980466322,S3-287669350,S3-992516640,S3-711405847
S1-572269236	S3-2408739
S1-591670838	S2-587500587,S2-592573251,S2-763126096,S2-846506168,S3-921541399
S1-170934192	S2-276426159,S2-485736078,S2-122586858,S3-364542093
S1-57721335	S2-170325318,S2-677001430,S2-34331932,S3-736603428,S3-786306972,S3-390828068
S1-18704024	S2-322846951,S2-762311834,S2-499706056,S3-284194238
S1-126664459	S2-694510725
S1-515775719	S2-685981766,S2-700479514,S3-811069660
S1-962816231	S2-760635829,S2-666855424,S3-470975290,S3-529747288
S1-770588946	S2-537566302,S3-291695606,S3-772381784,S3-186238506
S1-95742235	S2-488299702,S2-170421979,S3-956631186,S3-231579128
S1-354233325	S2-718463259,S2-547665000,S3-349708637,S3-691220181
S1-975588880	S2-695716096,S3-871697729,S3-477353991,S3-639477433
S1-705118055	S2-323971504,S2-574977697,S3-377565070
S1-153963222	S2-371904789,S3-467494806,S3-379303393
S1-495351615	S2-317737472,S3-210077064,S3-667556917
S1-749766134	S2-163878429,S3-329070717
S1-170236326	S2-625359420,S3-434409361
S1-523391648	S2-809621154,S2-118256318,S2-717944182,S2-109779486,S2-452120619,S3-530961449,S3-937048292,S3-271459764,S3-716830513
S1-887188549	S2-228630363,S3-487883522,S3-298635381
S1-826041251	S2-25103987,S2-461694512,S3-770523908,S3-839137667,S3-663561537
S1-984940763	S2-613234078,S2-537176720,S3-348230198,S3-482974611,S3-47835534
S1-223970197	S2-146853834,S3-235155653
S1-640822834	S2-449223285,S2-817255797,S2-589078783,S3-485494494
S1-23198605	S3-836888004,S3-882303040,S3-105476906
S1-805248801	S2-97179264,S2-898352135,S2-128689654,S2-384313220,S3-824997676,S3-433548279,S3-351319781,S3-642637225
S1-13788702	S2-109813376,S2-81616916,S2-847158846,S3-411353420,S3-355961728
S1-64263582	S2-152626112,S2-886741749,S3-316748177,S3-683333941
S1-897532620	S3-747965821,S3-93573097,S3-935202836
S1-760945453	S2-701539138,S2-297847752,S3-202730898,S3-767838416,S3-938225134
S1-661314115	S2-336319513,S2-308099560,S3-82967360
S1-719550572	S2-327176933,S3-315102553,S3-940734871
S1-674328781	
S1-689077166	S2-226177388,S2-794432828
S1-501423706	S2-657228827,S3-740687990,S3-811487914
S1-778921081	S2-525693276,S3-621931650,S3-233242606
S1-914285806	S3-95028819
S1-576552505	S2-185102239,S3-383407611,S3-401725695
S1-668414344	S2-810973634,S3-26877854,S3-668162875
S1-653384835	S2-410039171,S2-972542531,S2-333206762
S1-894251996	S2-776720587,S3-598336352,S3-2716340,S3-814079814
S1-970834030	S2-59317744,S3-307257420,S3-452238496
S1-980527692	S2-768499411,S2-381460360,S3-90342542
S1-736503914	S2-89274312,S3-875756022
S1-923089955	S2-671328376,S3-177304049,S3-362818379
S1-92152516	S2-397206236,S3-693167340,S3-741425334
S1-340896926	S3-145899694,S3-172496828
S1-461231695	S2-353764431,S3-900754811
S1-504616419	S2-680032466,S3-969106468
S1-713870051	S3-335315012
S1-713597587	S2-839108246,S3-781270898
S1-579478756	S2-738640685,S2-755447775,S2-67680553,S3-901585640
S1-648454424	S2-627529205,S3-435667789
S1-517755890	S2-114696300,S3-623771496,S3-859512390,S3-130994861,S3-743501011,S3-197026,S3-904410462
S1-8890689	S2-272882224,S3-852229284,S3-994068317
S1-995230954	S2-634246326,S2-265142147,S2-976289410
S1-894079582	S2-354657932,S3-88145680,S3-120170769,S3-816988928
S1-373563969	S3-883559049
S1-888132442	S2-639813423,S2-944973466,S2-807273173,S3-381900593,S3-784786412
S1-342466559	S2-80327137,S2-863657536,S2-83217519,S2-874173213,S3-742978802,S3-674366317
S1-200592763	S2-196504480,S2-678147413,S3-333877287
S1-140600400	S2-866816492,S2-263041330,S2-527447402
S1-930233312	S2-935444259,S2-748070756,S2-980904625
S1-877296256	S2-326944790,S3-8471245
S1-941562865	S2-652811690,S2-381779421,S3-949546046,S3-883944438
S1-266544063	S2-133460267,S2-628958120,S2-986624207,S3-458138552
S1-498250167	S2-729796580,S2-200030965,S2-157602926,S2-606311522,S3-723359518,S3-956925574,S3-106524062
S1-997004125	
S1-654038920	S2-971408868,S2-35262231,S3-738467723,S3-482673477,S3-5621742,S3-793502293
S1-788734312	S2-757451850,S3-281613786
S1-449213930	S2-649435026,S3-545700405,S3-481794118,S3-316167056
S1-653213566	S2-155027038,S2-976932037,S3-729222071,S3-916705903
S1-913057731	S3-422099591
S1-907810840	S2-969202077,S2-939495417,S2-282885409,S2-213677366,S3-368657100,S3-81426099,S3-973390471
S1-697873818	S3-532882681
S1-800657767	S2-943934239,S2-781662233,S3-366622255,S3-929578500,S3-543969777,S3-931986291
S1-38082080	S2-818711277,S2-175854369,S3-106464915
S1-303179863	S2-130681730,S3-128497226
S1-21999003	S2-167376141,S3-174563442
S1-630213803	S2-471866356,S3-7747861,S3-612886910,S3-634568836
S1-809308505	S2-70877263,S2-180921938,S2-612255268,S2-768432694
S1-96592923	S2-114016596,S2-635220790,S3-58680413
S1-636119444	S2-510914444,S3-837497590,S3-510058015,S3-229279511
S1-487411959	
S1-357337914	S2-261441543,S3-39478458
S1-764234045	S2-379381424,S3-953682583
S1-601665899	S2-287816509,S2-932901656,S2-298773840,S2-111466932,S3-637878052,S3-329087345
S1-33869471	S2-973387005,S3-926267330,S3-904053169,S3-450913063
S1-431903166	S2-617293944,S2-570756418,S3-495678548,S3-849762532
S1-349526089	S3-748379148,S3-989930071
S1-826197758	S2-347564938,S3-107185104
S1-927267654	S2-209337849,S3-12867678
S1-112308458	S2-537740526,S2-361766161,S2-511329117,S2-808492411,S3-101887219,S3-912982146
S1-620955468	S2-485392931,S3-382297694,S3-382736650
S1-526485332	S2-230606353,S3-712605297,S3-23929867
S1-134370187	S2-938297699,S2-402662379,S3-636907439
S1-540848947	S2-661994330,S2-964030335,S3-746137018,S3-129294098
S1-32927252	S2-596397653,S3-536083860,S3-534801460
S1-246638277	S2-412641732,S3-295074036,S3-916949503,S3-46315974
S1-717909294	S2-275514699,S3-296422022
S1-899841766	S2-281904583,S2-604507323,S2-952287937,S3-741287570,S3-187783333,S3-45045059
S1-859319473	S2-854222119,S2-936164338,S3-619726456
S1-125687146	S2-320293896,S2-200462116,S3-958282983,S3-432172629,S3-649844502,S3-699430219,S3-976447994
S1-815411125	S2-119173280,S3-650405741
S1-904923867	S2-676690799,S2-282652034,S3-894098792,S3-180702558,S3-988025752
S1-447519365	S2-957806006,S3-515489286
S1-166423595	S2-897068526,S2-673646589,S2-393638505,S3-803072265
S1-166329389	S2-993648048,S3-915881220,S3-620149046,S3-808776362
S1-914887627	S2-144439239,S3-978122150,S3-245279781,S3-203950488,S3-50470952,S3-186027808
S1-340628171	S2-69104866,S3-208779725,S3-657207094
S1-767138355	S2-427952917,S2-533822367,S3-544194078
S1-245699717	S2-672697911,S2-41061862,S2-492705598,S3-629875531,S3-145458646
S1-386646475	S2-571965308,S2-674425953,S3-288195458,S3-717199106
S1-855289123	S2-971632485,S3-696896338,S3-922912178
S1-570400975	S2-16974563
S1-872387681	S2-838860653,S2-857815608,S2-269693633,S3-374236400,S3-735953865,S3-233122899
S1-569229689	S2-281389910,S3-668762517,S3-25969254,S3-225523150
S1-665075703	S2-913270919,S3-278213476
S1-586956467	S2-947953872,S2-29834311,S3-617857077,S3-757505675,S3-939495638,S3-916396829,S3-376601471
S1-773037667	S2-315867208,S3-702518116,S3-131851194
S1-533767137	S2-350973312,S3-359508490
S1-920436723	S2-806805363,S2-596191587,S2-82040810,S3-449087549
S1-490725588	S2-800792433,S2-695180837,S2-658157669,S3-568452335,S3-687481435,S3-706835965
S1-808636359	S2-414644502,S3-818314345,S3-58382068
S1-87961827	S2-198743740,S3-645110536,S3-79995897
S1-789759210	S2-962396946,S2-663458560,S3-573468067,S3-234621464
S1-90460202	
S1-910159796	
S1-812823372	S2-55874468,S2-186086055,S2-690224531,S3-340787802,S3-536889705,S3-387257712,S3-118046313
S1-767945510	S2-309842817,S2-532399173,S2-52097450,S3-913309806
S1-497864956	S2-623385677,S3-344383247,S3-22533648,S3-68275427
S1-217209152	S2-444243399,S2-367542873,S3-781158880,S3-331980060
S1-70461488	S2-665109385,S2-947679696,S3-240154789
S1-135621193	S2-513678484,S2-720863132,S2-653655357,S3-308548281
S1-759928343	S2-140530881,S2-59785624,S3-662179122,S3-640312725
S1-945707273	S2-38650944,S2-553334665,S3-294738398,S3-251035496,S3-821852027,S3-14484978,S3-735397982
S1-133224266	S2-970648696,S2-302588519,S3-153210058,S3-83082824
S1-815519296	S2-820137977,S2-580429103,S3-181975883
S1-730428166	S2-683573110,S3-300514980,S3-710611862
S1-950091772	S2-805055515,S2-326856568
S1-554408912	S3-950402212,S3-307309730
S1-908945602	S2-277818167,S3-422956231,S3-185550632,S3-336537327
S1-565310502	S2-421345514,S2-880782073,S2-309798260,S3-158286952,S3-494175352
S1-221079756	S2-521917409,S2-536995055,S3-922390432,S3-457304815,S3-393936822,S3-611563359
S1-183603578	S2-901301970,S2-301867879,S3-274258569,S3-785120219
S1-899650223	S2-584669918,S2-888740161,S2-7578411,S3-778750160
S1-678605455	S2-296987484,S2-871359300,S3-441951257,S3-117467139,S3-887920599
S1-601132167	S2-903814434,S2-653225509,S3-642322363,S3-453154695
S1-913420023	S2-754119090,S2-920428754,S2-414095109,S3-410871949,S3-616849225
S1-728209765	S2-59170453,S2-163070148,S3-877140483,S3-164605937,S3-844327313
S1-692385574	S2-404327808,S3-422279809,S3-583158247,S3-432257436
S1-657339664	S2-841248389,S3-70284611,S3-659778484
S1-912127840	S2-283630130,S2-922692808,S2-862903672,S3-688600184,S3-825323825
S1-440773087	S2-877575096,S3-975756508
S1-297380975	S2-52852038,S2-975723017,S3-384926633,S3-735381233
S1-474893789	S2-454707668,S2-202108224
S1-177441097	S2-20169549,S3-953611326
S1-216840230	S2-577959665,S3-947183470,S3-881236419,S3-219314274
S1-269927630	S2-359604527,S3-39737905,S3-761737723,S3-266621282,S3-746477445
S1-665957316	S2-231611785,S3-760141622,S3-44833912
S1-416448116	S3-189108743,S3-373197165,S3-594026568,S3-800693363,S3-812103625
S1-688159230	S2-549486080,S2-237584743,S2-962549426,S3-516038041,S3-771620131
S1-5603041	S2-714987348,S2-65081449,S2-452736519,S2-852342206,S3-877064148,S3-12250530
S1-957728623	S2-20492343,S2-67878194,S3-659592376
S1-728501133	S3-184294900,S3-10638121,S3-832109352
S1-706871402	S2-710081318,S2-354637291,S3-706598586,S3-339963821
S1-321419943	S2-443510707,S2-485423414,S3-589206539
S1-758665544	S2-207020396,S2-964912662,S3-508492923,S3-89279672
S1-897903318	S2-601841038,S2-984289151,S3-524852000
S1-971358378	S2-49079456,S3-762280349,S3-517526244,S3-386541850
S1-897114947	S2-623486745
S1-223777531	S2-873702725,S3-837292550,S3-969651622,S3-796748040
S1-597677293	S2-134716065,S2-868437431,S3-41652674
S1-942409187	S2-114412253,S2-218722385,S2-605201959,S3-531408691,S3-710066283
S1-504881467	S3-972932050
S1-452412573	S2-27185860,S3-939433736,S3-503686923
S1-281782003	S2-449378610,S2-977223500,S3-356518464
S1-942731197	S2-77064245,S2-302662598,S3-279611988,S3-650254090
S1-876540003	S2-965693147,S2-922149362,S3-911921665
S1-845546791	S2-741960199
S1-137252060	S2-931103059,S2-799568875,S3-284717173
S1-816490429	S2-497494238,S3-473747741
S1-781324018	S2-667191157,S2-945362153,S2-123025336,S3-648591253,S3-741388833
S1-925439166	S2-170517809,S3-214637161,S3-337965652
S1-722018025	S2-605834913,S3-888466611,S3-448292090
S1-60951741	S2-996130339,S3-87758686
S1-91303667	S2-574397147,S3-575585769
S1-90286632	S2-625882148
S1-383740360	S2-51353988,S3-556185124,S3-384790716,S3-352935363,S3-991970187,S3-155947953
S1-134552087	S2-586865298,S2-117041113,S3-397200573,S3-773373150
S1-563645879	
S1-614100151	
S1-792291004	S2-66679437,S2-950780682,S3-266212428,S3-864684876,S3-108999919
S1-595258747	S2-538535226,S3-387446046,S3-824596072,S3-952220462,S3-978214241
S1-782320784	S2-558160939,S2-389425796,S2-523475631,S2-403505720,S3-530019919,S3-348503943
S1-375464245	S3-836220787,S3-826049714
S1-790027274	S2-5771192,S3-536264724,S3-934365215,S3-197967831
S1-582613007	S2-322965997,S3-774981419
S1-880643397	S2-567672051,S2-108785866,S2-834352829,S3-34957973,S3-93777671,S3-251597334
S1-265413641	S2-431204037,S3-960412164,S3-612430024,S3-136002655
S1-558784443	S2-101317698,S2-83125388,S3-47688033,S3-931029041
S1-692983986	
S1-891697553	S2-72396943,S2-516565257,S3-562670976,S3-910169908
S1-258105939	S2-351312688,S2-16775350,S3-840310892
S1-622957148	S2-285490993,S3-834136289,S3-786450578
S1-717397629	S2-228896092,S3-482543480,S3-893694983
S1-145259625	S2-620419239,S3-924378615,S3-243430349,S3-989921891,S3-878303120
S1-538808124	S2-842661245,S2-690740250,S2-959493821,S3-423955336,S3-386996260
S1-769968859	S2-616006383,S3-221032157
S1-141941253	S2-6063085,S2-102406964,S2-234736362,S3-123274062,S3-65237004,S3-159484018
S1-428751350	S2-210729931,S2-77998972,S3-355075516,S3-73467861,S3-408647061
S1-494538745	S2-166193536,S2-397765784,S3-313187887
S1-986753230	
S1-704568959	S2-24065445,S2-8811913,S2-917016946,S3-217435873,S3-964402027,S3-392762078,S3-163490659
S1-866223929	S2-672659742,S2-804569943,S2-273600194,S3-384998647,S3-156971054,S3-257068163
S1-496065441	S2-786620996,S3-569831576,S3-40248844,S3-832178933
S1-784947579	S2-956782726,S2-365596063,S2-335164834,S3-701558078,S3-213941661,S3-548836950
S1-414944930	S3-265549608,S3-245915031,S3-495872481,S3-118757142
S1-387997909	S2-19065105,S3-611565511,S3-290432487
S1-424737074	S2-477815095,S2-332893330,S2-78288144,S2-604788841,S3-118499210
S1-201337664	S2-4951025,S3-44087406
S1-474985507	S2-986998468,S2-406395748,S2-574642869,S3-167537749
S1-433682896	S2-510893016,S2-384638128,S2-393970011,S2-409307241,S2-168498729,S3-763414007,S3-246372608,S3-694429306
S1-432777941	S2-206328821
S1-5295461	S2-820426270,S2-784640513,S2-649549065,S2-326822767,S3-366166705,S3-755406062
S1-585655121	S2-32729427,S3-477044718,S3-692623701
S1-484929991	S2-895336353,S2-410125114,S3-370405074,S3-468915757,S3-280819041,S3-12884538
S1-736635628	S2-368251827,S2-633045211,S3-44169698,S3-565513621
S1-235793269	S2-136504638,S3-340498468,S3-974360010,S3-276819155,S3-877704593
S1-345506917	S2-923454380,S2-470052444,S3-633982800,S3-764394757
S1-334820820	S2-187260143,S2-764055461,S2-574575372,S3-210818363,S3-888291552,S3-600880273
S1-315851491	S2-47064098,S2-584018428,S2-703380467,S3-905287940
S1-498218866	S2-217071321,S3-564791383
S1-61829415	
S1-539762538	S2-367348873,S2-297783049,S2-230214346,S3-911420992,S3-823394312,S3-156071169,S3-179724784
S1-296523023	S2-737680281,S2-534628163,S2-198259970,S3-505288414,S3-742290560
S1-755110822	S2-477326782,S2-311110186,S2-784398561
S1-646743715	S3-750959494
S1-823507871	S3-4238940
S1-260215069	S2-724561849,S2-454770529,S3-730459189,S3-91802082,S3-717198296,S3-888465689,S3-699646301
S1-961045042	S2-573489578,S2-18002053,S3-126829388,S3-728010352,S3-632712677,S3-842853439
S1-897495228	
S1-881702132	S2-327484558,S2-336063046,S3-379070450,S3-102716157,S3-233284131,S3-524444248
S1-950712151	S2-148332904,S3-48749729
S1-984476715	S2-375428561,S3-326476730,S3-752283801
S1-204715597	S2-229102200,S3-708105664,S3-172622823
S1-599612665	S2-717038954,S2-367585458,S3-794378660,S3-157482707,S3-632691193
S1-118304579	S2-483609245,S2-617914709
S1-516877492	
S1-927634906	S2-64915368,S2-17753117,S3-918234119,S3-801887172,S3-358419221
S1-279534597	S2-11843593,S2-909501954,S3-894106835
S1-300782212	S2-775087169,S2-13698549,S3-796521350,S3-288896885
S1-903379045	S2-297092754,S3-919713316,S3-355485402
S1-609106688	
S1-455390061	S2-611414797,S2-470667108,S3-828037992,S3-785447201,S3-604531614
S1-562717328	S2-242438933,S3-84379429
S1-279637722	S2-757761156,S2-843826495,S2-233627884,S2-743228187,S3-316571593,S3-45581880,S3-817298474
S1-943981127	S2-508556946,S3-966189665
S1-938708347	S2-659265739,S3-80654410,S3-840182079
S1-358359507	S2-30388750
S1-718618083	S2-952448192,S3-612773013,S3-326034544
S1-278523742	S2-210416257,S2-128469755,S3-810288401,S3-943228767
S1-934076354	S2-553006048,S2-42503510,S3-991187075
S1-689324166	S2-460854139,S2-833110212,S2-446013599,S2-148868514,S3-672199517,S3-166344450
S1-162464449	S2-167594633,S3-434125222
S1-774519782	
S1-584820969	
S1-876550742	S2-37231322,S3-269969406
S1-136050903	S2-733527803,S2-250860267,S3-409488992,S3-177766184
S1-355646715	S2-807869092,S2-904459028,S3-225598093
S1-647737596	S2-341106636,S3-340642867
S1-15061391	S2-534318399,S2-867231731,S3-941079486,S3-287594118,S3-414250563
S1-12309098	S2-453787309,S2-275996878,S2-804816552,S2-496116259,S3-376821146
S1-54541655	S2-534281121,S2-128579603,S3-678891439
S1-342612208	S2-723852858,S3-492502301,S3-213142973
S1-651276763	S2-939696371,S3-389992457,S3-251712731
S1-704726507	S2-259674721,S2-400041177,S2-17406950,S3-66906229,S3-725765981
S1-733316718	S2-16004047,S2-304804389,S2-399447379,S3-142954921,S3-318407323
S1-137389819	S2-300918320,S2-387839722,S3-774841390,S3-317148853
S1-35316102	S2-787034529,S3-285540959,S3-928331739
S1-207205752	S2-431860000,S3-666259573
S1-383993818	S2-531664693,S3-86931268,S3-315009573
S1-833827485	S2-777786370,S3-84787821,S3-198507244
S1-106786002	S3-260182442,S3-659223881
S1-143629604	S2-626499823,S2-726020020,S3-433702717,S3-523448992,S3-606210960,S3-973410744,S3-966884170
S1-911254186	S2-30886091,S3-858283504,S3-91759966
S1-703767121	S2-621779787,S3-475109578,S3-73916526,S3-11181705,S3-518874466
S1-315618381	S2-547262443,S2-306931127,S3-822190436,S3-697608673
S1-480229353	S2-590888484,S2-594326109,S3-287295049,S3-112977107,S3-952131610,S3-141793401,S3-43289411
S1-199424053	S2-423729854,S2-729353364,S3-405271592,S3-527428180,S3-55047317,S3-329759936,S3-650215014
S1-182877858	S2-523758666,S2-626955371,S3-409715974
S1-288666702	S2-907637660,S3-628358383,S3-177848237,S3-917130156,S3-519622989
S1-322278645	S2-843869139,S2-123295283,S3-554656762,S3-495891878,S3-359588675,S3-776968619,S3-133372091
S1-197025412	S2-666892279,S3-364898751,S3-656841989,S3-417223343
S1-842494421	S2-976617112,S3-781841774
S1-173444224	S2-204421197,S2-315743501,S2-897653507,S3-41117674,S3-631115593,S3-2714410,S3-985666466
S1-684553276	S2-840441966,S2-390443981,S2-849426005,S3-488480338,S3-411041408
S1-587221175	S2-860072088,S2-872780584,S2-368912531
S1-45766539	S2-982838825,S2-947481206,S2-753506985,S3-765572080,S3-667064683,S3-265970343
S1-743565110	S2-97624547,S2-843414885,S2-276161432,S3-136278282
S1-309928886	S2-882016569,S2-593096338,S3-929729763,S3-25415927
S1-567073072	S2-697714452,S2-920077971,S2-712944432,S2-85535052,S3-735052085,S3-785850283
S1-385054358	S3-724274486
S1-598570539	S2-786284926,S3-289095996,S3-759165760
S1-113290812	S2-417175142,S2-267892089,S2-79775360,S3-2810711,S3-289497545,S3-371964112,S3-977515038
S1-851071526	S2-404060364,S2-852359191,S3-524572658,S3-681910345
S1-302789684	S2-272999236,S2-649808180,S3-129177983
S1-445656247	S3-179430032,S3-401481081,S3-680963186
S1-951412330	S2-828224194,S2-923678096,S2-240503636,S3-991190051,S3-528943150,S3-897094000
S1-550182872	S2-150975970,S3-732416508
S1-459469949	S2-905319906,S2-306806941,S2-800078545,S3-442139410,S3-993590751
S1-167776569	S2-28567375,S3-480402155,S3-610675754,S3-505710447,S3-445697950,S3-758629250
S1-760850538	S2-676816330,S2-758906589,S2-82868449,S2-643522922,S3-908995312,S3-864638712,S3-807052069
S1-772907843	S3-916063399,S3-786746062
S1-629534409	S2-358884959,S2-655829095,S2-872612564,S3-924151513
S1-773460033	S2-114071018,S2-644362907,S3-216582663,S3-696806165,S3-558955596
S1-256107076	S3-551060973,S3-168496801
S1-739488516	S2-112685857,S2-229653914,S2-786241797,S3-714535426,S3-373428649,S3-545152693,S3-103804185
S1-55989676	S2-559920431,S2-187654002,S3-934991661,S3-814153687
S1-848176157	S2-766121177,S2-688662122,S2-682274848,S3-829744656,S3-793887983,S3-322918954
S1-840631083	S2-320901173
S1-769722635	S2-68958368,S2-117743517,S2-858659521,S3-36543618,S3-228674767,S3-294055515,S3-864046667
S1-859261995	S2-190670604,S2-382281514,S3-574380621
S1-905769449	S2-624690156,S2-300240751,S3-620826096,S3-904062850,S3-532955201
S1-88752690	S2-500673379,S2-518790401,S3-455165103
S1-691905185	S2-376112786,S2-875175107,S3-184036043,S3-379167066,S3-412200993,S3-544442854
S1-141771983	S2-3515132,S2-362068654,S3-29506416
S1-147889099	S2-681926204,S3-851405395
S1-954690995	S2-41718113,S3-215338838,S3-231701540
S1-905466466	S3-471749124,S3-684990258,S3-473625068
S1-942375964	S2-582932406,S2-121661765,S3-962216303
S1-12066379	S2-713507540,S2-320081180,S2-526370516,S3-894620187,S3-506979130
S1-888306619	S2-418730533,S3-630457504
S1-500042788	S3-787076934
S1-644995328	S2-751587342,S2-301678342,S3-76109831
S1-953170086	S2-692855171,S2-844302389
S1-36002367	S2-946017211,S2-241340700,S2-114979032,S2-272219346,S2-552729067,S3-142748779
S1-303483661	S2-81247587,S2-660851001,S3-414692533,S3-414076899
S1-749145371	S2-32270037,S3-258943265,S3-60067860,S3-59961499,S3-113588745
S1-550072846	
S1-265986133	S2-471187174,S2-306421751,S3-850189745,S3-262201920
S1-668382007	S2-262923349,S2-740691421,S3-288104846,S3-127615015,S3-59217025
S1-978069776	S2-475419440,S2-659211668,S3-715082203,S3-897056037,S3-564749224,S3-789972302
S1-167691210	
S1-796797006	S2-479589668,S2-102644244,S2-179387049,S3-627041804,S3-540673355,S3-163877680,S3-862001321
S1-595993633	S2-128936775,S3-199806053,S3-262165348
S1-856138680	S2-481639342,S2-429878196,S3-990741863,S3-257537089,S3-533134580
S1-876182108	S3-30294751
S1-327141190	
S1-378720156	S2-785757512,S2-767796850,S2-407255828,S3-172574009,S3-867604660,S3-668396654
S1-726451355	S2-581983637,S3-371412161
S1-176316468	S2-943682294,S3-699793662,S3-20190011,S3-361192138
S1-625701810	S2-306916397,S3-94291811,S3-588575740
S1-770249099	S2-821660673,S3-736483463
S1-942704353	
S1-663940241	S2-467085290,S3-640063633
S1-574188882	S2-549128560,S3-535094138,S3-407993141
S1-883085658	S2-420296579,S2-446649046
S1-424774284	S2-4973835,S2-237416502,S3-420615529,S3-386253153,S3-642791629,S3-459038484
S1-251386342	S2-646784560,S3-786139738
S1-65021651	S2-115296517,S3-936278687
S1-255257169	S2-653470080,S3-937881672,S3-858053828
S1-232493107	S3-563784030,S3-371361251,S3-228777194
S1-422518267	S2-523682975,S3-91979419,S3-463527045,S3-932098317
S1-308782883	S2-986487414,S3-103528225,S3-150873391,S3-871531513
S1-272847149	S2-553379579,S3-45195288,S3-892888056,S3-404974092
S1-633978398	S2-602694405,S3-808980888,S3-240526522,S3-736713366
S1-237528893	S2-987969411,S2-540653029,S3-710143372,S3-915788761,S3-241337912,S3-556521592
S1-885485250	S2-144030669,S3-604415917
S1-895192284	S2-319117619,S3-769361076
S1-221500207	
S1-241692676	S2-353485238,S3-132906182,S3-207661406,S3-115985951,S3-545039943,S3-882389823
S1-936157856	S2-302609562
S1-450086555	S2-360722024,S2-859958537,S2-639852098,S3-375541148
S1-307099704	S2-375274957,S2-851351603,S3-487459907
S1-530526337	S2-748526944,S3-40131318,S3-441236050,S3-553576705,S3-988949920,S3-258566822
S1-331109597	S2-348611003,S2-523101352,S3-643046484,S3-905136946
S1-855840309	S2-320295079,S3-435306562,S3-447673856
S1-479288769	S2-444447732,S2-337227639,S2-34123906,S2-875252284,S3-444055834,S3-292008319
S1-324486647	S2-103736484,S3-430684574,S3-114899684
S1-38073003	S2-390390952,S3-705817263
S1-101352059	S2-418604050,S2-619887817,S3-228555521,S3-924426571,S3-21925395
S1-407689539	S2-631259327,S2-124117872,S3-458216641,S3-485022577
S1-777065916	S2-846873569,S2-766332772,S3-374088941
S1-160687829	S2-993930316,S2-532713586,S3-196092140,S3-876445834,S3-159242430
S1-869490222	S2-235140647,S3-840795317
S1-688258410	S2-366236338,S2-829905371,S3-481400240
S1-531727382	S2-979737109,S2-837706048,S2-712603265,S2-517879192,S3-796856032,S3-48233537
S1-528540834	S2-893747365,S2-763584404,S2-939056753,S3-874871678
S1-290992731	S2-755711372,S2-779704810
S1-410588754	S2-343734979,S3-585849539,S3-968256261
S1-511201550	S2-987863134,S3-297631540,S3-856690745
S1-624061781	S3-55941776
S1-388364080	S2-281306972,S3-455984551,S3-905406843,S3-983680235,S3-709003248
S1-785251106	S2-319002673,S2-555732231,S2-837032328,S3-947278583
S1-138949136	S2-874225180,S2-883122621,S2-248693385,S3-333171459
S1-951647852	S2-369149002,S2-459617179,S3-860818120
S1-103076340	S2-120814380,S3-147646397,S3-613242405
S1-342284736	
S1-939928083	S2-410315523,S2-684375872,S2-442075452,S3-729539162,S3-808187491,S3-859215246
S1-897382511	S2-872438836,S2-516325580,S2-738918100,S2-460400190,S3-413782369,S3-464629100
S1-392009011	S2-913964875,S2-574731157,S3-836619159,S3-232553701,S3-573306228,S3-829652053
S1-669769290	S2-424435809,S3-804570414,S3-793433200,S3-231090728,S3-853274299
S1-182724633	S2-796432920,S2-356641841,S2-532948034,S3-596123480,S3-918812395
S1-635244275	S2-877476325,S2-483563067,S3-430581644,S3-189515052
S1-565043932	S2-821411433,S3-598346589,S3-257030906
S1-120462872	S2-533597665,S3-907973018,S3-636247259
S1-159212979	S2-593196534,S2-840451578,S3-334249128,S3-614636864
S1-426267364	S2-380593256,S3-338454829,S3-360060474,S3-25696406
S1-593017751	S2-5604414,S2-758220477,S2-860116011,S3-898380804,S3-19048639,S3-259390809
S1-762909028	S2-653449954,S2-831973467,S2-327146321,S3-853348709,S3-800270543,S3-743905977
S1-84359213	S2-483722993,S2-227054806,S2-46085334,S3-922524493
S1-244875564	S2-232870952,S2-772519164,S3-322692909,S3-355681854,S3-495944977
S1-861032717	S3-15869263,S3-549678242
S1-660211810	S2-43320853,S3-550703914,S3-576914025
S1-437883821	S2-110055257,S2-675195730,S3-538995310
S1-69689471	S2-561666873,S3-546334783
S1-461358819	S2-326739763,S2-59629065,S3-636262584,S3-529366111,S3-253796874
S1-137848547	S2-389885181,S3-687137463
S1-321299992	S2-627809004,S2-961121629,S2-272332695,S3-165669537,S3-600006668
S1-825009734	S2-200459703,S3-231926475
S1-765817446	S2-836256015,S3-308322048,S3-108824120
S1-115182842	S2-464452285,S2-440934584,S3-176968062
S1-169343524	S3-815740726,S3-890209178,S3-950448699
S1-497753770	S2-138125972,S2-50115855,S2-812888918,S3-66140603,S3-798501941,S3-245370943
S1-405942277	S2-488626260,S2-3463906,S3-179111119
S1-47245988	S2-132154342,S3-166907161,S3-29817339
S1-344306955	S2-417182048,S2-118582720
S1-998633222	S2-10377882,S3-564769879
S1-200970642	S2-630646377,S2-282606392,S3-246353782,S3-302543513
S1-962080760	S2-814452593,S2-926531107,S3-3227413
S1-705845296	S2-808435989,S3-71655164
S1-367177891	S2-616383381,S2-247548739,S3-827216439,S3-415751489
S1-292388864	
S1-157963229	S2-541395709,S2-932840572,S3-32006999
S1-771028448	S2-540240777,S3-168021544
S1-242553532	S2-958652499,S2-964764725,S3-321196847
S1-494734968	S2-56828630,S2-489485187,S2-477040693
S1-185341517	S2-100529377,S3-581597437,S3-288373813,S3-207885645,S3-487047312,S3-673446404
S1-307013074	S2-534418356,S3-314352714,S3-947496562,S3-803061605
S1-901518517	S2-545029550,S2-302834761,S2-342748826,S3-541224229
S1-908758233	S2-902347171,S3-582555375,S3-517274368
S1-485677069	S2-107221211,S2-863904537,S3-24277781
S1-69291028	S2-679991737,S2-857257221,S3-316160823,S3-624373432,S3-721391183,S3-128866211
S1-22174908	S2-265821302,S2-779930101,S2-855262101,S3-770834779,S3-890819864,S3-934244951,S3-952360054
S1-336396762	S2-711139117,S3-740315708
S1-979442215	S3-223894503,S3-100921715,S3-110583624
S1-96232842	S2-868840047,S2-921905106,S2-950743380,S2-448789869,S3-240197198,S3-869755429
S1-720156356	
S1-615099116	
S1-914412701	S2-436436500,S2-61190606,S2-589533573,S2-123581757,S3-55164072,S3-511346076
S1-885262609	S3-727325714
S1-127940110	S2-882170407,S2-480059264,S3-443863298,S3-337414993,S3-391548869,S3-130251706
S1-377518497	S2-968049176,S3-949341366
S1-728034475	S2-681873209,S2-468445979,S2-880021580,S3-700949673
S1-277255445	S2-499022746,S3-425949096,S3-191694201
S1-152544990	S2-881155937
S1-983946909	S2-812623421
S1-608118219	S2-411715258,S3-932998026,S3-783893023
S1-259255930	S2-503748085,S2-848655909,S2-123600553,S3-838606316,S3-165168999,S3-496113285,S3-828283147
S1-153500031	S2-370765639,S3-973065130
S1-246960331	S2-18190093,S3-808690195,S3-151541545,S3-70394754,S3-92337190
S1-803032500	S2-437568298,S2-54121187,S3-143665321
S1-839762335	S2-467010709,S2-697180351,S3-939151616
S1-356847602	S2-573840403,S2-965624719,S3-825103653
S1-400221022	
S1-523961377	S2-457084457,S2-118780608
S1-948190006	S2-264466991,S2-479989070,S2-927517619,S2-337090143,S2-907855984,S3-88444450
S1-66196333	S2-629835222,S2-184936697,S3-447084421
S1-779003818	S2-397658060,S2-211523043,S2-651221144
S1-984507050	S2-329828284,S2-896427693,S2-250256780,S3-22582522,S3-692783299,S3-671606501,S3-535971945
S1-329253583	S3-233525186,S3-170628236,S3-764704621,S3-329755813,S3-85132065
S1-907689588	S2-660145651,S2-639997397,S2-119731835
S1-196451018	S2-729819582,S2-679489604,S3-351629543,S3-978495014,S3-934503518
S1-968115178	S2-331259618,S2-829035052,S3-631409134
S1-5547940	S2-949002390,S2-5971176,S3-732518279
S1-452061250	S3-144818959
S1-777644830	S2-921547775,S2-295915768,S2-588902864,S3-470523748
S1-612685455	S2-326518048,S2-990647384,S2-866668041,S3-792760517
S1-7134901	S2-624428997,S3-876196075,S3-44708291,S3-970268271
S1-519272985	S2-430878992,S3-702266248,S3-368781642
S1-923492674	S2-68745769,S2-346425263,S3-408429357
S1-614258941	S2-400177695,S2-465418003,S3-908439192
S1-242951025	S2-119629475,S2-322307164,S3-62845183,S3-366180818
S1-802247394	S2-123506050,S2-331090041,S3-334172911,S3-630659673
S1-443027563	S2-646317516,S2-297661737,S3-382508231,S3-166002018
S1-754317576	S3-264754839,S3-794894326
S1-115205290	S2-602559833,S2-963259344,S2-8773579,S3-850417142,S3-815223301,S3-541914819,S3-199895008,S3-730228728
S1-151112571	S2-671249614,S2-88068823,S3-272928365
S1-372303053	S2-661718861,S3-82366518
S1-284730091	S2-549718824,S2-327716992,S3-430232240
S1-844719712	S2-872554122,S3-516593254
S1-551684185	S2-170627104,S2-500620492,S3-512260544,S3-781770569
S1-627601397	S3-642208437
S1-461212050	S2-270401942,S2-460118448,S3-341174779
S1-363891914	S2-788492160,S2-769794401,S2-483123802,S3-729087503,S3-547959497
S1-478358467	S2-860666814,S3-335546250
S1-881424956	S2-648385622,S2-804792082,S3-186672034
S1-381646932	S2-245781074,S3-299008472
S1-921157108	S2-265908376,S2-732042362,S2-44001241,S3-92054568,S3-108458225
S1-546695531	S2-771746663,S2-788354095,S3-838708572
S1-983205165	S2-324757265,S3-35155708
S1-120864979	S2-712058268,S2-347897338,S3-704199951,S3-651386
S1-36713743	S2-383715704,S2-816411639,S3-88890013
S1-571375750	S2-541183741,S3-319617359,S3-992012849,S3-325662009
S1-529387997	S2-790038143,S3-260816969
S1-856390551	S2-514920890
S1-313894714	
S1-371260111	S3-740363922
S1-783255946	S2-907329795,S2-475489667,S2-27579198,S3-526834430,S3-218989093
S1-463587803	S2-593167967,S3-186766166
S1-163239249	S2-681805440,S3-487706279,S3-150160007,S3-208442699
S1-733655541	
S1-230376371	S2-468408750,S2-622864695,S3-310415103,S3-36704068,S3-935763113
S1-225893224	S3-550370878,S3-4302754
S1-168546474	
S1-671439641	
S1-565859467	S3-360448682,S3-504915344,S3-234239402
S1-464983747	S2-995835117,S2-769167036,S2-338074040,S3-581379754
S1-671772786	S2-842195063,S2-43780607,S3-899654218,S3-872985235
S1-141024010	S2-372655033,S2-161517791,S3-230116201,S3-265026534,S3-359316973
S1-538382462	S2-810494019,S3-89803804,S3-269588607,S3-732326827
S1-483125372	S2-280842081,S2-872800380,S3-718009522
S1-890829541	S3-61180441,S3-158938087,S3-734537723
S1-139191417	S2-525577050,S2-547411296
S1-763178627	S2-299094849,S2-705463212,S2-980890728,S3-613822701,S3-317473635,S3-872340088
S1-784019541	S2-149520139,S3-245930573,S3-378503950,S3-137553894
S1-110297858	S2-337413844,S3-850178712,S3-487895873,S3-182371301
S1-92662579	S2-154543767,S2-33387024,S3-88691288,S3-208991400,S3-453949146
S1-951137132	S2-823708680,S2-766832695,S3-438535310,S3-835429510,S3-693864079
S1-147353082	S2-635583647,S2-132894095,S3-696530561,S3-813587576
S1-901222364	S2-666906790,S3-48485567
S1-835657772	S2-997863662
S1-190340180	S2-202289447,S2-40984985,S2-142441302,S3-851326248
S1-350946067	S2-495085318,S2-554869459,S2-120708137
S1-285255158	S2-614921805,S2-595382897,S2-274307950,S3-892663884,S3-538806823
S1-206114848	
S1-146502675	S3-464012860,S3-712998937
S1-548174730	S3-690654500,S3-834212636
S1-305709023	S2-961735337,S3-162366300,S3-471571973,S3-967118669
S1-217016822	S2-388385458,S2-886948714,S2-696624011,S2-730092150
S1-565307982	S2-396134451,S3-212566997
S1-295298897	S2-94333181,S3-461891290,S3-583066213
S1-522029771	S2-758823930,S2-477393755,S2-72800139,S3-39737877
S1-846902018	S2-757658368,S3-882278727,S3-794080148,S3-828906168
S1-32558883	S2-980316804,S3-576876434
S1-820083605	S2-822227992,S2-263578768,S2-685927302,S3-690394975
S1-402105714	S2-417274837,S3-478978210,S3-634290508,S3-287914170
S1-404079969	S2-672526973,S3-209918859
S1-438774184	S2-966166677,S2-598177945,S2-632280462,S3-550750583
S1-64834	S2-820626521,S3-544625682,S3-601485717,S3-839140021,S3-852200096
S1-579713403	S2-256163468,S2-886137495,S3-336920832,S3-394045682
S1-120216304	S3-328889197,S3-762119795,S3-237519192,S3-419320782
S1-576230945	S3-740181573,S3-785623492
S1-710081136	S2-428248221,S2-808169713,S3-577239155,S3-448617077
S1-846115345	S2-998321303,S2-334927034,S3-712489935,S3-109384287,S3-190784086
S1-979232639	S2-192227062,S3-419785626,S3-478676800
S1-117189625	S2-716171226,S2-971836366,S2-309905398,S3-441413733,S3-252979260
S1-416624771	S2-118461121,S2-640030921,S2-311109691,S2-589956035,S3-211702607,S3-441102455
S1-699953312	S2-271533070,S3-295740768,S3-583037060
S1-91134377	S2-587732158,S3-948697643,S3-565979654,S3-839165218
S1-906347480	S2-345245122,S3-982561638,S3-542511418
S1-610905075	
S1-105397585	S2-461513115,S3-297617221,S3-211744715,S3-760576373
S1-987804994	S2-84686241,S2-758660417,S3-455510813,S3-377713129,S3-389794534
S1-506566257	S2-12367941
S1-158662956	S2-647221583,S2-14290577,S3-958405901,S3-70661220,S3-530171816
S1-358797130	S2-679070237,S2-464216112,S3-955494185,S3-530239431,S3-668811306,S3-748456094
S1-456253258	S2-198385955,S3-547736790
S1-873388573	S2-408184391,S2-879325097,S3-536514546
S1-520168849	S2-197432155,S3-211303300
S1-898413991	S2-211293160,S2-222100370,S3-772193576
S1-250157667	S2-889744472,S2-914734397,S3-13085487,S3-176811170,S3-875453325
S1-544170333	S2-926817850,S3-660505848,S3-674196223,S3-117068096,S3-98354274
S1-453766911	S2-549387268,S2-559036681,S3-767163724
S1-307432736	S2-957097337,S3-859811906,S3-24516190
S1-545910471	S2-635594234,S3-227743595,S3-20397833
S1-404358466	S2-56197932,S3-945355642
S1-935188744	S2-911373640,S2-88842633,S2-822359390,S2-991958859,S3-63803820
S1-896781473	S2-315635364,S2-463745444,S2-12820797,S3-628294008,S3-26970885,S3-431128398
S1-592624645	S2-102275356
S1-465823544	S2-336564744,S2-436569241,S2-444535079,S3-897157406
S1-315428768	S2-98499459,S2-931930117,S2-518398079,S3-619687724
S1-415506837	S2-388083391,S3-676690415,S3-35716831
S1-845509844	S2-89839460
S1-643557877	S2-760889113,S3-682617971,S3-48817380
S1-222348540	S2-381118179,S2-338614517
S1-806800997	S2-987317944,S2-116108861,S3-226873059
S1-987058045	S2-809525464,S3-688884624,S3-789755172,S3-297829519
S1-781880414	
S1-891131519	S2-399390968,S2-6383904,S3-134911430
S1-447587874	S2-218954905,S2-614641365,S3-212297108
S1-77028595	S2-316403767,S2-809637396,S3-953770902
S1-268843163	S2-614668638,S2-726085391,S3-791766115,S3-202883929
S1-717917055	S2-152334263,S2-482419618,S3-393616546,S3-253768507,S3-832003248,S3-319773426
S1-718006993	S2-782244770,S2-761549733,S3-867434086
S1-179094227	S2-182044482,S2-259974873,S2-371444602,S2-61488220,S2-710383069,S3-223237814,S3-38886575,S3-813713415
S1-274334419	S2-154940208,S3-752149854
S1-556931972	S2-162012421,S3-33279901
S1-307010547	S2-547877011,S2-402586461,S3-514356568,S3-855164281
S1-369312486	S2-309191600,S2-99166653,S3-905642433,S3-269177584
S1-837704863	S3-386638522,S3-340412608
S1-453178370	S2-823428981,S3-234168722
S1-73913318	S2-864417672,S2-41327198,S2-873972303,S3-496474795,S3-788551571
S1-900831254	S3-406340823,S3-410710723,S3-995009055
S1-163556256	S2-839642042,S3-90637502,S3-495190949,S3-261433142,S3-844382543
S1-660841326	S2-286493469,S3-239603461
S1-693986340	S2-67023339,S2-392454021,S2-717930126,S3-223357687,S3-235719824,S3-995224000,S3-932020515
S1-461413258	S2-510395971,S3-100257676
S1-494517670	S2-707863826,S3-300093652
S1-184255511	S2-377207508,S3-753193860,S3-770276473
S1-55807821	S2-85332989,S2-812038734
S1-706930694	S2-936082130,S2-372689362,S3-156847513,S3-653313277,S3-692084758,S3-461361668
S1-669018608	S2-640765606,S2-348978993,S3-910073594,S3-712704736
S1-384316495	S2-656997024,S3-250023713
S1-896220613	S2-258243420,S3-645710067
S1-721365498	S2-903437754,S2-783147100,S2-126202533,S2-934403263
S1-434378322	S2-931389423,S2-975592703,S2-602914091,S3-8839817,S3-300266843,S3-653381985
S1-92942604	S2-158392564,S2-915795612,S3-915345355,S3-599348858
S1-988097644	S2-783734902,S2-252070123,S3-517337880,S3-650749694
S1-286493651	
S1-331980075	S2-444642204,S2-593649617,S2-396321116,S3-701574510,S3-949785465,S3-11731436
S1-543392285	
S1-799415899	S2-842510340,S2-870368344,S2-357191228,S3-792597270,S3-701059873
S1-356833714	S2-103339453,S2-621113695,S2-954399186,S3-788956372
S1-884740207	S2-589233241,S3-785540218
S1-622666081	S2-228845150,S3-748307660,S3-736771587
S1-937800027	S2-48989887,S3-251492095,S3-835355036
S1-777501835	S2-46068596,S3-307614721
S1-995996643	S2-326559345
S1-98989002	S2-48203499,S3-782402486,S3-446358527,S3-38230283
S1-783781980	S2-298112696
S1-172261288	S2-260844786,S2-232069143,S2-568980858,S2-788604626,S3-248674477
S1-341108128	S2-432896593,S3-542250969,S3-543517404
S1-5297540	S2-549880510,S3-414492627,S3-157596892
S1-300484538	S2-755388476,S2-809184972,S2-380253303,S3-798942440,S3-543032099,S3-173160647
S1-170993723	S2-733024927,S2-692255336,S2-963271355,S2-14364000,S3-832878786,S3-757426809
S1-78530283	S2-514991136,S3-105374353,S3-893669512
S1-548116192	
S1-921795519	S2-242903627,S3-311331587,S3-538365546
S1-465844393	S2-955138728,S2-531462891,S3-707166595,S3-539707241
S1-573137025	S2-98496858,S2-392223811,S3-393953881,S3-43489942,S3-139173684
S1-422259259	S2-412379296,S2-550511412,S2-360189561,S3-4309526
S1-220791793	S2-81489464,S3-126366101
S1-729284220	S2-133271104,S3-268168375,S3-382185873
S1-183057091	S2-875973818,S2-995577413
S1-664633620	
S1-141303445	S2-773478876,S3-430286372,S3-640249616
S1-244643323	S2-104793636,S2-293378483,S2-688909187,S3-585776368,S3-67426086,S3-421311396
S1-131746315	S2-336652483,S2-210672418,S3-216740341,S3-581204361,S3-309042895
S1-412668983	S2-910432453,S3-593816510,S3-563308068
S1-882532074	S2-844301441,S2-841036185,S2-153492838,S2-348348054,S3-680343193
S1-807715507	S2-887721642,S3-746307974,S3-687248593,S3-618920271
S1-66721445	S2-762956648,S2-95339371,S3-139061677,S3-151756048
S1-563130072	S2-155075088,S3-813025840,S3-399565109
S1-998925197	S3-398139737
S1-313625615	
S1-96408151	S2-532699478,S3-6491056
S1-139648025	S2-37503336,S3-745539136
S1-414990330	S2-989948517,S2-866619534,S2-560582087,S3-618799117,S3-442813600,S3-515758435
S1-122275934	S2-915208355,S2-726831325,S2-304450780,S3-8663672,S3-509113222,S3-679641850
S1-617583032	S2-681026062,S2-510881175,S2-320457768,S3-282491907,S3-367712632
S1-579728529	S2-621107908,S3-522396905,S3-783115461
S1-520689368	S2-69484134,S2-581605505,S3-649911033
S1-487643378	S2-291523938,S2-153793983,S3-136377767
S1-923836709	S2-48113294,S2-909024870,S3-800595517
S1-562968980	
S1-855035648	S2-591361,S3-553845044
S1-786130365	S2-951927496,S2-270342611,S2-454479276,S2-357191401,S2-150730249,S3-704786987,S3-289355501
S1-870832985	S2-639920736,S2-788771132,S2-543550909,S2-411519966,S3-45458505,S3-475312903,S3-252308146
S1-547730565	S2-7812946,S2-728539702,S3-527889773
S1-991945738	S2-376807136,S2-744431584,S3-530041253,S3-87520633
S1-299280622	S2-549341028,S2-225656731,S2-329401703,S3-558313087,S3-432410383,S3-140195994
S1-554954784	S2-345109926,S3-695472053,S3-14895289,S3-470020144
S1-837698046	S2-125730783,S2-674321727,S2-768887126,S2-592800556,S3-211696101,S3-189979293
S1-616790832	S2-624762214,S3-467906646,S3-347275605
S1-255643554	S2-505985290,S3-336927608,S3-481245344
S1-685115910	S2-362913085,S2-453217574,S2-55787162,S2-1097274,S3-524284427
S1-233264418	S2-202247819,S3-889536053,S3-812000046
S1-635498924	S2-380394346,S2-426600135,S2-299790237,S3-312005286
S1-327108924	S2-993995941,S3-34626556
S1-998996872	S3-377809472,S3-194959047,S3-616448772
S1-952801744	S2-841567476
S1-434184278	S2-987008951,S2-714211827,S2-133208860,S2-546920514,S3-296191419
S1-129024118	S2-380676896,S2-473028795,S3-419268073
S1-27188964	S2-22164316,S3-479633092,S3-482451136,S3-339853582,S3-566465523
S1-161840339	
S1-4097981	S2-396969628,S2-352687827,S2-6307462,S3-909448239
S1-614289236	S2-747931504,S2-675839135,S3-367699005,S3-18625595,S3-775386311
S1-798239792	S2-744984662,S3-86491835,S3-229803907,S3-120681410,S3-469489076
S1-527499514	S2-563976372,S3-72514793
S1-81247490	S2-320419946,S3-627137079,S3-820967923
S1-739083536	S3-469056629,S3-864440403,S3-26351029
S1-819139027	S2-37508026,S2-995995173,S2-751986532,S2-539457674,S3-263850974,S3-590022361,S3-534898831
S1-152401330	S2-19542879,S3-942360485
S1-914077101	S2-362423286
S1-375514866	S2-668742649,S2-472274236,S2-215350570,S3-49445441,S3-821017992,S3-129670266,S3-131856995
S1-859440847	S2-325695668,S3-371794557
S1-372916651	S2-944324248,S2-296401825,S3-941957432,S3-900619726
S1-243964430	S2-352204337
S1-580970774	S2-996500653,S3-773729522,S3-901760866,S3-206377846
S1-511120022	S2-931695512,S2-527791698,S2-843604420,S3-405626387,S3-903990403,S3-219444701
S1-198974746	S2-600394525,S3-551087044
S1-788183827	S2-489650235,S2-5872170,S2-897549375,S3-595773664
S1-575231919	S2-310430279,S2-901307968,S3-425872
S1-538171615	S3-728519698,S3-822711562
S1-432079398	S2-594555493,S2-477415937,S3-554491349
S1-382105762	S2-148038646
S1-144954005	S2-695055236,S3-614820148,S3-101844953
S1-856254311	S2-657870119,S2-434856596
S1-765688494	S2-111080213,S3-918827740
S1-429293866	S2-948224847,S3-279215405,S3-191986471,S3-461181935
S1-615903919	S2-547427973,S3-972283804,S3-150523864
S1-258835301	S2-702963999,S2-78475866,S3-899858529,S3-153396701,S3-452606137,S3-42648015
S1-60356357	S2-809642840,S2-94706953,S2-375959472,S3-903506948,S3-451353754,S3-713525736
S1-920119138	S2-285755639,S2-218326446,S3-933740186,S3-697688329,S3-545121530
S1-796469414	S2-352411064,S3-737893034,S3-375077656
S1-644972484	S2-462066888,S2-192012788
S1-296992009	S2-952814128,S2-611570114,S3-197554113,S3-706832519
S1-456183719	S2-48071965,S2-458789872,S3-571517030,S3-568176942,S3-519727306,S3-105509027
S1-386471049	S2-134916976,S2-440563155,S3-931165139,S3-556952663,S3-725442509
